x,y,z,r_hat_vox,theta_deg,winding_ordinal,dk_to_nearest_measured,ct_brightness
1677.3,1716.0,1552,85.4,0.0,2,1,167
1735.4,1912.6,2384,44.1,0.0,2,1,158
2105.6,2169.2,6800,169.6,0.0,2,1,216
1717.5,1870.2,9936,64.1,0.0,2,1,247
1991.4,2026.5,3792,67.4,6.0,2,1,136
1987.4,2057.0,4176,59.6,6.0,2,1,124
1942.3,2062.2,4560,65.7,6.0,2,1,121
2029.8,2121.0,5648,46.7,6.0,2,1,180
1806.1,1888.8,8848,72.5,6.0,2,1,156
1884.8,1822.1,9040,79.2,6.0,2,1,146
1787.5,1903.7,9680,96.2,6.0,2,1,155
1726.7,1835.0,10192,49.9,6.0,2,1,192
1814.4,1660.5,10768,90.8,6.0,2,1,169
1898.1,2049.3,3408,33.4,12.0,2,1,138
1984.5,2048.3,4112,39.4,12.0,2,1,147
2008.8,2162.1,7056,64.8,12.0,2,2,162
1828.6,1917.2,9360,51.1,12.0,2,1,104
1726.8,1750.8,10576,61.9,12.0,2,1,167
1977.6,2042.7,3600,47.6,18.0,2,1,126
2000.3,2071.5,4432,89.0,18.0,2,1,133
2031.3,2179.8,6928,104.8,18.0,2,1,171
1832.5,1878.1,8656,52.2,18.0,2,1,175
1760.4,1796.2,10384,82.6,18.0,2,1,128
1686.1,1756.8,10704,41.2,18.0,2,1,148
1992.8,2061.0,4112,51.3,24.0,2,1,131
2005.1,2193.7,6864,51.0,24.0,2,1,146
1916.5,1999.3,7888,29.7,24.0,2,1,139
1944.4,1905.8,8272,56.8,24.0,2,1,171
1815.3,1867.8,8976,73.9,24.0,2,1,176
1713.1,1905.5,9872,64.3,24.0,2,1,191
1608.7,1838.5,1232,34.2,30.0,2,2,128
1909.3,2067.7,3408,50.7,30.0,2,1,101
1987.0,2059.5,3600,63.1,30.0,2,1,130
1991.2,2157.8,5904,54.9,30.0,2,1,161
1995.6,2199.6,6736,51.1,30.0,2,2,152
1871.2,1887.1,8400,31.3,30.0,2,1,158
1777.1,1906.0,8848,49.7,30.0,2,1,149
1706.8,1909.6,9872,60.6,30.0,2,1,150
1866.9,2051.5,3216,43.8,36.0,2,1,111
1883.3,2062.6,3280,46.5,36.0,2,1,138
2029.7,2108.5,5200,57.5,36.0,2,1,141
1770.2,1892.5,8784,47.7,36.0,2,1,166
1793.2,1870.7,8976,56.1,36.0,2,1,130
1714.1,1782.5,10640,60.8,36.0,2,1,182
1879.8,2026.1,2832,59.3,42.0,2,1,157
1909.0,2047.0,2960,67.5,42.0,2,1,170
1977.2,2072.3,3664,51.0,42.0,2,1,139
2009.3,2072.1,7568,38.0,42.0,2,1,162
1684.9,1906.9,9872,41.1,42.0,2,1,172
1703.8,1781.7,10640,52.4,42.0,2,1,156
1676.5,1770.8,10704,39.9,42.0,2,1,160
1976.5,2079.5,3664,55.6,48.0,2,1,115
2002.5,2102.1,4880,80.2,48.0,2,1,119
2015.0,2107.3,5072,67.6,48.0,2,1,163
2011.8,2104.2,7504,61.3,48.0,2,2,201
2006.4,2074.9,7568,37.9,48.0,2,1,135
1641.7,1882.0,10064,53.7,48.0,2,1,215
1708.6,1795.2,10640,65.2,48.0,2,1,189
2403.6,966.4,11152,35.5,48.0,2,1,180
2022.4,2152.6,3664,141.4,54.0,2,1,131
1667.6,1890.7,10128,74.2,54.0,2,1,200
1706.1,1869.8,10192,49.5,54.0,2,1,160
2401.1,969.3,11152,36.3,54.0,2,1,132
1941.9,2064.8,4816,29.4,60.0,2,1,146
1680.9,1925.4,9872,53.2,60.0,2,1,164
1672.6,1903.4,9936,38.4,60.0,2,1,173
2033.6,1175.1,11024,57.5,60.0,2,1,158
1652.9,1957.1,2320,74.0,66.0,2,1,150
1970.6,2095.4,4112,60.5,66.0,2,1,188
1669.9,1907.3,9936,40.6,66.0,2,1,198
1842.9,2026.4,2768,39.3,72.0,2,1,152
1867.2,2073.4,2896,72.6,72.0,2,1,130
1877.6,2079.9,3408,39.5,72.0,2,1,137
1962.7,2094.0,3984,64.5,72.0,2,1,120
1964.6,2097.5,4112,60.3,72.0,2,1,145
1968.8,2104.0,4880,64.7,72.0,2,2,135
1710.7,1952.0,9680,61.3,72.0,2,1,156
1630.6,1918.4,10064,80.3,72.0,2,1,255
2112.9,1060.0,11088,47.1,72.0,2,1,168
1636.2,1952.3,2320,64.2,78.0,2,1,136
1900.1,2093.6,4624,39.5,78.0,2,1,114
1704.6,1953.9,9680,61.6,78.0,2,1,163
1634.7,1881.3,10128,51.8,78.0,2,1,180
1673.3,1786.1,10640,40.3,78.0,2,1,163
1897.9,1485.6,10896,54.0,78.0,2,1,112
1837.3,2051.7,2768,63.0,84.0,2,1,136
1927.6,2050.5,3792,31.2,84.0,2,1,115
1954.1,2092.4,4880,50.2,84.0,2,1,115
1633.0,1917.2,10128,87.0,84.0,2,1,167
1668.8,1783.8,10640,37.3,84.0,2,1,165
1929.6,1308.1,10960,58.9,84.0,2,1,164
1579.1,1877.6,1232,56.3,90.0,2,1,147
1948.8,2082.0,4880,39.6,90.0,2,1,107
1624.0,1915.8,10128,85.1,90.0,2,1,168
1646.9,1790.7,10704,46.7,90.0,2,1,161
1724.1,1694.8,10768,43.8,90.0,2,1,172
1912.8,2098.0,4752,55.3,96.0,2,1,125
1918.4,1297.2,10960,48.0,96.0,2,1,162
1577.6,1761.5,1616,66.6,102.0,2,1,158
1834.1,2054.7,2896,51.5,102.0,2,1,115
1859.8,2048.3,3024,29.8,102.0,2,1,150
1846.8,2093.9,3344,59.8,102.0,2,1,143
1915.4,2108.1,3600,81.9,102.0,2,1,108
1920.1,2088.9,4176,39.0,102.0,2,1,122
1913.5,1296.4,10960,47.9,102.0,2,1,160
1570.7,1760.4,1616,67.2,108.0,2,1,159
1830.6,2048.0,2896,45.8,108.0,2,1,160
1915.1,2091.1,4176,42.4,108.0,2,1,109
1925.6,2113.9,4880,75.1,108.0,2,1,163
1943.1,2220.6,6864,50.1,108.0,2,1,132
1641.0,1908.4,9936,40.1,108.0,2,1,241
1909.6,1292.1,10960,44.7,108.0,2,1,138
1897.8,2088.6,3536,76.3,114.0,2,1,147
1900.0,2134.9,3920,119.2,114.0,2,1,156
1925.1,2072.3,3984,43.4,114.0,2,1,134
1933.5,2162.6,5264,86.5,114.0,2,1,132
1931.8,2181.2,5328,100.0,114.0,2,1,121
1943.1,2207.6,6864,37.9,114.0,2,1,140
1860.2,1980.1,8016,47.5,114.0,2,1,153
1640.4,1899.4,9936,32.0,114.0,2,1,176
1578.8,1917.2,10000,73.1,114.0,2,1,210
1650.4,1779.2,10640,35.6,114.0,2,1,182
1528.2,1909.4,1232,101.7,120.0,2,1,181
1937.7,2209.1,6864,41.7,120.0,2,1,141
1692.1,1947.0,9552,51.5,120.0,2,1,162
1636.8,1898.9,9936,33.2,120.0,2,1,200
1580.7,1905.5,10128,86.4,120.0,2,1,161
1646.8,1778.1,10640,36.2,120.0,2,1,160
1558.5,1825.1,1296,65.2,126.0,2,2,104
1631.8,1910.3,9872,38.3,126.0,2,1,164
1551.0,1917.4,10064,93.2,126.0,2,2,144
1558.5,1920.8,10128,111.4,126.0,2,1,172
1643.0,1776.8,10640,37.2,126.0,2,1,173
1551.6,1822.6,1296,67.6,132.0,2,1,202
1802.0,2087.8,3088,60.6,132.0,2,1,129
1825.5,2057.7,3280,30.1,132.0,2,1,129
1663.9,1962.3,9552,80.6,132.0,2,1,131
1639.9,1774.5,10640,37.4,132.0,2,1,169
1496.2,1909.3,1168,66.3,138.0,2,1,204
1831.0,2109.8,4624,81.9,138.0,2,1,122
1900.8,2063.1,4816,35.5,138.0,2,1,153
1926.8,2145.5,7312,54.4,138.0,2,1,212
1661.6,1953.0,9552,75.6,138.0,2,1,179
1563.2,1891.2,10000,60.9,138.0,2,2,209
1831.6,2044.1,3024,42.5,144.0,2,2,145
1729.3,2125.0,3088,140.0,144.0,2,1,172
1870.0,2077.2,4432,56.4,144.0,2,1,163
1888.6,2116.1,5072,100.4,144.0,2,1,135
1922.6,2118.7,5200,74.8,144.0,2,1,167
1838.2,1966.7,8016,51.1,144.0,2,1,164
1822.1,2044.5,3024,50.6,150.0,2,1,158
1910.6,2060.5,4112,40.8,150.0,2,1,145
1950.0,2093.8,5200,38.3,150.0,2,1,250
1923.8,2135.4,5520,48.9,150.0,2,1,104
1901.5,2174.0,7056,50.7,150.0,2,1,137
1728.3,1935.6,9360,58.1,150.0,2,1,150
1520.3,1901.4,10000,101.9,150.0,2,1,160
1512.8,1727.5,1680,76.2,156.0,2,1,143
1528.6,1858.7,2064,63.2,156.0,2,1,133
1788.0,2044.9,3152,63.4,156.0,2,1,118
1887.9,2053.5,4304,35.0,156.0,2,1,143
1764.9,2105.2,4560,122.7,156.0,2,1,106
1923.5,2142.7,5648,65.5,156.0,2,1,121
1620.8,1766.4,10640,48.3,156.0,2,1,146
1655.0,1681.8,10768,75.6,156.0,2,1,196
1558.4,1736.1,1424,53.5,162.0,2,1,174
1570.7,1738.1,2000,35.7,162.0,2,1,143
1732.8,2078.4,3088,115.4,162.0,2,1,139
1913.5,2050.7,4112,34.1,162.0,2,1,138
1886.6,2064.3,4176,43.7,162.0,2,1,152
1842.8,2078.8,4688,56.6,162.0,2,1,142
1920.2,2185.4,6864,40.3,162.0,2,1,107
1592.4,1890.0,9936,64.2,162.0,2,1,174
1520.0,1899.2,2256,87.6,168.0,2,1,172
1771.5,2034.9,3152,76.0,168.0,2,1,112
1896.4,2028.5,3728,48.7,168.0,2,1,141
1886.8,2114.3,5392,87.9,168.0,2,1,124
1614.3,1887.8,9872,40.9,168.0,2,1,175
1535.9,1865.9,10000,74.3,168.0,2,1,157
1527.7,1733.8,1360,79.3,174.0,2,1,206
1579.0,1894.2,2320,44.0,174.0,2,1,112
1712.4,1967.3,2512,47.4,174.0,2,1,151
1785.8,2048.7,3088,57.1,174.0,2,2,164
1886.6,2032.8,3600,46.0,174.0,2,2,137
1924.7,2088.3,5264,44.3,174.0,2,1,146
1761.3,1818.5,9040,44.9,174.0,2,1,152
1539.9,1696.4,1616,51.5,180.0,2,1,155
1688.2,1962.4,2512,71.3,180.0,2,1,158
1823.4,2001.8,2960,35.4,180.0,2,1,150
1776.5,2042.7,3088,66.0,180.0,2,1,144
1888.0,2028.0,3600,44.4,180.0,2,2,139
1852.3,2019.4,3792,72.0,180.0,2,1,108
1869.9,2039.3,4304,50.0,180.0,2,1,127
1859.5,2147.4,6928,72.2,180.0,2,1,129
1852.2,1994.9,7760,78.8,180.0,2,1,128
1825.3,1917.1,8080,53.1,180.0,2,1,115
1779.6,1858.2,9168,38.6,180.0,2,1,148
2311.0,940.0,11152,68.8,180.0,2,1,160
1882.1,2022.7,3600,50.6,186.0,2,2,128
1824.7,2009.0,3792,100.1,186.0,2,1,136
1897.6,2162.7,6480,75.5,186.0,2,1,181
1900.4,2102.1,7312,67.2,186.0,2,1,128
1844.4,2045.4,7504,127.1,186.0,2,1,117
1838.8,1900.9,8144,52.4,186.0,2,1,149
1741.4,1838.9,8528,63.0,186.0,2,1,130
1758.7,1808.9,9040,47.6,186.0,2,1,148
1742.6,1842.5,9104,76.7,186.0,2,1,147
1722.7,1896.6,9488,36.5,186.0,2,1,154
1591.1,1889.1,9552,127.5,186.0,2,1,140
1580.3,1882.0,9680,112.1,186.0,2,1,129
1615.2,1789.5,10320,40.0,186.0,2,1,164
1773.9,2020.1,3280,73.4,192.0,2,1,145
1912.1,2032.9,4112,34.7,192.0,2,1,118
1886.3,2016.0,4368,48.2,192.0,2,1,124
1840.8,2049.4,4688,57.1,192.0,2,1,114
1841.2,2021.0,4944,116.2,192.0,2,1,127
1895.6,2124.0,7120,44.3,192.0,2,1,121
1884.1,2049.0,7440,95.8,192.0,2,2,133
1854.8,1954.8,7952,38.4,192.0,2,1,136
1745.2,1849.8,8464,86.4,192.0,2,1,141
1671.2,1824.1,8592,122.4,192.0,2,1,188
1740.2,1898.4,9360,39.3,192.0,2,1,163
1660.1,1874.1,9616,73.9,192.0,2,1,148
1491.8,1773.0,10448,137.5,192.0,2,1,188
1587.0,1755.1,10512,64.4,192.0,2,1,156
1586.8,1730.1,10640,79.8,192.0,2,1,172
1386.7,2087.6,912,71.1,198.0,2,1,145
1870.5,2001.9,3792,56.6,198.0,2,1,130
1865.2,2003.8,4368,71.8,198.0,2,1,145
1923.2,2099.8,6160,73.8,198.0,2,1,142
1916.2,2112.7,7248,52.2,198.0,2,1,153
1852.6,1869.7,8272,42.0,198.0,2,1,177
1533.1,1831.1,9936,126.5,198.0,2,1,178
1560.6,1763.1,10320,99.2,198.0,2,2,187
1564.1,1781.4,10448,65.4,198.0,2,1,141
1816.4,1214.7,10960,112.5,198.0,2,1,149
1792.1,1986.3,3024,80.8,204.0,2,1,141
1882.1,2022.5,4304,41.4,204.0,2,1,100
1937.6,2095.7,5648,50.1,204.0,2,1,163
1890.3,2124.1,7056,60.3,204.0,2,2,155
1835.7,1963.3,7888,58.7,204.0,2,1,130
1857.2,1947.1,7952,38.5,204.0,2,1,163
1835.1,1897.8,8080,47.4,204.0,2,1,142
1727.8,1837.4,8656,60.2,204.0,2,1,155
1678.7,1856.6,8848,60.6,204.0,2,1,120
1442.8,1940.5,1040,71.7,210.0,2,1,171
1866.2,1994.2,3856,56.5,210.0,2,1,129
1856.9,2038.4,4688,45.9,210.0,2,1,151
1893.6,2124.9,6480,91.3,210.0,2,1,175
1655.5,1845.0,9616,88.9,210.0,2,1,162
1548.4,1684.4,1552,53.8,216.0,2,1,162
1787.8,1957.9,2768,53.0,216.0,2,1,169
1891.6,2013.5,4816,44.0,216.0,2,1,159
1961.1,2116.5,6096,34.6,216.0,2,1,146
1901.8,2119.1,6480,87.6,216.0,2,1,160
1749.3,1885.2,9360,36.3,216.0,2,1,162
1737.4,1896.9,9424,38.7,216.0,2,1,139
1795.5,2000.4,3088,63.3,222.0,2,1,167
1893.3,1991.4,3792,41.8,222.0,2,1,160
2317.2,883.6,11152,84.2,222.0,2,1,113
1550.9,1721.3,1296,68.7,228.0,2,1,175
1832.5,1981.9,3024,50.1,228.0,2,1,139
1803.4,1999.3,3088,58.5,228.0,2,1,159
1932.4,2143.9,6864,39.0,228.0,2,1,151
1458.2,1912.1,1040,79.4,234.0,2,1,175
1918.2,2001.9,4112,47.2,234.0,2,1,134
1914.3,1999.7,4368,32.6,234.0,2,1,138
1915.5,1994.9,4368,36.0,240.0,2,1,127
1918.1,1970.6,5008,90.8,240.0,2,1,124
1826.6,1992.5,3280,46.9,246.0,2,1,132
1888.4,1962.4,3856,65.7,246.0,2,1,114
1947.2,2064.1,7312,49.3,246.0,2,1,103
1680.4,1878.9,2384,35.4,252.0,2,1,176
1852.4,1977.5,3024,43.8,252.0,2,1,138
1829.3,2001.7,3088,43.1,252.0,2,1,136
1914.0,1919.8,3920,111.6,252.0,2,1,112
1636.8,1819.1,9936,53.7,252.0,2,1,172
1644.8,1684.9,10640,65.0,252.0,2,1,158
1836.9,1471.8,10832,63.4,252.0,2,1,123
1919.5,2089.9,6928,58.8,258.0,2,2,155
1642.6,1819.2,9936,52.1,258.0,2,1,150
1853.1,1947.0,2960,55.1,264.0,2,1,108
1860.6,1968.0,3024,51.5,264.0,2,1,138
1727.9,1846.0,9616,43.7,264.0,2,1,245
1684.4,1823.4,9680,70.7,264.0,2,1,146
1942.7,1932.0,3984,100.7,270.0,2,1,120
1948.8,1979.0,4880,63.5,270.0,2,1,121
1717.9,1854.3,9552,48.0,270.0,2,1,149
1674.2,1798.0,9808,58.2,270.0,2,1,202
1664.9,1684.5,10640,62.2,270.0,2,1,185
1503.6,1971.0,976,79.2,276.0,2,1,224
1851.4,1941.8,2896,62.9,276.0,2,1,148
1870.8,1973.3,3024,46.1,276.0,2,1,145
1925.2,1926.1,3856,96.9,276.0,2,1,127
1611.8,1819.1,10000,31.6,276.0,2,1,207
1610.8,1793.8,10064,48.6,276.0,2,1,127
1671.0,1689.0,10640,58.0,276.0,2,1,174
1517.2,1918.7,1040,59.0,282.0,2,1,145
1554.5,1822.5,1168,43.3,282.0,2,1,211
1841.1,1940.2,2768,49.9,282.0,2,1,131
1874.8,1977.5,3024,42.6,282.0,2,1,128
1964.3,1951.5,3920,76.1,282.0,2,1,108
1939.6,1997.0,4176,54.9,282.0,2,1,146
1930.2,1990.6,4304,49.9,282.0,2,1,102
1704.7,1832.8,9680,62.2,282.0,2,1,253
1666.0,1692.9,10512,77.3,282.0,2,1,232
1526.2,1954.6,976,100.1,288.0,2,2,137
1523.6,1918.8,1040,60.5,288.0,2,1,164
1862.7,1980.6,3088,65.3,288.0,2,1,127
1946.6,1984.1,3600,46.1,288.0,2,1,206
1992.6,2109.4,6480,64.3,288.0,2,1,138
1745.2,1586.2,10768,68.1,288.0,2,1,236
1613.9,1743.2,1232,85.5,294.0,2,1,144
1991.3,2055.0,7312,59.2,294.0,2,2,120
1791.4,1877.9,9360,31.4,294.0,2,1,123
1684.1,1691.9,10512,83.8,294.0,2,1,170
1716.8,1868.5,2384,50.9,300.0,2,1,169
1940.2,2004.1,4304,40.7,300.0,2,1,125
1796.8,1875.1,9360,36.3,300.0,2,1,160
1626.0,1820.1,10000,35.0,300.0,2,1,253
1652.4,1662.3,1360,78.2,306.0,2,1,171
1962.8,1956.9,3856,81.1,306.0,2,1,141
1978.8,1994.9,4112,55.9,306.0,2,1,140
1938.2,2014.1,4304,31.1,306.0,2,2,131
1915.0,2023.1,4624,39.4,306.0,2,1,131
1643.4,1790.3,10064,64.0,306.0,2,1,119
1768.8,1589.5,10768,76.1,306.0,2,1,208
1628.2,1737.5,1296,46.8,312.0,2,1,186
1906.4,1974.2,3024,60.5,312.0,2,1,146
1976.1,1954.7,3856,91.2,312.0,2,1,124
1979.8,2002.5,4112,50.6,312.0,2,1,139
1690.9,1828.5,9936,56.1,312.0,2,1,176
1542.5,1942.5,1040,50.6,318.0,2,1,196
1742.7,1866.4,2384,69.0,318.0,2,1,136
2029.9,2119.0,6480,77.0,318.0,2,1,138
1707.9,1802.0,10192,41.6,318.0,2,1,120
1600.9,1824.6,1168,68.5,324.0,2,1,134
1665.2,1707.1,1488,50.2,324.0,2,1,157
1654.9,1675.5,1808,78.6,324.0,2,1,181
1866.3,1963.2,2768,44.0,324.0,2,1,135
1977.3,1994.2,3728,41.1,324.0,2,1,165
1950.4,2017.1,4304,37.8,324.0,2,1,149
2004.8,2135.3,6736,66.0,324.0,2,1,125
1713.2,1827.9,9808,48.2,324.0,2,1,183
1648.4,1811.0,10064,52.8,324.0,2,1,128
1710.6,1713.5,10640,56.5,324.0,2,2,195
1822.3,1579.7,10768,121.4,324.0,2,1,153
1661.1,1689.7,1424,59.7,330.0,2,2,161
1627.1,1670.7,1680,51.7,330.0,2,1,210
1673.6,1674.2,1808,95.0,330.0,2,1,184
1896.4,2024.5,3408,35.8,330.0,2,1,124
1982.7,2009.7,3984,46.1,330.0,2,1,136
2015.9,2136.9,6736,74.4,330.0,2,1,131
1801.5,1900.7,9424,37.9,330.0,2,1,133
1913.2,2005.3,3280,73.8,336.0,2,1,127
2022.3,2153.2,6544,53.3,336.0,2,1,149
1797.1,1857.6,8720,53.5,336.0,2,1,117
1798.5,1617.9,10768,81.4,336.0,2,1,194
1506.0,2092.8,912,54.4,342.0,2,2,158
1624.8,1937.4,1040,126.1,342.0,2,1,146
1595.9,1848.5,1168,53.0,342.0,2,1,153
1624.2,1806.7,1232,47.4,342.0,2,1,125
1657.7,1709.9,2000,55.8,342.0,2,1,164
1631.3,1843.0,2128,44.1,342.0,2,1,132
1986.5,2043.3,4240,78.4,342.0,2,1,124
2020.0,2104.8,5776,56.7,342.0,2,1,144
1930.3,1973.9,7888,43.1,342.0,2,1,144
1705.8,1862.6,9872,54.2,342.0,2,1,218
1674.2,1711.1,1360,69.2,348.0,2,1,169
1958.2,1868.7,8272,67.2,348.0,2,1,113
1893.0,1857.2,8336,31.9,348.0,2,1,173
1885.4,1836.4,9104,68.0,348.0,2,1,148
1693.7,1787.3,10448,68.9,348.0,2,1,158
1715.5,1754.5,10512,67.0,348.0,2,1,155
2012.5,2010.2,3792,88.7,354.0,2,1,166
1912.5,1864.2,8400,68.8,354.0,2,1,173
1721.5,1872.3,9872,67.5,354.0,2,1,179
1656.7,1836.7,10064,51.3,354.0,2,1,153
1667.1,1736.6,1488,42.5,0.0,3,1,190
1689.5,1716.0,1552,97.7,0.0,3,1,186
1746.8,1912.6,2384,55.4,0.0,3,2,172
1920.4,2019.2,3024,54.4,0.0,3,1,141
1922.3,2042.3,3408,56.9,0.0,3,1,255
1931.9,2061.9,3472,45.6,0.0,3,1,142
2004.0,2018.4,3728,59.9,0.0,3,1,119
1994.5,2061.3,4688,97.8,0.0,3,1,160
1994.6,1948.8,8016,115.7,6.0,3,1,152
1978.9,1915.6,8144,88.4,6.0,3,1,138
1785.8,1870.1,8784,54.5,6.0,3,1,115
1907.1,1859.8,9104,88.7,6.0,3,1,142
1776.4,1780.6,10384,95.0,6.0,3,1,148
2168.8,1022.6,11088,70.9,6.0,3,1,145
1669.7,1746.2,1488,46.1,12.0,3,1,182
1906.3,2051.0,3408,41.8,12.0,3,2,140
1989.9,2040.2,3600,58.8,12.0,3,1,153
1993.0,2050.1,4112,48.1,12.0,3,2,131
1934.3,2064.0,4624,43.4,12.0,3,1,123
1963.1,2075.4,4688,67.9,12.0,3,1,143
2029.9,2166.6,7056,86.4,12.0,3,1,129
2035.1,2058.2,7568,55.3,12.0,3,2,150
1968.4,1922.8,8144,79.1,12.0,3,1,151
1805.9,1891.6,8720,59.0,12.0,3,1,148
1843.0,1920.2,9360,65.8,12.0,3,1,151
1693.5,1845.4,10128,71.1,12.0,3,1,210
1743.5,1754.3,10576,78.9,12.0,3,1,156
1995.7,1264.9,10960,73.9,12.0,3,1,128
2031.6,2090.4,5200,50.9,18.0,3,1,255
2057.0,2143.3,6160,66.9,18.0,3,1,117
1880.0,1870.2,8528,79.9,18.0,3,1,125
1841.5,1881.0,8656,61.7,18.0,3,2,110
1853.4,1884.7,9232,53.1,18.0,3,1,155
1691.6,1758.6,10704,47.1,18.0,3,2,154
1908.1,2063.1,3280,68.3,24.0,3,1,150
1956.4,2093.2,3472,76.8,24.0,3,1,138
1954.6,2082.9,4624,68.7,24.0,3,1,124
2033.9,2156.8,6096,49.1,24.0,3,1,146
1990.2,2193.3,6800,59.3,24.0,3,1,146
2048.7,2076.8,7568,74.2,24.0,3,1,162
1923.4,2002.3,7888,37.2,24.0,3,2,116
1867.3,1841.1,9040,67.0,24.0,3,1,151
1855.7,1866.9,9104,40.3,24.0,3,1,154
1734.2,1914.9,9872,87.4,24.0,3,1,220
1990.3,1279.3,10960,73.2,24.0,3,1,151
1616.9,1843.2,1232,43.6,30.0,3,3,135
1653.4,1752.6,1360,54.2,30.0,3,1,162
1877.5,2010.5,2832,48.2,30.0,3,1,117
1870.5,2048.3,3216,45.0,30.0,3,1,119
1979.7,2039.0,3728,41.2,30.0,3,1,151
1964.0,2064.8,4304,51.0,30.0,3,1,137
2000.1,2202.2,6736,56.2,30.0,3,3,135
1877.0,1890.4,8400,38.1,30.0,3,2,136
1724.7,1781.2,10640,69.1,30.0,3,1,143
2138.1,1038.1,11088,45.9,30.0,3,1,134
1882.0,2062.4,3216,62.4,36.0,3,2,215
1991.4,2076.0,3664,64.4,36.0,3,1,112
1992.5,2077.4,4048,40.6,36.0,3,1,133
2033.6,2104.0,4880,104.8,36.0,3,1,125
2007.8,2202.7,6928,94.1,36.0,3,1,146
1919.4,1965.7,8016,49.3,36.0,3,1,124
1782.1,1901.1,8784,62.4,36.0,3,1,145
1763.1,1902.3,8848,36.0,36.0,3,1,130
1839.4,1894.8,9232,45.1,36.0,3,1,165
1773.4,1919.2,9616,50.6,36.0,3,1,155
1934.1,1467.2,10896,58.6,36.0,3,1,164
1914.0,2051.4,2960,74.2,42.0,3,1,180
1983.4,2053.8,3728,52.9,42.0,3,1,153
1974.3,2096.8,4432,78.9,42.0,3,1,119
1928.1,2087.5,4624,48.7,42.0,3,1,144
1966.0,2074.3,4816,52.2,42.0,3,1,127
2031.5,2118.2,5200,65.0,42.0,3,1,138
2016.4,2078.5,7568,47.6,42.0,3,1,161
1780.4,1922.9,8848,62.4,42.0,3,1,163
1785.7,1866.8,8912,44.2,42.0,3,1,159
1837.6,1899.5,9232,46.7,42.0,3,1,150
1755.7,1951.2,9680,85.9,42.0,3,1,162
1699.7,1911.8,9936,62.3,42.0,3,1,180
2408.9,966.2,11152,39.2,42.0,3,1,166
1981.4,2082.4,3600,73.3,48.0,3,1,154
1982.4,2086.1,3664,64.4,48.0,3,1,142
1963.3,2097.0,4432,71.3,48.0,3,1,140
2008.7,2108.9,4880,89.4,48.0,3,1,126
2010.8,2105.4,5200,41.3,48.0,3,1,112
2019.1,2112.3,7504,72.1,48.0,3,1,146
1784.9,1872.8,8912,47.8,48.0,3,1,154
1804.8,1935.6,9360,39.1,48.0,3,1,128
1688.3,1908.9,9936,52.1,48.0,3,1,187
1736.9,1816.3,10576,105.5,48.0,3,1,144
1720.7,1808.7,10640,83.4,48.0,3,1,161
1958.0,1287.9,10960,51.7,48.0,3,1,146
1584.9,1919.2,1168,67.2,54.0,3,1,164
1642.9,1767.2,1616,87.5,54.0,3,1,124
1977.8,2090.5,3600,77.3,54.0,3,1,166
2050.3,2190.9,3664,188.8,54.0,3,1,148
2030.6,2175.6,5392,98.3,54.0,3,1,182
1676.5,1909.9,9872,37.8,54.0,3,1,152
1687.4,1917.0,9936,57.8,54.0,3,1,202
1576.0,1917.8,1168,61.2,60.0,3,1,212
1667.3,1966.6,2320,89.0,60.0,3,1,153
1963.1,2078.2,3536,68.4,60.0,3,1,148
2013.1,2166.0,3664,147.6,60.0,3,1,101
1919.8,2103.2,4624,55.7,60.0,3,1,108
1946.1,2072.2,4816,37.9,60.0,3,1,163
1697.5,1803.2,10640,65.3,60.0,3,1,144
1764.2,1720.5,10768,80.2,60.0,3,1,172
1558.5,1979.0,1104,77.1,66.0,3,1,172
1633.6,1854.9,1296,90.4,66.0,3,1,145
1891.7,2077.1,3024,63.4,66.0,3,1,145
2008.6,2144.2,5072,95.4,66.0,3,1,149
1903.2,2018.3,7888,34.1,66.0,3,1,137
1671.8,1918.6,9872,42.9,66.0,3,1,153
2025.3,1171.3,11024,50.3,66.0,3,1,154
1867.5,2085.7,3152,70.0,72.0,3,1,160
1879.7,2086.2,3408,46.1,72.0,3,2,131
1972.0,2113.8,4880,75.0,72.0,3,3,140
1999.1,2147.3,5072,94.9,72.0,3,1,137
1712.9,1958.8,9680,68.4,72.0,3,1,154
1638.8,1964.7,2320,76.9,78.0,3,2,142
1874.7,2076.3,2960,76.2,78.0,3,1,124
1930.4,2048.0,3792,29.2,78.0,3,1,122
1950.7,2070.4,3984,38.5,78.0,3,1,159
1902.0,2102.6,4624,48.7,78.0,3,1,134
1731.2,1965.0,9552,64.0,78.0,3,1,159
1630.6,1959.0,10064,119.6,78.0,3,1,183
1686.2,1873.1,10192,44.3,78.0,3,1,188
1675.5,1796.7,10640,51.1,78.0,3,1,162
1902.0,1505.0,10896,73.8,78.0,3,1,183
1631.1,1968.8,2320,79.7,84.0,3,1,130
1851.4,2127.0,3088,84.7,84.0,3,1,149
1922.9,2097.0,3856,74.9,84.0,3,1,134
1950.6,2107.6,3984,75.3,84.0,3,1,192
1943.5,2121.2,4368,95.7,84.0,3,1,130
1922.6,2110.3,4432,66.7,84.0,3,1,162
1669.6,1791.1,10640,44.6,84.0,3,2,160
1545.5,1948.0,1168,83.2,90.0,3,1,144
1579.1,1894.3,1232,73.0,90.0,3,1,153
1844.8,2046.2,2896,41.8,90.0,3,1,131
1983.9,2169.5,5136,99.5,90.0,3,1,147
1958.6,2226.8,6864,53.8,90.0,3,1,126
1653.4,1922.9,9936,52.7,90.0,3,1,255
1724.1,1712.2,10768,61.1,90.0,3,1,182
1591.1,1826.5,1296,54.5,96.0,3,1,174
1911.5,2110.3,4752,67.7,96.0,3,1,144
1710.3,1974.3,9552,72.3,96.0,3,1,153
1666.9,1925.6,9808,69.8,96.0,3,1,157
1599.2,1938.7,10000,88.7,96.0,3,1,197
1596.5,1929.6,10064,88.0,96.0,3,1,239
1614.2,1923.1,10128,93.0,96.0,3,1,170
1576.1,1768.7,1616,73.9,102.0,3,2,149
1828.2,2082.4,2896,79.7,102.0,3,1,142
1857.7,2057.9,3024,39.7,102.0,3,1,163
1910.7,1309.4,10960,61.2,102.0,3,1,161
1502.4,1997.5,1168,139.5,108.0,3,1,161
1568.4,1767.2,1616,74.4,108.0,3,2,137
1738.8,2026.1,2512,67.1,108.0,3,1,128
1911.5,2093.7,4368,71.1,108.0,3,1,140
1711.7,1950.0,8848,72.3,108.0,3,1,166
1905.6,1304.4,10960,57.7,108.0,3,1,158
1559.6,1865.1,1232,47.9,114.0,3,1,157
1805.6,2092.5,2896,96.4,114.0,3,1,129
1906.4,2086.9,4368,66.6,114.0,3,1,147
1871.0,2102.0,4624,51.5,114.0,3,1,129
1947.1,2237.3,6608,58.3,114.0,3,1,162
1856.0,1989.6,8016,57.9,114.0,3,2,159
1589.3,1908.4,10128,85.1,114.0,3,1,159
1645.7,1789.8,10640,47.1,114.0,3,2,156
1794.0,2052.6,2768,73.5,120.0,3,1,158
1787.4,2138.3,3088,110.3,120.0,3,1,133
1891.8,2089.3,4752,53.6,120.0,3,1,133
1931.6,2219.6,6864,53.8,120.0,3,2,137
1626.7,1927.2,9872,55.3,120.0,3,1,172
1631.9,1907.5,9936,43.1,120.0,3,1,175
1641.0,1788.1,10640,47.8,120.0,3,2,176
1898.9,1292.1,10960,49.1,120.0,3,1,148
1528.3,1891.3,1232,86.5,126.0,3,1,252
1547.8,1839.8,1296,83.3,126.0,3,3,168
1540.9,1786.1,1552,86.7,126.0,3,1,158
1520.4,1819.4,1808,120.8,126.0,3,1,176
1556.5,1792.6,1872,75.8,126.0,3,1,198
1803.8,2077.0,3152,71.6,126.0,3,1,152
1935.0,2087.4,4048,41.9,126.0,3,1,130
1887.5,2094.0,4816,67.5,126.0,3,1,152
1741.4,1957.7,9360,63.3,126.0,3,1,168
1619.3,1927.5,9872,59.5,126.0,3,1,160
1546.9,1923.0,10064,100.0,126.0,3,2,109
1551.3,1930.7,10128,123.7,126.0,3,1,171
1665.7,1865.1,10256,46.3,126.0,3,1,128
1636.5,1785.9,10640,48.4,126.0,3,2,194
1897.6,1285.0,10960,43.9,126.0,3,1,134
1552.5,1729.6,1680,44.6,132.0,3,1,245
1817.4,2066.7,3280,42.3,132.0,3,1,110
1887.9,2064.4,3536,61.3,132.0,3,1,104
1819.7,2118.9,4560,85.6,132.0,3,1,154
1838.3,2114.4,4624,80.0,132.0,3,1,100
1921.5,2214.2,6864,55.4,132.0,3,1,117
1627.5,1909.2,9872,40.1,132.0,3,1,179
1632.9,1782.3,10640,47.8,132.0,3,2,153
1893.4,1282.9,10960,44.9,132.0,3,1,104
1567.7,1757.0,1424,56.0,138.0,3,1,163
1536.3,1789.6,1872,87.2,138.0,3,1,174
1802.4,2042.6,2896,57.1,138.0,3,2,157
1787.3,2071.9,3152,78.8,138.0,3,1,135
1798.1,2055.9,3216,45.0,138.0,3,1,141
1895.0,2086.0,4112,68.6,138.0,3,1,146
1854.2,2099.6,4688,57.2,138.0,3,1,146
1896.7,2066.9,4816,41.1,138.0,3,1,120
1919.3,2223.8,6544,73.1,138.0,3,1,138
1851.0,2021.7,7888,51.6,138.0,3,1,145
1646.5,1966.7,9552,96.1,138.0,3,1,110
1556.9,1896.9,10000,69.5,138.0,3,1,185
1592.3,1820.4,10512,77.5,138.0,3,1,175
1490.9,1904.5,1168,67.5,144.0,3,1,177
1503.6,1840.1,1296,115.2,144.0,3,1,172
1824.4,2049.4,3024,51.4,144.0,3,1,152
1814.6,2057.9,3280,38.4,144.0,3,1,117
1884.9,2084.5,4112,75.5,144.0,3,1,148
1907.3,2072.6,4880,51.4,144.0,3,1,111
1785.4,1882.1,9168,40.6,144.0,3,1,142
1608.6,1903.8,9808,81.0,144.0,3,1,168
1491.2,1794.7,1872,126.9,150.0,3,1,120
1795.8,2048.1,3152,57.9,150.0,3,1,136
1900.9,2066.1,4112,52.0,150.0,3,2,139
1857.3,2075.0,4624,40.0,150.0,3,1,136
1915.9,2140.0,5520,58.1,150.0,3,2,130
1892.4,2221.7,6544,93.7,150.0,3,1,123
1779.2,1880.7,9168,45.1,150.0,3,1,164
1601.2,1898.3,9808,84.3,150.0,3,1,148
1624.7,1769.9,10640,46.4,150.0,3,1,172
1514.5,1809.0,1296,90.1,156.0,3,1,141
1702.3,2010.7,2576,83.2,156.0,3,1,125
1830.5,2014.4,2960,31.0,156.0,3,1,131
1767.9,2053.8,3152,85.3,156.0,3,1,135
1774.0,2051.4,3216,62.9,156.0,3,1,165
1852.5,2084.5,4176,82.9,156.0,3,1,140
1876.2,2058.8,4304,47.8,156.0,3,1,137
1821.9,2094.6,4688,81.8,156.0,3,1,105
1781.5,1980.4,8016,107.3,156.0,3,1,145
1747.2,1893.1,9232,61.0,156.0,3,1,152
1720.8,1932.3,9360,63.3,156.0,3,1,150
1527.5,1886.5,10000,88.7,156.0,3,1,165
1609.5,1771.4,10640,60.7,156.0,3,1,151
1458.6,1930.8,1104,72.1,162.0,3,1,213
1548.0,1739.5,1424,64.5,162.0,3,1,151
1551.9,1760.2,1488,76.5,162.0,3,1,170
1446.9,1763.1,1552,152.4,162.0,3,1,181
1527.9,1756.3,1936,77.2,162.0,3,1,168
1565.1,1740.0,2000,41.6,162.0,3,2,147
1548.5,1913.7,2320,78.1,162.0,3,1,134
1820.2,2053.3,3792,109.5,162.0,3,1,150
1881.4,2051.8,4304,40.4,162.0,3,1,135
1907.5,2189.6,6864,53.7,162.0,3,1,136
1627.3,1914.6,9680,67.8,162.0,3,1,180
1521.1,1878.8,10000,91.9,162.0,3,1,158
1492.0,1876.2,1168,54.7,168.0,3,1,152
1459.7,1761.3,1872,144.6,168.0,3,1,141
1531.7,1747.2,1936,71.2,168.0,3,1,158
1438.3,1864.4,2064,151.4,168.0,3,1,132
1898.0,2191.0,6544,77.2,168.0,3,1,175
1606.5,1889.5,9872,48.9,168.0,3,1,142
1968.2,1133.1,11024,37.4,168.0,3,1,119
1561.8,1743.2,1488,63.2,174.0,3,1,157
1692.4,1969.4,2512,67.5,174.0,3,2,156
1778.9,2049.4,3088,64.0,174.0,3,1,137
1877.9,2033.7,3600,54.8,174.0,3,3,109
1778.5,2046.5,4496,135.4,174.0,3,1,142
1905.9,2090.2,5264,63.2,174.0,3,1,137
1903.4,2173.0,6992,100.6,174.0,3,1,123
1678.8,1895.1,9616,53.9,174.0,3,1,129
1604.4,1753.1,10640,60.8,174.0,3,1,162
1507.7,1772.3,1296,89.1,180.0,3,1,182
1522.7,1889.6,2320,100.1,180.0,3,1,148
1744.7,2019.1,3152,101.2,180.0,3,1,134
1879.0,2028.0,3600,53.4,180.0,3,3,134
1832.4,2019.4,3792,92.0,180.0,3,1,113
1916.5,2074.7,5200,66.7,180.0,3,1,156
1836.9,2147.4,6928,94.7,180.0,3,1,159
1800.6,2148.6,7056,144.8,180.0,3,1,144
1830.2,1962.8,7952,62.3,180.0,3,1,145
1703.7,1868.3,9232,99.2,180.0,3,1,110
1396.3,1964.9,1040,109.2,186.0,3,1,159
1541.0,1691.1,1616,50.7,186.0,3,1,132
1703.7,1956.5,2512,56.1,186.0,3,1,115
1804.3,1996.1,2960,54.8,186.0,3,1,131
1745.5,2008.6,3152,100.9,186.0,3,1,141
1870.4,2021.4,3600,62.3,186.0,3,1,140
1816.0,2008.0,3792,108.9,186.0,3,1,126
1875.3,2034.6,4304,44.8,186.0,3,1,136
1885.0,2034.9,4816,42.4,186.0,3,1,147
1892.6,2148.2,6416,83.6,186.0,3,1,150
1891.3,2101.1,7312,76.3,186.0,3,1,124
1733.4,1838.1,8528,71.0,186.0,3,1,170
1720.0,1855.3,8656,63.1,186.0,3,1,130
1521.7,1819.9,10128,102.9,186.0,3,1,157
2052.6,1010.4,11088,46.0,186.0,3,1,138
1546.8,1712.8,1360,61.0,192.0,3,1,137
1573.3,1725.7,1488,52.4,192.0,3,1,161
1545.3,1868.2,2256,61.8,192.0,3,1,148
1738.3,2020.5,3088,106.6,192.0,3,1,147
1763.2,2017.8,3280,84.3,192.0,3,1,136
1829.3,2047.0,4688,68.8,192.0,3,2,126
1909.8,2130.4,6288,42.7,192.0,3,1,122
1890.7,2092.8,7312,78.2,192.0,3,1,136
1867.7,2045.5,7440,112.5,192.0,3,1,142
1846.5,1953.0,7952,46.9,192.0,3,2,135
1733.6,1897.0,9360,46.0,192.0,3,1,158
1413.3,2023.2,976,86.2,198.0,3,1,122
1456.9,1960.7,1040,50.5,198.0,3,1,191
1904.4,2026.6,4112,43.7,198.0,3,1,109
1873.1,2024.1,4304,49.1,198.0,3,1,136
1824.7,2037.9,4688,75.7,198.0,3,1,138
1922.7,2091.2,5584,58.8,198.0,3,1,126
1837.1,1864.6,8272,58.3,198.0,3,2,152
1618.0,1827.5,8784,119.5,198.0,3,1,130
1621.0,1804.3,10256,75.6,198.0,3,1,178
1554.9,1761.2,10320,105.2,198.0,3,2,173
1541.6,1704.8,1872,65.1,204.0,3,1,184
1641.0,1890.2,2384,55.1,204.0,3,1,156
1781.6,1981.6,3024,92.4,204.0,3,1,117
1843.9,1990.8,3856,77.9,204.0,3,1,165
1857.8,2011.7,4304,68.0,204.0,3,1,131
1871.1,1998.3,4368,68.2,204.0,3,1,154
1888.3,2015.5,4880,66.2,204.0,3,1,115
1930.1,2113.3,6224,53.8,204.0,3,1,130
1882.2,2120.5,7056,69.2,204.0,3,3,147
1899.6,2079.0,7312,74.0,204.0,3,1,136
1848.5,1943.2,7952,48.1,204.0,3,2,145
1830.0,1895.5,8080,53.0,204.0,3,2,151
1705.0,1860.1,8720,47.3,204.0,3,1,147
1674.3,1838.9,8784,62.7,204.0,3,1,150
1664.4,1850.2,8848,76.2,204.0,3,1,161
1776.5,1831.6,9104,46.4,204.0,3,1,130
1751.1,1845.2,9232,56.8,204.0,3,1,134
1814.3,1200.9,10960,119.5,204.0,3,1,163
1650.6,1889.1,2384,47.0,210.0,3,1,168
1679.3,1908.3,2448,69.1,210.0,3,1,167
1793.3,1988.8,3152,60.7,210.0,3,1,149
1886.0,2120.5,6480,100.1,210.0,3,1,173
1881.1,2118.2,6928,58.4,210.0,3,1,159
1916.2,2079.6,7312,58.9,210.0,3,1,132
1915.3,2032.8,7440,72.2,210.0,3,1,138
1802.0,1872.9,8080,88.3,210.0,3,1,122
1831.1,1875.7,8208,45.5,210.0,3,1,148
1669.8,1792.7,8976,90.0,210.0,3,1,174
1653.3,1853.0,9424,133.2,210.0,3,1,110
1652.1,1843.1,9616,92.8,210.0,3,2,162
1587.3,1709.7,10704,68.7,210.0,3,1,159
1548.9,1737.5,1296,59.2,216.0,3,1,192
1779.7,1952.0,2768,63.1,216.0,3,2,152
1890.1,1994.6,3792,42.3,216.0,3,1,137
1870.5,1990.0,3856,55.2,216.0,3,1,149
1896.1,2022.1,4304,29.3,216.0,3,1,137
1883.6,2007.7,4816,53.9,216.0,3,2,154
1939.3,2107.2,6032,39.7,216.0,3,1,165
1954.4,2111.6,6096,42.9,216.0,3,2,152
1902.3,2103.5,6288,60.9,216.0,3,1,137
1760.1,1807.8,9104,72.7,216.0,3,1,146
1728.3,1890.3,9424,49.9,216.0,3,2,169
1688.9,1857.8,9616,53.8,216.0,3,1,183
1556.3,1700.4,10512,115.8,216.0,3,1,167
1570.3,1678.0,10640,116.9,216.0,3,1,168
1553.6,1733.4,1296,58.1,222.0,3,1,104
1829.5,1975.4,2960,39.5,222.0,3,1,153
1886.6,1985.4,3792,50.8,222.0,3,1,101
1870.2,1982.0,3856,60.4,222.0,3,1,137
1914.7,2012.0,4112,42.1,222.0,3,1,143
1899.1,2020.6,4304,28.0,222.0,3,1,122
1922.3,2050.6,5392,67.9,222.0,3,1,172
1709.3,1855.8,9488,66.7,222.0,3,1,169
1690.7,1851.9,9616,56.2,222.0,3,1,173
1616.5,1825.9,9680,101.3,222.0,3,1,176
1610.6,1753.8,10320,59.7,222.0,3,1,155
1832.1,1383.7,10896,73.4,222.0,3,1,147
2054.0,975.3,11088,59.6,222.0,3,1,156
1826.6,1975.4,3024,58.9,228.0,3,1,150
1909.4,1979.9,3728,51.8,228.0,3,1,139
1866.8,1968.8,3856,72.2,228.0,3,1,139
1913.7,1987.3,3920,52.0,228.0,3,1,157
1906.1,1995.9,4112,59.5,228.0,3,1,157
1893.2,2009.7,4304,39.8,228.0,3,1,132
1907.9,1997.6,4368,38.3,228.0,3,1,104
1929.1,2047.5,5392,65.3,228.0,3,1,151
1926.0,2136.8,6864,48.7,228.0,3,2,158
1797.0,1333.2,10896,134.1,228.0,3,1,177
2325.8,880.0,11152,80.7,228.0,3,1,204
1453.4,1905.4,1040,87.7,234.0,3,1,144
1503.4,1875.9,1104,40.3,234.0,3,2,162
1559.1,1720.4,1296,64.2,234.0,3,2,139
1932.9,2006.3,5072,62.8,234.0,3,1,177
1966.8,2086.0,6160,45.3,234.0,3,1,119
1609.6,1712.8,10512,68.8,234.0,3,1,172
1662.7,1863.0,2384,57.3,240.0,3,1,159
1804.3,1943.3,2768,52.8,240.0,3,1,115
1910.6,1988.5,3664,57.3,240.0,3,1,153
1878.7,1959.4,3856,72.8,240.0,3,1,131
1917.6,1989.1,3984,50.4,240.0,3,1,154
1908.8,1983.3,4368,49.3,240.0,3,2,130
1688.9,1590.0,10768,70.5,240.0,3,1,196
1985.7,1092.2,11024,38.3,240.0,3,1,135
1428.9,2052.6,912,62.4,246.0,3,1,148
1458.2,1966.5,976,91.1,246.0,3,1,162
1814.5,1979.6,3088,69.1,246.0,3,1,163
1881.7,1947.6,3856,82.0,246.0,3,1,117
1868.8,2003.0,4624,56.9,246.0,3,1,137
1940.9,2050.0,7312,64.7,246.0,3,1,166
1900.1,1197.1,10960,57.4,246.0,3,1,125
1473.5,1879.6,1040,101.7,252.0,3,1,177
1861.9,2008.8,4560,48.9,252.0,3,1,137
1879.4,2016.5,4624,40.5,252.0,3,1,116
1930.1,1946.4,5008,108.1,252.0,3,1,128
1635.9,1825.7,9744,68.1,252.0,3,1,187
1636.7,1825.2,9872,56.9,252.0,3,1,232
1580.9,1765.7,10064,80.3,252.0,3,1,120
1432.6,2007.6,912,104.2,258.0,3,1,177
1834.0,2002.2,3088,41.4,258.0,3,1,147
1940.6,1941.6,5008,110.0,258.0,3,1,118
1963.3,2042.5,5456,61.6,258.0,3,1,116
1916.3,2075.2,6928,73.9,258.0,3,1,137
1848.1,1799.7,8336,65.5,258.0,3,1,130
1750.0,1858.3,9488,43.1,258.0,3,1,172
1626.1,1646.6,10704,99.6,258.0,3,1,157
1994.1,1075.0,11024,51.5,258.0,3,1,154
1483.5,1937.8,976,112.6,264.0,3,1,187
1882.1,2022.1,3472,40.0,264.0,3,1,126
1947.6,1938.8,4048,115.4,264.0,3,1,145
1913.0,1989.5,4752,53.7,264.0,3,1,149
1725.9,1827.9,9616,61.9,264.0,3,2,184
1683.3,1812.6,9680,81.5,264.0,3,1,212
1651.3,1836.7,9744,54.1,264.0,3,1,222
1659.6,1674.0,10576,64.2,264.0,3,1,251
1641.1,1689.2,10704,55.2,264.0,3,1,229
1691.4,1849.5,2384,63.1,270.0,3,1,130
1933.5,1990.2,4368,35.8,270.0,3,1,118
1972.7,2084.2,6480,86.4,270.0,3,1,144
1844.1,1798.9,8400,72.4,270.0,3,1,152
1654.3,1815.2,9872,64.1,270.0,3,1,255
1653.4,1818.8,9936,51.4,270.0,3,1,156
1605.7,1789.5,10064,52.6,270.0,3,1,153
1856.5,1442.2,10832,89.9,270.0,3,1,174
1504.9,1958.7,976,91.6,276.0,3,1,148
1940.3,1953.1,3600,75.3,276.0,3,1,105
1955.9,1945.3,4112,95.3,276.0,3,1,127
1940.7,2061.9,6928,86.0,276.0,3,1,143
1679.6,1804.7,9808,51.8,276.0,3,1,201
1612.9,1808.5,10000,42.2,276.0,3,2,178
1612.1,1781.4,10064,61.0,276.0,3,1,203
1930.3,1184.6,10960,65.3,276.0,3,1,163
2385.5,885.2,11152,55.1,276.0,3,1,152
1527.8,1896.8,976,156.4,282.0,3,1,227
1593.7,1752.9,1232,70.0,282.0,3,1,215
1620.2,1660.8,1360,66.2,282.0,3,1,131
1839.0,1990.4,3216,36.1,282.0,3,1,135
1989.5,2091.6,6480,80.8,282.0,3,1,160
1923.6,1924.0,7824,69.6,282.0,3,1,164
1684.0,1810.1,9808,47.2,282.0,3,1,234
1664.7,1817.4,9936,54.0,282.0,3,1,158
1692.4,1757.4,10192,74.0,282.0,3,1,204
1667.4,1686.5,10512,83.8,282.0,3,1,250
1532.6,1934.9,976,120.8,288.0,3,1,255
1843.2,1989.8,3216,37.8,288.0,3,1,137
1892.0,1960.7,3408,85.9,288.0,3,1,143
1976.0,2002.9,4048,53.2,288.0,3,1,180
1959.4,1998.8,4112,43.5,288.0,3,1,219
2005.4,2006.3,5200,71.9,288.0,3,1,102
1987.8,2024.8,5264,61.8,288.0,3,1,136
1984.4,2056.2,7312,55.6,288.0,3,1,145
1665.3,1687.4,10704,59.6,288.0,3,1,164
1747.8,1578.2,10768,76.6,288.0,3,2,230
1605.0,1645.6,1680,55.7,294.0,3,1,160
1973.5,1963.7,3984,75.6,294.0,3,1,110
1918.2,1995.9,4624,64.6,294.0,3,1,117
1949.6,1989.0,4816,55.2,294.0,3,1,121
2001.9,2104.8,6480,71.9,294.0,3,1,110
1994.3,2048.2,7312,66.6,294.0,3,3,128
1795.8,1868.0,9360,42.1,294.0,3,2,165
1543.2,1966.8,976,95.8,300.0,3,1,163
1915.4,1955.9,3408,99.9,300.0,3,1,117
1914.0,2013.9,3472,55.5,300.0,3,1,124
1978.6,2066.2,6928,93.8,300.0,3,1,156
1804.1,1862.5,9360,50.9,300.0,3,1,150
1701.5,1787.5,10192,48.9,300.0,3,1,146
1685.7,1706.6,10512,71.4,300.0,3,1,254
1701.4,1683.4,10640,73.1,300.0,3,1,159
1670.2,1671.3,1296,124.9,306.0,3,1,140
1608.4,1660.6,1680,44.4,306.0,3,1,128
1992.9,1964.8,3920,75.6,306.0,3,1,125
1986.9,1969.9,4176,100.0,306.0,3,1,121
1943.4,2006.9,4304,40.1,306.0,3,2,146
2036.3,2083.0,6480,108.3,306.0,3,1,133
2007.2,2126.3,6672,63.7,306.0,3,1,123
1817.2,1853.5,9360,65.6,306.0,3,1,154
1651.7,1791.0,10000,73.4,306.0,3,1,180
1730.4,1756.4,10192,90.7,306.0,3,1,216
1710.3,1684.2,10640,77.3,306.0,3,1,133
1710.4,1656.6,10704,108.1,306.0,3,1,213
1595.5,1809.3,1168,74.8,312.0,3,1,148
1972.7,1982.5,4368,58.6,312.0,3,1,144
2004.3,1945.2,7696,74.5,312.0,3,2,118
1918.1,1801.2,8336,84.3,312.0,3,1,170
1815.6,1865.4,9360,55.3,312.0,3,1,145
1816.5,1836.5,9488,86.1,312.0,3,1,255
1776.1,1837.7,9552,87.0,312.0,3,1,255
1703.7,1814.3,9936,75.1,312.0,3,1,118
1668.4,1772.5,10064,93.6,312.0,3,1,137
1780.9,1588.0,10768,84.8,312.0,3,1,189
1964.9,1203.4,10960,62.0,312.0,3,1,140
1549.5,1936.2,1040,60.1,318.0,3,2,188
1627.6,1777.7,1232,65.2,318.0,3,1,170
2026.6,2126.7,6672,76.5,318.0,3,1,133
1923.8,1956.2,7888,46.4,318.0,3,1,129
1706.6,1845.8,9744,66.8,318.0,3,1,255
1674.0,1785.6,10128,67.4,318.0,3,1,173
1714.1,1796.4,10192,49.9,318.0,3,1,145
1711.8,1696.9,10576,61.2,318.0,3,1,218
1714.0,1702.5,10640,66.0,318.0,3,1,168
1767.1,1635.8,10704,161.8,318.0,3,1,206
1613.7,1815.3,1168,84.4,324.0,3,1,193
1671.8,1702.3,1488,58.3,324.0,3,2,164
1586.9,1677.1,1744,44.8,324.0,3,1,159
1933.0,1947.9,2960,91.7,324.0,3,1,146
1898.7,1995.4,3024,40.4,324.0,3,1,135
1916.4,2005.3,3408,63.0,324.0,3,1,130
1973.5,2001.9,4432,71.6,324.0,3,1,126
2011.3,2130.6,6736,74.0,324.0,3,1,136
1839.1,1862.6,9360,74.8,324.0,3,1,146
1714.9,1710.4,10640,61.7,324.0,3,3,147
1571.8,1882.7,1104,51.7,330.0,3,1,213
1653.7,1778.3,1232,86.1,330.0,3,1,169
1673.5,1682.5,1424,74.1,330.0,3,2,154
1674.5,1707.8,1488,57.6,330.0,3,1,164
1711.0,1667.8,1872,126.9,330.0,3,1,186
1632.1,1806.5,2064,52.8,330.0,3,1,173
1916.8,1989.8,3024,58.7,330.0,3,1,129
1901.6,2021.5,3408,41.7,330.0,3,1,130
1993.3,2003.5,3984,58.4,330.0,3,1,120
1969.6,2010.6,4304,57.4,330.0,3,1,150
2023.2,2132.6,6736,82.8,330.0,3,2,167
1937.8,1959.2,7888,56.0,330.0,3,1,143
1813.1,1894.0,9424,51.3,330.0,3,1,161
1708.2,1848.2,9872,62.2,330.0,3,1,192
1767.8,1687.3,10640,118.8,330.0,3,1,206
1599.0,1841.1,1168,58.6,336.0,3,1,183
1681.0,1692.3,1360,81.6,336.0,3,1,165
1656.2,1858.5,2256,55.3,336.0,3,1,159
1986.2,1999.6,3728,46.1,336.0,3,1,161
1987.4,2021.7,4112,45.3,336.0,3,1,124
2050.8,2141.4,6992,51.8,336.0,3,1,106
1789.7,1838.6,8784,63.6,336.0,3,1,126
1638.2,1933.0,1040,140.2,342.0,3,2,107
1605.7,1845.3,1168,63.4,342.0,3,1,196
1634.4,1817.3,2064,50.5,342.0,3,1,158
1641.8,1839.6,2128,55.2,342.0,3,2,146
1780.3,1883.7,2384,93.5,342.0,3,1,146
1909.5,2005.0,3024,45.8,342.0,3,1,136
2030.0,2030.6,4048,74.0,342.0,3,1,176
1956.1,2042.0,4688,62.5,342.0,3,1,116
1940.0,1970.7,7888,53.2,342.0,3,1,145
1809.1,1859.6,8720,64.0,342.0,3,1,127
1711.7,1860.7,9872,60.3,342.0,3,2,166
1913.9,2009.0,3024,49.0,348.0,3,1,138
1899.9,2007.7,3152,55.2,348.0,3,1,141
1919.2,2030.9,3408,55.0,348.0,3,1,152
1997.2,2007.1,3728,54.3,348.0,3,1,177
2119.6,2058.5,5328,150.3,348.0,3,1,155
2073.3,2074.7,5392,102.8,348.0,3,1,118
2000.0,2155.6,6800,65.4,348.0,3,2,135
2051.1,2110.7,7248,87.1,348.0,3,1,154
1902.8,1855.1,8336,42.0,348.0,3,2,184
1926.4,1827.7,9104,109.9,348.0,3,1,149
1892.1,1842.5,9168,75.5,348.0,3,1,119
1762.5,1868.1,9744,107.9,348.0,3,1,206
1721.5,1865.1,9872,68.7,348.0,3,1,210
1700.5,1785.9,10448,75.8,348.0,3,2,139
1617.4,1964.5,1040,113.1,354.0,3,1,178
1808.7,1935.5,2448,69.9,354.0,3,1,112
1845.8,1969.7,2576,67.8,354.0,3,1,137
2000.7,2012.4,3728,56.9,354.0,3,1,146
1669.7,1835.3,10064,64.3,354.0,3,1,208
1677.8,1736.6,1488,53.1,0.0,4,2,205
1946.9,2001.8,2960,88.1,0.0,4,1,157
1929.8,2019.2,3024,63.8,0.0,4,2,138
1931.1,2042.3,3408,65.6,0.0,4,1,134
1940.3,2061.9,3472,54.0,0.0,4,2,171
2003.4,2018.9,3536,74.6,0.0,4,1,145
2013.3,1918.7,9296,165.7,0.0,4,1,162
1824.3,1746.7,10640,159.4,0.0,4,1,156
1668.6,1724.0,1552,77.1,6.0,4,1,166
1927.0,2025.6,3024,61.4,6.0,4,1,134
1979.6,2071.8,3472,93.9,6.0,4,1,136
2012.1,2059.0,4048,52.8,6.0,4,1,142
2003.6,2046.2,4112,57.9,6.0,4,1,143
2143.4,2177.2,6992,140.7,6.0,4,1,189
1796.0,1871.2,8784,64.8,6.0,4,1,119
1925.0,1856.3,8976,178.2,6.0,4,1,157
1817.7,1906.6,9488,59.1,6.0,4,1,152
1624.1,1830.9,1232,46.0,12.0,4,1,154
1679.9,1748.3,1488,56.5,12.0,4,2,142
1894.5,1998.9,2832,60.0,12.0,4,1,118
1914.4,2052.8,3408,50.1,12.0,4,1,138
2001.6,2051.9,4112,56.8,12.0,4,1,127
2064.9,2160.0,7120,128.8,12.0,4,1,120
2048.3,2061.0,7568,68.8,12.0,4,1,167
1948.1,1914.9,8208,79.4,12.0,4,1,156
1827.6,1853.1,8912,76.4,12.0,4,1,168
2013.0,1268.6,10960,91.5,12.0,4,1,180
1621.6,1939.2,1104,99.4,18.0,4,1,164
1623.4,1835.7,1232,46.5,18.0,4,1,172
1886.3,2002.8,2832,53.2,18.0,4,1,112
2025.8,2161.4,7120,91.3,18.0,4,1,134
1892.8,1874.4,8528,93.3,18.0,4,2,138
1850.6,1883.9,8656,71.2,18.0,4,1,148
1863.4,1887.9,9232,63.6,18.0,4,1,126
1761.0,1849.8,10256,71.6,18.0,4,1,140
1697.2,1760.4,10704,52.9,18.0,4,1,166
2023.1,1281.9,10960,104.8,18.0,4,1,146
1661.9,1750.2,1360,60.6,24.0,4,1,171
1684.5,1757.2,1552,101.4,24.0,4,1,135
1960.4,2092.5,4560,91.4,24.0,4,1,104
2041.6,2160.2,6096,57.5,24.0,4,1,139
2072.7,2176.8,6224,102.3,24.0,4,1,153
1999.7,2197.5,6800,69.7,24.0,4,1,146
1930.2,2005.4,7888,44.7,24.0,4,1,149
1871.0,1901.2,8656,96.5,24.0,4,1,163
1879.8,1846.7,9040,80.8,24.0,4,1,168
1697.8,1889.9,9936,48.6,24.0,4,1,158
1661.9,1874.2,10000,58.5,24.0,4,1,202
1625.0,1847.9,1232,53.0,30.0,4,2,114
1661.3,1757.2,1360,63.3,30.0,4,2,203
1671.0,1747.7,1680,102.4,30.0,4,1,117
1890.3,2059.7,3216,67.9,30.0,4,2,120
2004.6,2204.8,6736,61.4,30.0,4,2,128
2080.2,2243.2,6864,140.5,30.0,4,1,138
1882.8,1893.8,8400,44.8,30.0,4,1,157
1873.6,1852.8,9040,78.0,30.0,4,1,145
1878.3,1884.8,9104,68.6,30.0,4,1,161
1849.8,1895.3,9232,54.1,30.0,4,1,159
1733.1,1786.1,10640,78.7,30.0,4,1,162
1990.5,1288.2,10960,77.4,30.0,4,1,117
2144.4,1041.8,11088,53.3,30.0,4,2,139
1897.0,2073.3,3216,80.9,36.0,4,2,146
1996.6,2079.8,3664,70.8,36.0,4,1,160
2001.5,2083.9,4048,51.7,36.0,4,2,161
1991.1,2096.5,4176,77.8,36.0,4,1,120
1925.5,2079.3,4624,41.5,36.0,4,1,127
1916.4,1931.8,8208,56.8,36.0,4,1,127
1886.3,1902.1,8400,52.3,36.0,4,1,172
1839.5,1903.1,8656,70.1,36.0,4,1,156
1770.8,1907.9,8848,45.4,36.0,4,2,153
1823.9,1893.0,8976,94.0,36.0,4,1,157
1682.5,1909.0,9744,31.6,36.0,4,1,163
1672.8,1769.7,1616,109.4,42.0,4,1,181
1900.2,2068.1,3152,73.1,42.0,4,1,119
1992.3,2061.8,3728,64.9,42.0,4,1,150
1956.0,2048.0,3792,42.6,42.0,4,1,106
1985.1,2085.5,3856,94.2,42.0,4,1,146
2000.4,2090.2,4048,54.8,42.0,4,1,130
1986.4,2092.7,4816,79.6,42.0,4,1,135
2038.4,2124.4,5200,74.3,42.0,4,2,183
1812.1,1958.7,9424,58.4,42.0,4,1,148
1728.2,1803.7,10640,85.2,42.0,4,1,161
1611.4,1938.1,1168,98.5,48.0,4,1,131
1979.0,2057.2,3728,52.2,48.0,4,1,147
1966.6,2100.6,4432,76.2,48.0,4,1,111
1996.2,2114.1,5264,41.0,48.0,4,1,127
2041.0,2246.4,6480,102.1,48.0,4,1,125
1843.3,1907.6,8592,78.1,48.0,4,1,130
1821.2,1904.6,8656,57.4,48.0,4,1,123
1764.0,1900.5,8784,48.5,48.0,4,1,147
1646.5,1772.2,1616,93.7,54.0,4,1,166
1878.6,2045.4,2832,72.9,54.0,4,1,153
1926.6,2102.6,3024,103.1,54.0,4,1,150
1894.3,2082.1,3408,49.2,54.0,4,1,162
1950.9,2056.0,3792,45.3,54.0,4,1,186
1952.7,2084.5,4304,55.9,54.0,4,1,127
1926.4,2123.3,4560,84.1,54.0,4,1,122
2022.7,2129.1,5200,67.3,54.0,4,1,185
2027.8,2249.6,6544,92.4,54.0,4,1,146
1995.4,2211.0,7120,96.1,54.0,4,1,136
2013.6,2117.6,7504,72.8,54.0,4,1,144
1837.3,1915.5,9232,58.4,54.0,4,1,170
1894.1,1583.8,10832,64.0,54.0,4,1,118
2415.4,988.9,11152,60.5,54.0,4,1,135
1679.9,1988.5,2320,114.3,60.0,4,1,136
1857.6,2035.5,2768,53.7,60.0,4,1,168
1978.4,2104.8,3536,99.1,60.0,4,1,120
2017.8,2174.1,3664,156.9,60.0,4,1,100
1966.3,2125.6,4752,95.5,60.0,4,1,157
1985.3,2232.8,6736,67.9,60.0,4,1,150
2003.0,2114.4,7504,64.3,60.0,4,1,161
1912.9,1998.2,7952,40.9,60.0,4,1,162
1789.2,1976.7,8848,110.3,60.0,4,1,117
1842.0,1890.6,9104,46.3,60.0,4,1,135
1701.9,1810.7,10640,73.9,60.0,4,1,151
1886.3,1583.7,10832,59.6,60.0,4,1,141
1968.0,1573.6,10896,162.6,60.0,4,1,166
2410.9,993.9,11152,62.3,60.0,4,1,148
1563.2,1989.7,1104,88.9,66.0,4,2,175
1611.5,1906.6,2128,54.7,66.0,4,1,153
1894.3,2082.9,3024,69.8,66.0,4,1,140
1921.0,2116.0,4688,59.8,66.0,4,1,123
2000.3,2154.7,5264,77.8,66.0,4,1,101
1977.4,2232.6,6736,64.0,66.0,4,1,145
1908.2,2029.5,7888,46.3,66.0,4,1,150
1827.7,1923.8,9232,60.8,66.0,4,1,147
1734.3,1989.1,9680,104.4,66.0,4,1,153
1675.1,1926.0,9872,51.1,66.0,4,2,145
1690.8,1805.0,10640,63.8,66.0,4,1,194
1876.6,2102.2,2896,102.9,72.0,4,1,126
1885.8,2084.6,2960,87.1,72.0,4,1,116
1870.4,2094.6,3152,79.3,72.0,4,2,161
1881.7,2092.4,3408,52.6,72.0,4,1,137
1938.4,2096.2,4304,59.8,72.0,4,1,135
1975.2,2123.7,4880,85.4,72.0,4,2,154
1987.5,2109.9,7504,53.8,72.0,4,1,131
1832.3,1901.3,9168,45.3,72.0,4,1,177
1668.3,1922.4,9872,45.2,72.0,4,1,195
1661.1,1944.9,10128,120.1,72.0,4,1,153
1592.9,1746.3,1680,50.9,78.0,4,1,166
1863.0,2099.7,3152,82.3,78.0,4,1,139
1932.2,2056.5,3792,37.9,78.0,4,2,161
1953.4,2082.8,3984,51.2,78.0,4,2,105
1957.5,2094.5,4112,55.6,78.0,4,1,135
1959.4,2092.1,4880,50.8,78.0,4,1,131
1993.0,2190.8,5392,96.9,78.0,4,1,168
1708.1,1970.4,9680,78.5,78.0,4,1,163
1634.5,1977.6,10064,138.5,78.0,4,1,172
1846.6,2089.2,2832,103.4,84.0,4,1,147
1957.1,2121.0,4880,78.9,84.0,4,1,118
1977.7,2169.0,5264,85.8,84.0,4,1,121
1981.7,2252.3,6544,77.8,84.0,4,1,158
1983.8,2126.1,7440,57.5,84.0,4,1,138
1975.9,2107.2,7504,48.7,84.0,4,1,168
1883.6,1966.1,8080,49.3,84.0,4,1,139
1725.2,1972.4,9552,70.4,84.0,4,1,127
1681.8,1875.0,10192,45.4,84.0,4,1,161
1670.3,1798.4,10640,52.0,84.0,4,3,176
1931.9,1329.8,10960,80.7,84.0,4,1,149
1591.4,1780.0,1616,83.6,90.0,4,1,179
1591.3,1808.6,1808,87.0,90.0,4,1,167
1858.8,2047.8,2960,46.0,90.0,4,1,139
1928.2,2115.3,4176,64.6,90.0,4,1,150
1983.2,2156.8,5200,82.1,90.0,4,1,154
1973.6,2255.0,6544,80.1,90.0,4,1,132
1878.5,1964.7,8080,47.6,90.0,4,1,148
1734.1,1952.3,8848,71.1,90.0,4,1,127
1674.2,1914.1,9808,57.9,90.0,4,1,155
1923.4,1320.8,10960,71.3,90.0,4,1,149
1976.4,2090.1,7568,43.7,96.0,4,1,133
1726.5,1952.8,8848,72.0,96.0,4,1,126
1796.5,1929.5,9232,61.5,96.0,4,1,174
1709.1,1985.3,9552,83.4,96.0,4,1,137
1613.2,1933.0,10128,102.9,96.0,4,1,164
1670.6,1891.1,10192,61.6,96.0,4,1,148
1574.6,1775.8,1616,81.2,102.0,4,2,136
1605.3,1972.2,2320,84.5,102.0,4,1,144
1930.4,2090.6,3984,59.2,102.0,4,1,132
1916.5,2105.6,4176,56.1,102.0,4,1,149
1911.4,2129.9,4368,106.2,102.0,4,1,136
1908.0,2092.9,4752,51.1,102.0,4,1,130
1943.5,2202.2,5264,121.2,102.0,4,1,106
1745.7,1962.5,9488,63.4,102.0,4,1,141
1699.2,1990.1,9552,89.7,102.0,4,1,138
1675.7,1969.5,9680,77.5,102.0,4,1,168
1566.2,1774.0,1616,81.6,108.0,4,3,176
1816.1,2092.7,2896,92.9,108.0,4,1,120
1895.2,2083.7,3856,64.4,108.0,4,1,146
1938.6,2118.3,4048,68.1,108.0,4,1,136
1879.5,2093.0,4624,40.0,108.0,4,1,148
1941.7,2187.7,7312,82.6,108.0,4,1,139
1875.2,2015.6,7952,55.5,108.0,4,1,162
1591.0,1904.4,10000,56.8,108.0,4,1,179
1977.9,1208.3,11024,87.2,108.0,4,1,165
1495.0,1980.6,1104,79.0,114.0,4,1,159
1847.4,2082.7,3408,44.2,114.0,4,1,142
1843.1,2245.1,3728,248.1,114.0,4,1,142
1880.7,2157.3,4176,116.6,114.0,4,1,130
1865.7,2130.8,4688,76.1,114.0,4,2,142
1851.7,1999.2,8016,68.4,114.0,4,1,130
1641.0,1800.3,10640,58.7,114.0,4,3,140
1543.0,1764.6,1680,78.7,120.0,4,1,157
1806.3,2092.8,2960,105.2,120.0,4,1,116
1806.2,2087.9,3152,79.4,120.0,4,1,127
1891.5,2063.2,3856,47.1,120.0,4,1,103
1919.7,2122.7,4048,79.9,120.0,4,1,130
1882.6,2118.4,4240,58.8,120.0,4,1,148
1888.1,2094.3,4304,63.4,120.0,4,1,127
1899.8,2084.4,4368,67.4,120.0,4,1,158
1935.8,2244.7,6608,70.0,120.0,4,1,129
1879.4,2043.5,7824,59.4,120.0,4,1,134
1635.2,1798.1,10640,59.3,120.0,4,3,146
1892.3,1303.5,10960,62.3,120.0,4,1,146
1537.2,1854.4,1296,101.5,126.0,4,2,254
1518.0,1822.6,1808,124.8,126.0,4,1,159
1857.0,2138.3,3728,148.2,126.0,4,1,143
1931.1,2092.7,4048,48.5,126.0,4,1,110
1896.9,2093.8,4176,53.2,126.0,4,1,169
1900.4,2066.1,4304,33.1,126.0,4,1,141
1828.6,2154.9,4688,115.7,126.0,4,1,149
1923.7,2221.0,6864,59.3,126.0,4,1,145
1875.0,2039.0,7824,58.0,126.0,4,1,145
1698.0,1910.6,8784,57.1,126.0,4,1,150
1641.8,1900.7,9808,55.0,126.0,4,1,177
1542.9,1928.5,10064,106.9,126.0,4,1,172
1661.1,1871.4,10256,54.1,126.0,4,2,155
1636.9,1832.6,10384,76.5,126.0,4,1,141
1629.9,1794.9,10640,59.6,126.0,4,3,126
1852.6,1479.7,10896,58.0,126.0,4,1,145
1892.5,1292.0,10960,52.5,126.0,4,2,141
1543.2,1740.0,1680,58.5,132.0,4,2,255
1621.0,1990.7,2384,105.1,132.0,4,1,121
1790.5,2103.0,3024,112.8,132.0,4,1,169
1876.5,2090.1,3600,83.6,132.0,4,1,134
1893.2,2054.0,3792,46.6,132.0,4,1,123
1912.9,2065.9,3984,44.6,132.0,4,1,133
1907.6,2082.8,4112,57.4,132.0,4,1,171
1878.5,2093.4,4816,72.7,132.0,4,1,122
1909.1,2086.6,4880,59.4,132.0,4,1,165
1914.6,2118.4,5072,82.5,132.0,4,1,145
1925.4,2138.8,5200,86.3,132.0,4,1,122
1904.8,2171.6,5392,101.7,132.0,4,1,139
1910.3,2226.5,6864,72.1,132.0,4,1,120
1867.1,2038.7,7824,62.7,132.0,4,1,142
1641.0,1816.1,10384,61.0,132.0,4,1,142
1625.9,1790.0,10640,58.3,132.0,4,3,171
1886.1,1291.0,10960,55.8,132.0,4,2,154
1482.1,1922.0,1168,85.3,138.0,4,1,143
1512.1,1848.6,1296,114.0,138.0,4,1,205
1538.7,1735.8,1680,58.8,138.0,4,1,234
1732.1,2018.5,2576,62.2,138.0,4,1,173
1788.9,2054.7,2896,75.2,138.0,4,2,152
1789.3,2063.8,3216,56.8,138.0,4,1,126
1885.9,2054.1,3792,51.8,138.0,4,1,120
1899.3,2107.8,4048,81.2,138.0,4,1,146
1849.3,2123.9,4240,84.4,138.0,4,1,138
1846.6,2106.4,4688,67.4,138.0,4,2,134
1841.8,2030.0,7888,63.9,138.0,4,1,131
1686.5,1905.1,8784,60.7,138.0,4,1,138
1682.6,1927.6,8848,69.3,138.0,4,1,158
1623.7,1901.7,9808,68.0,138.0,4,1,162
1546.0,1900.9,10128,104.9,138.0,4,1,163
1609.6,1777.6,10704,50.1,138.0,4,1,115
1837.6,1477.0,10896,66.0,138.0,4,1,144
1480.6,1912.0,1168,80.1,144.0,4,1,162
1541.6,1772.7,1360,80.2,144.0,4,1,181
1559.4,1755.8,1424,61.8,144.0,4,1,162
1536.6,1729.8,1680,56.6,144.0,4,1,210
1708.6,1999.4,2512,62.9,144.0,4,1,226
1769.9,2033.2,2768,75.2,144.0,4,1,132
1805.8,2064.3,3280,49.3,144.0,4,2,117
1890.7,2057.1,4368,52.8,144.0,4,1,140
1873.0,2190.1,6928,72.5,144.0,4,1,128
1771.2,1892.4,9168,58.2,144.0,4,1,156
1483.0,1799.4,1872,136.4,150.0,4,1,190
1519.7,1871.4,2064,77.0,150.0,4,1,152
1522.7,1910.1,2192,68.0,150.0,4,1,165
1729.7,2004.9,2576,56.2,150.0,4,1,129
1788.4,2052.3,3152,66.3,150.0,4,1,116
1780.0,2073.2,3280,75.8,150.0,4,1,146
1820.7,2068.2,3408,51.6,150.0,4,1,130
1876.8,2046.9,3792,54.9,150.0,4,1,115
1891.2,2071.7,4112,63.2,150.0,4,3,148
1872.4,2092.7,4944,95.1,150.0,4,1,126
1915.6,2113.7,5200,78.0,150.0,4,1,117
1908.0,2144.6,5520,67.2,150.0,4,1,139
1898.8,2178.1,6352,69.5,150.0,4,1,170
1948.2,2194.4,6992,63.8,150.0,4,1,125
1883.0,2165.6,7184,60.2,150.0,4,1,133
1866.0,2167.5,7312,116.8,150.0,4,1,135
1768.5,1879.6,9104,58.1,150.0,4,1,132
1615.5,1775.2,10640,57.1,150.0,4,2,147
1726.5,1607.1,10832,150.1,150.0,4,1,166
1873.1,1278.6,10960,58.1,150.0,4,1,148
1528.3,1764.9,1936,79.9,156.0,4,1,152
1698.6,1989.5,2512,66.7,156.0,4,1,119
1692.9,2014.8,2576,93.5,156.0,4,1,158
1720.5,2023.6,2640,87.6,156.0,4,1,119
1877.4,2051.0,4368,61.4,156.0,4,1,150
1792.8,2107.5,4688,113.6,156.0,4,1,144
1901.1,2077.0,5008,68.3,156.0,4,1,109
1893.7,2172.4,6352,71.6,156.0,4,1,149
1887.9,2202.3,6736,69.5,156.0,4,1,145
1908.7,2195.1,6864,54.6,156.0,4,1,109
1855.5,2028.5,7760,82.6,156.0,4,1,131
1713.2,1935.7,9360,71.6,156.0,4,1,138
1617.2,1886.3,9936,39.7,156.0,4,1,202
1514.5,1892.3,10000,103.0,156.0,4,1,164
1565.9,1856.5,10128,63.5,156.0,4,1,177
1585.2,1797.3,10512,70.9,156.0,4,1,181
1489.3,1807.3,1296,113.0,162.0,4,1,136
1541.8,1763.5,1488,87.1,162.0,4,1,168
1440.6,1765.1,1552,159.0,162.0,4,2,141
1522.2,1758.1,1936,83.1,162.0,4,2,169
1559.5,1741.8,2000,47.5,162.0,4,3,148
1516.3,1855.7,2064,73.7,162.0,4,1,128
1542.2,1915.7,2320,84.7,162.0,4,1,160
1678.9,2027.5,2640,127.8,162.0,4,1,137
1873.8,2047.0,3600,61.6,162.0,4,1,143
1880.3,2061.5,4112,69.1,162.0,4,1,128
1822.2,2061.9,4496,95.6,162.0,4,1,114
1809.4,2089.7,4688,91.7,162.0,4,1,113
1877.5,2169.8,6352,85.8,162.0,4,1,151
1568.5,1769.5,10704,82.4,162.0,4,1,110
1644.3,1677.0,10768,83.9,162.0,4,1,178
1745.0,1568.3,10832,117.2,162.0,4,1,213
2290.4,969.0,11152,94.0,162.0,4,1,146
1443.0,1805.0,1296,157.2,168.0,4,1,128
1453.6,1723.9,1680,131.6,168.0,4,1,170
1487.8,1743.7,1808,105.8,168.0,4,1,168
1524.3,1748.8,1936,78.7,168.0,4,2,144
1430.6,1866.1,2064,159.3,168.0,4,1,140
1672.6,1980.8,2512,88.8,168.0,4,1,158
1788.9,2067.2,4304,133.9,168.0,4,1,103
1838.8,2058.2,4816,90.4,168.0,4,1,138
1888.3,2193.0,6544,87.2,168.0,4,2,184
1887.6,2188.0,6864,72.5,168.0,4,1,143
1755.6,1871.5,9168,64.1,168.0,4,1,151
1509.7,1871.4,10000,101.0,168.0,4,1,148
1597.8,1788.6,10384,85.9,168.0,4,1,158
1956.0,1135.7,11024,49.9,168.0,4,2,164
1545.9,1726.2,1424,63.7,174.0,4,1,157
1552.5,1744.2,1488,72.5,174.0,4,2,133
1672.4,1971.5,2512,87.6,174.0,4,1,144
1778.2,2011.4,2896,66.9,174.0,4,2,187
1869.1,2034.6,3600,63.6,174.0,4,3,105
1873.1,2045.1,3664,66.5,174.0,4,1,138
1749.5,2068.7,4560,128.2,174.0,4,1,123
1913.0,2077.5,5136,71.3,174.0,4,1,193
1912.8,2082.1,5200,70.8,174.0,4,1,114
1806.9,1905.1,8208,63.9,174.0,4,1,134
1563.7,1888.9,9872,91.2,174.0,4,1,207
1592.2,1754.3,10640,73.1,174.0,4,2,154
1479.9,1725.5,1360,126.6,180.0,4,1,168
1580.4,2035.4,3344,278.8,180.0,4,1,139
1878.7,2032.7,3984,64.0,180.0,4,1,141
1844.5,2026.0,4368,89.0,180.0,4,1,161
1905.5,2074.7,5200,77.7,180.0,4,1,106
1884.0,2173.0,6864,74.6,180.0,4,1,150
1554.2,1879.3,9872,100.1,180.0,4,1,143
1614.0,1651.0,10768,110.1,180.0,4,1,177
1695.3,1955.6,2512,64.6,186.0,4,1,153
1738.7,2031.8,3088,104.4,186.0,4,1,118
1822.2,2157.2,6800,114.5,186.0,4,1,111
1903.8,2167.2,6864,55.1,186.0,4,1,160
1852.5,2139.1,6928,79.6,186.0,4,1,127
1811.9,1898.0,8144,79.4,186.0,4,1,124
1776.7,1854.9,8336,85.6,186.0,4,1,115
1673.6,1874.8,8848,60.8,186.0,4,1,125
1594.9,1884.0,9744,62.4,186.0,4,1,160
1525.7,1707.8,1808,67.1,192.0,4,1,147
1531.2,1865.2,2256,76.1,192.0,4,1,136
1720.7,2016.8,3088,124.6,192.0,4,1,145
1885.6,2020.6,3984,58.5,192.0,4,1,148
1887.1,2027.6,4112,60.2,192.0,4,1,129
1796.5,2038.2,4560,82.3,192.0,4,1,140
1817.8,2044.6,4688,80.6,192.0,4,1,101
1821.3,2019.0,5008,145.3,192.0,4,1,159
1838.3,1951.3,7952,55.3,192.0,4,1,124
1648.2,1816.5,8976,101.8,192.0,4,1,157
1682.8,1842.7,9232,122.8,192.0,4,1,150
1954.0,1114.5,11024,52.0,192.0,4,1,164
1450.6,1958.7,1040,57.1,198.0,4,1,155
1775.6,1981.9,2896,72.8,198.0,4,1,124
1889.0,2021.8,3664,52.9,198.0,4,1,130
1860.4,2020.0,4304,62.5,198.0,4,2,131
1948.5,2123.6,6096,42.7,198.0,4,1,148
1879.7,2125.7,6416,100.9,198.0,4,1,178
1838.5,2134.0,6864,126.2,198.0,4,1,140
1827.3,1967.0,7888,65.3,198.0,4,1,167
1811.3,1936.4,7952,85.3,198.0,4,1,137
1800.2,1891.6,8080,82.3,198.0,4,1,164
1796.0,1874.2,8208,78.3,198.0,4,1,141
1821.6,1859.6,8272,74.6,198.0,4,1,162
1736.4,1823.6,8528,71.1,198.0,4,1,141
1580.4,1857.7,9552,144.5,198.0,4,1,146
1525.3,1837.4,9872,135.7,198.0,4,1,162
1549.2,1759.3,10320,111.2,198.0,4,1,163
1785.1,1399.8,10896,106.7,198.0,4,1,164
1530.1,1807.9,2064,61.6,204.0,4,1,159
1889.7,2016.1,3664,54.3,204.0,4,1,138
1904.6,2006.4,3920,48.0,204.0,4,1,128
1878.4,2011.1,4880,77.1,204.0,4,1,140
1897.6,2056.4,5328,82.0,204.0,4,1,156
1910.0,2090.6,5840,78.5,204.0,4,1,128
1920.2,2108.9,6224,64.6,204.0,4,1,171
1906.7,2155.5,6608,70.3,204.0,4,1,136
1873.3,2135.0,6864,93.3,204.0,4,1,150
1874.1,2116.9,7056,78.0,204.0,4,3,148
1885.1,2020.6,7504,93.8,204.0,4,1,143
1839.8,1939.3,7952,57.6,204.0,4,1,169
1794.9,1899.0,8016,92.6,204.0,4,1,161
1824.9,1893.2,8080,58.6,204.0,4,3,129
1696.8,1856.4,8720,56.3,204.0,4,2,158
1760.0,1832.3,9168,63.7,204.0,4,1,144
1744.3,1842.2,9232,64.2,204.0,4,2,167
1589.4,1790.8,10192,96.0,204.0,4,1,146
1782.5,1386.4,10896,114.0,204.0,4,1,114
1807.1,1197.7,10960,127.4,204.0,4,1,148
1464.5,1872.4,1104,72.3,210.0,4,1,128
1541.7,1807.1,2064,51.6,210.0,4,1,126
1892.1,2010.9,3664,54.5,210.0,4,1,134
1843.0,2002.1,4432,83.9,210.0,4,1,140
1773.8,1986.8,4624,136.4,210.0,4,1,153
1917.3,2074.0,5584,70.8,210.0,4,1,134
1933.2,2087.1,5648,58.0,210.0,4,1,152
1913.2,2089.9,5712,58.2,210.0,4,1,154
1873.0,2113.6,6928,67.7,210.0,4,1,133
1822.7,1870.8,8208,55.2,210.0,4,2,163
1686.7,1858.8,9488,83.3,210.0,4,1,178
1648.7,1841.1,9616,96.7,210.0,4,3,169
1615.8,1822.5,9808,67.4,210.0,4,1,153
1577.5,1704.0,10704,80.1,210.0,4,2,160
1762.5,1361.1,10896,143.4,210.0,4,1,117
1343.9,2029.4,912,136.4,216.0,4,1,137
1703.4,1922.4,2576,92.6,216.0,4,1,132
1771.6,1946.0,2768,73.1,216.0,4,1,125
1794.2,1967.6,2896,62.5,216.0,4,1,109
1895.2,2006.2,3664,54.5,216.0,4,1,138
1900.0,1986.3,3728,54.5,216.0,4,1,146
1878.6,1991.2,4112,83.3,216.0,4,1,133
1887.3,2089.4,5904,69.6,216.0,4,1,143
1929.9,2100.4,6032,51.2,216.0,4,1,102
1947.7,2106.7,6096,51.2,216.0,4,2,141
1897.3,2099.8,6288,67.1,216.0,4,2,140
1880.8,2122.8,6736,87.3,216.0,4,1,135
1844.8,1954.8,7888,55.1,216.0,4,1,119
1674.9,1780.6,8912,96.5,216.0,4,1,135
1744.5,1796.5,9104,91.9,216.0,4,1,146
1729.7,1871.0,9360,60.5,216.0,4,1,134
1719.3,1883.7,9424,61.1,216.0,4,2,106
1625.3,1729.6,10384,69.9,216.0,4,1,210
1560.2,1670.6,10640,129.5,216.0,4,1,162
1970.1,1100.1,11024,43.0,216.0,4,1,150
1499.8,1883.9,1104,36.8,222.0,4,1,155
1548.3,1728.7,1296,65.3,222.0,4,1,196
1820.7,1967.4,2960,51.4,222.0,4,2,135
1804.0,1985.7,3344,74.2,222.0,4,1,150
1906.6,2004.7,4112,52.9,222.0,4,1,120
1891.5,2013.8,4304,38.2,222.0,4,1,137
1936.6,2071.5,6160,76.4,222.0,4,1,132
1765.5,1777.4,9040,54.5,222.0,4,1,156
1701.1,1858.8,9424,90.9,222.0,4,1,130
1705.1,1852.0,9488,72.4,222.0,4,2,161
1681.5,1843.6,9616,68.5,222.0,4,2,141
1826.2,1378.3,10896,81.4,222.0,4,2,178
1661.6,1879.5,2384,44.5,228.0,4,1,159
1793.7,1947.9,2768,55.4,228.0,4,1,116
1753.2,1943.4,3088,133.6,228.0,4,1,146
1815.0,2001.2,3280,45.9,228.0,4,1,154
1899.8,1988.6,4368,50.3,228.0,4,1,141
1867.3,1986.0,4752,76.6,228.0,4,1,122
1923.6,2044.5,5456,78.5,228.0,4,1,132
1912.3,2095.7,6288,58.7,228.0,4,1,148
1919.5,2129.6,6864,58.3,228.0,4,3,158
1923.5,1982.8,7568,86.0,228.0,4,1,115
1844.0,1936.8,7888,67.7,228.0,4,1,138
1807.1,1803.1,8336,81.7,228.0,4,1,153
1778.5,1805.6,9104,60.4,228.0,4,1,166
1647.9,1777.7,10256,67.2,228.0,4,1,165
1610.8,1744.6,10320,66.1,228.0,4,1,157
1788.1,1323.3,10896,147.3,228.0,4,1,132
1552.4,1711.2,1296,75.6,234.0,4,1,162
1555.8,1666.3,1552,61.4,234.0,4,1,165
1898.4,1977.8,4368,59.6,234.0,4,2,158
1849.6,1996.8,4624,71.9,234.0,4,1,133
1924.5,2031.8,5456,87.8,234.0,4,1,116
1961.7,2079.1,6160,53.8,234.0,4,2,140
1815.0,1799.5,8336,79.6,234.0,4,1,119
1707.3,1782.0,8976,68.9,234.0,4,1,148
1648.8,1821.4,9808,43.1,234.0,4,1,192
1858.6,1160.2,10960,110.3,234.0,4,1,101
1658.7,1856.1,2384,65.3,240.0,4,2,173
1796.4,1929.6,2768,68.7,240.0,4,1,116
1810.7,1945.4,2896,68.1,240.0,4,1,154
1813.6,1963.2,3152,64.6,240.0,4,1,150
1785.3,1945.7,3216,92.4,240.0,4,1,142
1902.1,1971.8,4368,62.7,240.0,4,2,140
1933.1,2050.0,7312,68.2,240.0,4,1,132
1643.8,1772.2,10192,66.5,240.0,4,1,172
1591.0,1740.4,10448,70.6,240.0,4,1,152
1676.9,1569.3,10768,94.3,240.0,4,1,206
1787.3,1877.7,2832,119.0,246.0,4,1,141
1836.7,1977.9,3408,70.5,246.0,4,1,125
1897.9,1960.1,3792,64.9,246.0,4,1,115
1907.4,1933.7,3920,100.9,246.0,4,1,131
1923.4,1972.2,4048,89.0,246.0,4,1,110
1903.5,1986.2,4816,58.2,246.0,4,1,132
1806.7,1816.3,8464,56.4,246.0,4,1,127
1656.4,1816.4,9808,43.6,246.0,4,1,254
1641.8,1750.6,10192,86.8,246.0,4,1,176
1617.3,1639.7,10640,117.1,246.0,4,1,166
1814.8,1438.5,10832,102.4,246.0,4,1,130
1673.3,1857.1,2384,58.4,252.0,4,1,137
1823.5,1984.1,3088,61.6,252.0,4,1,130
1806.3,1948.2,3216,81.5,252.0,4,1,146
1889.0,1894.4,3600,140.4,252.0,4,1,130
1917.1,1975.6,4368,53.0,252.0,4,1,116
1856.9,1993.6,4560,64.9,252.0,4,1,134
1946.1,1982.7,7504,80.0,252.0,4,1,128
1862.9,1885.5,8016,53.8,252.0,4,1,157
1740.9,1834.1,9424,89.9,252.0,4,1,170
1629.6,1803.3,9872,79.9,252.0,4,1,174
1660.6,1705.3,10384,68.7,252.0,4,1,224
1865.0,1366.2,10896,70.0,252.0,4,1,150
1478.9,1854.0,1040,125.0,258.0,4,1,204
1816.8,1897.2,2832,91.2,258.0,4,1,141
1849.2,1940.4,3024,80.5,258.0,4,1,138
1944.5,1982.6,4048,72.5,258.0,4,2,123
1954.8,1983.2,7504,77.2,258.0,4,1,144
1894.6,1923.8,7824,69.8,258.0,4,1,190
1846.9,1793.9,8336,71.5,258.0,4,2,148
1748.2,1850.2,9488,51.4,258.0,4,2,166
1992.1,1065.6,11024,61.1,258.0,4,2,155
1536.1,1776.1,1168,89.3,264.0,4,1,174
1683.8,1841.1,2384,71.9,264.0,4,1,155
1836.3,1946.1,3280,89.7,264.0,4,1,148
1963.2,1985.5,7504,73.6,264.0,4,1,112
1901.8,1922.3,7824,70.2,264.0,4,1,146
1853.8,1788.1,8336,76.2,264.0,4,1,122
1724.0,1809.8,9616,80.0,264.0,4,1,198
1648.4,1809.0,9744,81.9,264.0,4,1,153
1668.5,1802.0,9808,54.5,264.0,4,1,194
1642.4,1766.1,9872,113.8,264.0,4,1,173
1599.5,1765.0,10000,85.9,264.0,4,1,162
1656.0,1662.5,10640,84.7,264.0,4,1,238
1916.7,1185.0,10960,64.8,264.0,4,1,149
1545.5,1769.5,1168,95.4,270.0,4,1,149
1933.5,1980.3,4368,45.8,270.0,4,2,158
1954.4,1940.1,7696,60.6,270.0,4,1,128
1861.8,1784.5,8336,79.4,270.0,4,1,137
1768.7,1856.5,9424,63.1,270.0,4,1,253
1654.3,1804.5,9872,74.9,270.0,4,1,163
1873.5,1947.5,3024,72.0,276.0,4,1,142
1932.6,1987.5,4816,52.1,276.0,4,1,125
1989.5,1965.6,7568,81.5,276.0,4,1,111
1783.4,1860.8,9360,45.9,276.0,4,1,136
1681.3,1788.7,9808,67.8,276.0,4,2,202
1614.0,1798.0,10000,52.8,276.0,4,1,157
1685.5,1749.0,10192,81.3,276.0,4,1,222
1660.7,1739.5,10320,54.5,276.0,4,1,173
1639.7,1665.5,1488,72.7,282.0,4,1,167
1879.5,1955.7,3024,64.9,282.0,4,1,134
1855.1,1975.7,3152,44.4,282.0,4,1,148
1896.3,2014.6,3472,48.4,282.0,4,1,150
1939.1,1948.9,4304,92.4,282.0,4,1,138
1950.8,2057.6,6928,91.8,282.0,4,1,116
1995.9,1976.3,7568,71.9,282.0,4,1,140
1835.2,1773.9,9104,78.3,282.0,4,1,203
1731.9,1836.5,9552,67.3,282.0,4,1,130
1752.4,1795.3,9616,96.3,282.0,4,1,255
1687.3,1794.4,9808,63.2,282.0,4,2,208
1694.8,1746.2,10192,85.5,282.0,4,1,174
1846.8,1939.7,2768,51.9,288.0,4,1,114
1868.2,1950.4,3152,72.3,288.0,4,1,139
1962.8,1988.2,4112,54.6,288.0,4,1,139
1955.2,1967.6,4176,87.4,288.0,4,1,132
1997.5,2094.1,6480,80.4,288.0,4,1,162
1986.4,2050.0,7312,62.2,288.0,4,2,151
1767.7,1749.1,9552,161.2,288.0,4,1,255
1691.3,1661.0,10576,80.8,288.0,4,1,193
1695.4,1652.7,10640,98.8,288.0,4,1,235
1667.9,1679.3,10704,68.1,288.0,4,1,198
1750.4,1570.2,10768,85.0,288.0,4,1,248
1910.0,2008.7,3472,58.3,294.0,4,1,112
1959.5,1980.4,4176,77.1,294.0,4,1,138
1922.3,1986.8,4624,74.6,294.0,4,1,160
1997.3,2041.1,5392,60.1,294.0,4,1,119
1972.0,2056.8,6928,99.2,294.0,4,1,143
1990.4,2073.7,7248,60.3,294.0,4,1,124
2013.7,1973.2,7568,80.4,294.0,4,1,140
1960.1,1929.4,7760,71.6,294.0,4,1,115
1800.2,1858.2,9360,52.9,294.0,4,1,145
1720.8,1828.5,9680,71.3,294.0,4,1,255
1691.7,1816.7,9808,43.2,294.0,4,1,255
1655.1,1760.7,10128,76.5,294.0,4,1,238
1758.8,1573.0,10768,85.4,294.0,4,1,254
2398.9,897.0,11152,47.0,294.0,4,1,204
1616.5,1756.5,1232,74.9,300.0,4,1,175
1855.9,1983.4,3216,48.9,300.0,4,1,152
1919.1,2005.0,3472,65.7,300.0,4,1,156
1978.3,1970.7,3664,78.0,300.0,4,1,168
1954.3,1954.5,3856,78.5,300.0,4,1,135
1955.5,2003.5,4176,54.6,300.0,4,1,238
1959.3,1981.3,4368,51.7,300.0,4,1,136
2011.8,2028.5,5392,78.0,300.0,4,1,112
2008.3,1993.9,7504,74.8,300.0,4,1,148
2024.2,1971.9,7568,86.3,300.0,4,1,132
1969.5,1928.2,7760,77.0,300.0,4,1,149
1898.9,1776.3,8400,109.8,300.0,4,1,181
1769.0,1801.0,8976,42.4,300.0,4,1,145
1705.1,1781.3,10192,56.0,300.0,4,2,167
1689.3,1700.4,10512,78.6,300.0,4,1,200
1707.0,1673.7,10640,84.3,300.0,4,2,174
1673.6,1666.7,1296,130.6,306.0,4,1,140
1615.0,1651.5,1680,55.6,306.0,4,1,175
1964.2,1984.1,3600,54.1,306.0,4,1,149
1988.4,1957.3,3728,75.5,306.0,4,1,151
1986.4,2016.6,4048,45.5,306.0,4,1,168
1948.7,1999.7,4304,49.0,306.0,4,1,100
1950.6,1998.8,4752,54.5,306.0,4,1,142
2047.9,1985.6,5200,110.1,306.0,4,1,119
2020.2,2012.8,5264,87.6,306.0,4,1,112
2010.7,2121.5,6672,69.7,306.0,4,1,147
2036.1,1970.8,7568,93.8,306.0,4,1,119
1883.3,1736.4,8528,134.9,306.0,4,1,112
1827.9,1838.7,9360,83.8,306.0,4,2,160
1706.6,1822.1,9744,84.5,306.0,4,1,161
1713.6,1801.9,9808,67.1,306.0,4,1,182
1722.7,1785.2,9872,116.3,306.0,4,1,119
1716.3,1675.9,10640,87.5,306.0,4,2,165
2410.9,897.1,11152,52.9,306.0,4,1,220
1592.2,1942.1,976,144.9,312.0,4,1,246
1601.3,1802.9,1168,83.4,312.0,4,1,159
1968.8,1987.5,3600,54.5,312.0,4,1,148
1931.4,2022.7,4688,52.0,312.0,4,1,112
1965.7,1990.6,4752,70.4,312.0,4,1,129
2048.9,1971.2,7568,101.5,312.0,4,1,140
2010.3,1938.6,7696,83.5,312.0,4,1,132
1918.6,1893.3,8016,58.4,312.0,4,1,145
1929.4,1788.7,8336,101.1,312.0,4,1,143
1919.7,1787.3,8400,113.1,312.0,4,1,236
1768.6,1842.8,8848,51.7,312.0,4,1,144
1827.3,1852.5,9360,72.7,312.0,4,1,143
1825.1,1827.0,9488,98.9,312.0,4,1,245
1737.3,1787.1,9872,124.1,312.0,4,1,152
1712.0,1791.0,10192,52.3,312.0,4,1,178
1700.7,1712.2,10512,75.8,312.0,4,1,205
1743.7,1659.2,10640,117.8,312.0,4,1,220
1972.3,1195.2,10960,73.1,312.0,4,1,160
1556.6,1929.8,1040,69.5,318.0,4,3,189
1776.4,1909.4,2448,50.1,318.0,4,1,134
1839.5,1952.8,2640,52.6,318.0,4,1,170
1915.3,1950.9,2960,76.0,318.0,4,1,109
1899.5,1989.0,3024,45.1,318.0,4,1,139
1969.8,1994.3,3600,50.3,318.0,4,1,155
2054.0,2006.9,5264,114.7,318.0,4,1,152
2019.7,2080.3,7248,72.5,318.0,4,1,125
1742.8,1847.8,9680,68.6,318.0,4,1,202
1719.7,1834.0,9744,84.4,318.0,4,1,209
1726.1,1814.7,9872,96.6,318.0,4,1,253
1789.0,1592.6,10768,87.4,318.0,4,1,226
1582.8,1986.2,976,108.2,324.0,4,1,127
1656.6,1685.2,1424,58.5,324.0,4,1,192
1678.3,1697.6,1488,66.4,324.0,4,3,168
1683.1,1649.7,1552,112.7,324.0,4,1,110
1594.7,1671.5,1744,54.3,324.0,4,2,176
1783.0,1911.0,2448,54.1,324.0,4,1,150
1864.5,1957.5,2704,57.4,324.0,4,1,139
1903.8,1991.7,3024,46.7,324.0,4,1,151
1890.6,1982.8,3216,73.1,324.0,4,1,124
1791.9,1847.6,8720,53.9,324.0,4,1,127
1865.3,1816.8,9104,57.4,324.0,4,1,148
1858.4,1848.6,9360,98.6,324.0,4,1,170
1731.0,1814.9,9808,70.2,324.0,4,1,202
1669.0,1796.1,10064,78.2,324.0,4,1,177
1719.1,1707.3,10640,67.0,324.0,4,3,211
1970.7,1215.2,10960,58.4,324.0,4,1,158
2435.4,899.6,11152,68.7,324.0,4,1,145
1599.1,1922.0,1040,108.8,330.0,4,1,142
1643.1,1808.5,1168,112.8,330.0,4,1,191
1685.9,1675.3,1424,88.4,330.0,4,1,149
1635.8,1670.8,1616,51.2,330.0,4,1,182
1652.3,1703.0,1936,58.9,330.0,4,1,164
1641.9,1800.9,2064,64.1,330.0,4,1,172
1899.7,1988.1,3152,62.1,330.0,4,1,121
2031.1,2088.5,5648,55.1,330.0,4,1,161
2030.4,2128.4,6736,91.3,330.0,4,1,155
2078.0,1968.1,7632,125.8,330.0,4,1,124
2051.0,1925.6,7760,138.6,330.0,4,1,170
1830.4,1834.4,8656,55.0,330.0,4,1,172
1840.3,1870.9,9360,71.2,330.0,4,1,165
1714.0,1857.6,9744,65.9,330.0,4,1,131
1713.1,1845.4,9872,67.9,330.0,4,2,230
1685.4,1851.7,9936,36.9,330.0,4,1,165
1698.8,1787.4,10128,86.5,330.0,4,1,213
1731.1,1695.4,10704,97.3,330.0,4,1,182
1670.0,1852.4,2256,70.4,336.0,4,1,147
1943.7,1964.0,2960,92.9,336.0,4,1,118
1964.1,1998.4,3408,108.0,336.0,4,1,145
1996.1,1995.2,3728,57.0,336.0,4,1,165
2032.6,1971.2,3792,118.6,336.0,4,1,126
2014.0,2029.3,4048,59.5,336.0,4,1,158
1997.9,2017.0,4112,56.8,336.0,4,2,136
1972.8,2018.8,4752,59.4,336.0,4,1,147
1999.0,2007.4,4816,78.6,336.0,4,1,152
2065.3,2134.9,6992,67.7,336.0,4,1,132
2008.1,2120.7,7056,68.6,336.0,4,1,159
1870.1,1816.1,8528,72.3,336.0,4,1,189
1825.5,1885.7,9360,51.3,336.0,4,1,137
1711.6,1768.5,10320,61.9,336.0,4,1,160
1818.7,1608.9,10768,103.5,336.0,4,1,178
1651.6,1928.7,1040,154.2,342.0,4,1,145
1640.8,1815.2,2064,57.3,342.0,4,1,175
1652.3,1836.2,2128,66.2,342.0,4,1,150
1921.1,2001.2,3024,58.0,342.0,4,1,146
1966.9,2038.5,4688,73.8,342.0,4,1,139
2035.3,2099.8,5776,72.8,342.0,4,1,155
2040.1,2048.7,7440,65.5,342.0,4,1,176
2103.6,1987.2,7632,141.6,342.0,4,1,171
1717.6,1858.8,9872,66.5,342.0,4,2,255
1792.8,1734.7,10384,116.6,342.0,4,1,152
1662.4,1840.0,1168,119.6,348.0,4,1,145
1671.8,1706.2,1424,63.9,348.0,4,1,155
1925.8,2006.4,3024,61.2,348.0,4,1,143
1939.9,2026.5,3408,76.2,348.0,4,1,135
1990.0,2015.7,3600,58.9,348.0,4,1,151
1995.4,2026.3,3664,57.3,348.0,4,1,143
2011.6,2004.0,3728,69.0,348.0,4,2,137
2003.3,2023.2,4816,77.9,348.0,4,1,123
2017.1,2151.9,6800,82.9,348.0,4,3,128
2052.9,2053.0,7440,76.8,348.0,4,1,178
2037.7,1883.2,8080,162.8,348.0,4,1,194
1912.7,1853.0,8336,52.1,348.0,4,1,235
1712.3,1828.4,10000,106.1,348.0,4,1,230
1756.8,1812.9,10192,81.6,348.0,4,1,180
1707.3,1784.4,10448,82.7,348.0,4,2,143
1853.1,1623.6,10768,131.8,348.0,4,1,175
2434.9,928.2,11152,56.3,348.0,4,1,186
1915.8,1995.8,2960,57.2,354.0,4,2,149
1934.4,2033.1,3088,92.3,354.0,4,1,221
1914.9,2011.9,3152,69.4,354.0,4,1,107
2023.4,2032.0,4112,77.9,354.0,4,1,255
1688.4,1736.6,1488,63.8,0.0,5,3,203
1956.7,2001.8,2960,97.9,0.0,5,1,171
1939.1,2019.2,3024,73.2,0.0,5,1,112
1948.7,2061.9,3472,62.4,0.0,5,1,119
1996.0,2025.9,3920,47.5,0.0,5,1,119
2014.5,2053.5,4048,54.9,0.0,5,2,162
1938.4,1837.7,8976,190.6,0.0,5,1,156
1785.3,1870.2,9936,131.9,0.0,5,1,255
1711.2,1850.4,10000,102.7,0.0,5,1,253
1688.9,1842.1,10064,83.2,0.0,5,1,158
1715.0,1710.4,1680,133.4,6.0,5,1,202
1910.2,1978.2,2512,151.5,6.0,5,1,139
1937.2,2026.6,3024,71.6,6.0,5,2,111
1988.0,2072.6,3472,102.3,6.0,5,2,111
2003.6,2031.7,3920,55.4,6.0,5,1,137
2010.2,2046.9,4112,64.6,6.0,5,1,153
2206.6,2093.4,5136,223.9,6.0,5,1,106
2130.8,2126.3,7312,164.5,6.0,5,1,101
1984.8,1933.2,9296,138.0,6.0,5,1,178
1711.7,1876.3,9936,58.5,6.0,5,1,255
1758.3,1858.1,10064,153.4,6.0,5,1,255
1629.0,1930.2,1104,104.2,12.0,5,1,168
1690.1,1750.5,1488,66.9,12.0,5,1,179
1679.3,1749.0,1936,79.7,12.0,5,1,139
1910.2,2002.2,2832,76.2,12.0,5,1,139
1996.0,2033.2,3536,68.7,12.0,5,1,148
2018.4,2069.9,4176,92.3,12.0,5,1,128
2010.2,2057.0,4816,84.9,12.0,5,1,132
2059.9,2091.0,5200,78.5,12.0,5,1,202
2109.4,2207.6,6672,142.8,12.0,5,1,146
2257.1,2128.3,7440,285.6,12.0,5,1,154
1957.7,1917.0,8208,89.2,12.0,5,2,122
1914.0,1868.9,8528,112.4,12.0,5,1,163
1937.3,1896.8,9232,137.3,12.0,5,1,162
1718.5,1884.0,9936,66.5,12.0,5,1,248
1813.2,1853.2,10256,123.0,12.0,5,1,162
1913.7,1544.3,10832,58.6,12.0,5,1,139
1631.5,1838.4,1232,55.1,18.0,5,2,207
2004.6,2096.8,4560,134.2,18.0,5,1,117
1958.0,1895.1,8336,101.2,18.0,5,1,147
1905.5,1878.5,8528,106.7,18.0,5,1,144
1881.8,1879.1,8592,95.5,18.0,5,1,195
1858.2,1863.3,9104,41.3,18.0,5,1,142
1677.4,1872.8,10000,72.4,18.0,5,1,224
1781.4,1775.3,10576,121.0,18.0,5,1,182
1632.6,1845.2,1232,58.6,24.0,5,1,209
1969.4,2096.4,4560,101.1,24.0,5,2,143
2055.5,2150.3,6160,68.0,24.0,5,1,128
2009.3,2165.0,6288,63.2,24.0,5,1,156
1982.9,2003.1,7952,99.1,24.0,5,1,161
1928.8,1924.4,8208,63.8,24.0,5,1,129
1922.8,1891.0,8336,66.8,24.0,5,1,166
1902.2,1900.0,8464,79.4,24.0,5,1,126
1802.9,1943.1,9680,121.6,24.0,5,1,169
1766.5,1897.3,9808,101.0,24.0,5,1,253
1709.8,1895.3,9936,61.7,24.0,5,2,165
1716.6,1798.1,10512,72.9,24.0,5,1,162
1911.7,1556.7,10832,60.4,24.0,5,1,165
2015.7,1290.6,10960,101.0,24.0,5,1,154
1609.1,1901.6,1168,73.5,30.0,5,1,184
1633.2,1852.6,1232,62.4,30.0,5,1,172
1669.2,1761.7,1360,72.4,30.0,5,2,175
1675.2,1750.1,1680,107.2,30.0,5,2,172
1910.1,2071.1,3216,90.7,30.0,5,2,140
1982.1,2075.3,4304,71.9,30.0,5,1,117
1979.1,2114.3,4560,117.9,30.0,5,1,136
2044.6,2165.8,5712,93.5,30.0,5,1,149
2020.5,2176.8,5968,87.2,30.0,5,1,115
2009.1,2207.4,6736,66.6,30.0,5,1,142
2010.6,2193.0,6928,91.1,30.0,5,1,227
1954.3,2024.6,7888,74.9,30.0,5,1,144
1910.5,1892.0,8336,56.3,30.0,5,1,156
1713.3,1904.7,9936,69.1,30.0,5,1,187
1690.7,1897.9,10000,94.9,30.0,5,1,177
1733.7,1800.6,10384,59.9,30.0,5,1,180
2150.8,1045.5,11088,60.6,30.0,5,1,138
1691.2,1840.9,1296,116.6,36.0,5,1,124
1730.1,1967.5,2320,132.7,36.0,5,1,143
1878.8,2024.0,2768,59.5,36.0,5,1,155
1912.0,2084.2,3216,99.5,36.0,5,1,144
1987.0,2049.6,3728,53.1,36.0,5,1,157
2010.4,2090.4,4048,62.8,36.0,5,1,149
2000.6,2103.4,4176,89.5,36.0,5,1,158
2018.2,2119.6,5264,61.2,36.0,5,1,152
2043.6,2204.7,6352,104.5,36.0,5,1,171
1974.6,2039.6,7824,80.9,36.0,5,1,164
1953.0,2006.8,7952,74.9,36.0,5,1,155
1922.3,1936.1,8208,64.1,36.0,5,2,147
1778.4,1913.4,8848,54.8,36.0,5,2,175
1869.8,1887.5,9104,63.0,36.0,5,1,162
1692.3,1916.2,9744,43.7,36.0,5,2,150
1963.6,2054.8,3792,52.9,42.0,5,1,120
1967.7,2082.4,4304,64.4,42.0,5,1,149
2032.2,2117.6,4880,112.3,42.0,5,1,152
2045.3,2130.6,5200,83.6,42.0,5,1,212
1743.6,1817.6,10640,105.9,42.0,5,1,126
1953.5,2051.8,3792,43.6,48.0,5,1,131
2020.0,2121.5,4880,106.3,48.0,5,1,122
2024.8,2120.9,5200,62.2,48.0,5,2,142
2002.8,2121.5,5264,51.0,48.0,5,2,155
2045.7,2251.6,6480,109.1,48.0,5,1,125
2079.0,2292.0,6544,157.5,48.0,5,1,148
2051.4,2215.6,6992,71.5,48.0,5,1,143
2031.2,2125.7,7504,90.1,48.0,5,1,110
1900.8,1581.3,10832,66.3,48.0,5,1,162
1899.2,2088.8,3408,57.4,54.0,5,1,162
1957.4,2065.0,3792,56.3,54.0,5,1,116
1974.2,2103.8,3856,100.6,54.0,5,1,148
1931.0,2129.7,4560,92.0,54.0,5,1,128
2013.2,2181.9,6224,57.8,54.0,5,1,161
2000.0,2199.6,6352,69.6,54.0,5,1,144
2037.8,2260.2,6480,110.8,54.0,5,1,133
1973.7,2221.1,6800,64.2,54.0,5,1,131
1918.2,1998.3,7952,43.9,54.0,5,1,144
1774.8,1923.9,8784,73.5,54.0,5,1,156
1773.5,1978.9,9552,94.6,54.0,5,1,148
1753.3,1965.1,9808,134.6,54.0,5,1,188
1690.3,1928.9,9872,61.3,54.0,5,1,166
1737.0,1912.3,10192,102.0,54.0,5,1,171
1683.8,1794.9,10704,62.8,54.0,5,1,120
1908.2,1603.3,10832,88.1,54.0,5,1,156
1546.2,2047.9,1040,82.7,60.0,5,1,146
1564.5,1973.3,1104,74.8,60.0,5,1,166
1634.1,1789.0,1552,84.4,60.0,5,1,162
1892.7,2087.3,2896,95.8,60.0,5,1,130
1904.6,2081.1,2960,91.6,60.0,5,1,115
2000.7,2124.6,4048,82.1,60.0,5,1,152
1968.6,2120.8,4176,80.9,60.0,5,1,131
1991.2,2199.0,6352,64.3,60.0,5,1,151
1989.6,2240.2,6736,76.3,60.0,5,1,161
1964.8,2219.1,6800,57.6,60.0,5,1,138
2007.7,2154.6,7376,74.9,60.0,5,1,142
2007.1,2121.6,7504,72.6,60.0,5,1,202
1919.3,2009.3,7952,53.7,60.0,5,1,153
1922.1,2010.5,8016,85.2,60.0,5,1,143
1778.0,1890.0,8976,60.3,60.0,5,1,146
1817.3,1973.5,9360,77.3,60.0,5,1,127
1790.2,1954.7,9488,62.7,60.0,5,1,135
1692.6,1952.2,9744,71.2,60.0,5,1,140
1893.3,1595.9,10832,73.7,60.0,5,1,141
1970.3,1577.7,10896,167.3,60.0,5,1,110
2047.1,1198.5,11024,84.5,60.0,5,1,134
1538.5,2051.7,1040,82.5,66.0,5,1,136
1568.0,2000.5,1104,100.6,66.0,5,1,184
1607.5,1753.0,1680,61.8,66.0,5,1,171
1616.1,1916.9,2128,66.0,66.0,5,2,137
1671.2,1998.1,2320,118.8,66.0,5,1,153
1875.4,2102.0,3280,73.0,66.0,5,1,123
2024.5,2212.0,5392,127.0,66.0,5,1,156
2008.2,2107.9,7568,67.0,66.0,5,1,148
1779.0,1895.9,8912,64.2,66.0,5,1,146
1678.4,1933.4,9872,59.2,66.0,5,2,174
1638.8,1916.2,10064,81.2,66.0,5,1,199
1694.0,1812.0,10640,71.5,66.0,5,1,184
1530.5,2055.1,1040,82.9,72.0,5,1,148
1879.3,2110.6,2896,111.6,72.0,5,1,152
1873.3,2103.4,3152,88.6,72.0,5,1,135
1851.2,2086.3,3216,63.7,72.0,5,1,137
1942.7,2109.6,4304,73.9,72.0,5,2,130
1947.7,2132.5,4752,94.2,72.0,5,1,110
1978.4,2133.5,4880,95.8,72.0,5,1,136
2009.1,2207.6,5392,117.3,72.0,5,1,137
1990.2,2151.4,7376,64.8,72.0,5,1,135
1989.6,2116.6,7504,60.8,72.0,5,2,131
1896.3,1971.9,8080,57.6,72.0,5,1,136
1757.9,1954.5,8848,77.1,72.0,5,1,141
1803.3,1982.6,9360,80.0,72.0,5,1,108
1748.8,1939.7,9616,52.9,72.0,5,1,155
1673.0,1940.0,9744,52.1,72.0,5,1,142
1670.7,1929.8,9872,53.1,72.0,5,2,163
1647.3,1969.9,10064,134.4,72.0,5,1,176
1687.6,1816.6,10640,73.4,72.0,5,1,162
1884.5,1618.3,10832,90.7,72.0,5,1,156
2396.1,990.2,11152,52.8,72.0,5,1,152
1934.0,2065.0,3792,46.6,78.0,5,1,148
1956.0,2095.2,3984,63.9,78.0,5,1,141
2008.7,2194.8,5200,122.8,78.0,5,1,129
1994.5,2198.0,5392,104.2,78.0,5,1,163
1971.7,2202.7,6352,60.8,78.0,5,1,174
1947.1,2221.4,6800,53.4,78.0,5,1,128
1953.8,2203.2,7120,71.5,78.0,5,1,127
1895.4,2011.3,8016,76.2,78.0,5,1,143
1889.5,1969.0,8080,53.1,78.0,5,1,154
1794.3,1915.9,8656,55.2,78.0,5,1,151
1747.5,1944.6,8848,64.8,78.0,5,1,166
1622.9,1918.2,10000,69.3,78.0,5,1,200
1711.4,1914.9,10256,89.2,78.0,5,1,168
1883.8,1660.5,10832,131.3,78.0,5,1,182
2110.9,1074.6,11088,60.7,78.0,5,1,164
1533.9,1973.5,1104,65.4,84.0,5,1,144
1854.4,2155.1,3088,113.0,84.0,5,1,149
1936.3,2128.4,4176,78.0,84.0,5,1,123
1982.1,2256.6,6544,82.2,84.0,5,1,128
1984.7,2134.5,7440,66.0,84.0,5,1,155
1976.7,2114.7,7504,56.2,84.0,5,2,146
1671.1,1805.7,10640,59.3,84.0,5,2,170
1596.8,1847.3,1296,75.0,90.0,5,1,151
1591.3,1814.6,1808,92.9,90.0,5,2,151
1858.8,2056.6,2960,54.8,90.0,5,1,145
1831.5,2093.9,3216,68.1,90.0,5,1,120
1859.2,2110.4,3344,75.1,90.0,5,1,150
1948.8,2129.8,4880,87.3,90.0,5,1,148
1972.5,2199.1,5328,109.4,90.0,5,1,128
1973.6,2260.4,6544,85.5,90.0,5,1,154
1981.0,2102.2,7568,55.5,90.0,5,1,147
1878.5,1975.4,8080,58.3,90.0,5,1,148
1818.3,1897.1,9168,39.0,90.0,5,1,175
1732.4,1945.9,9616,56.4,90.0,5,1,157
1664.9,1799.3,10640,52.6,90.0,5,1,148
2004.8,1205.1,11024,79.8,90.0,5,1,169
1822.8,2108.9,3216,83.6,96.0,5,1,152
1938.4,2112.5,4112,72.7,96.0,5,1,165
1909.4,2130.0,4752,87.5,96.0,5,1,147
1771.1,1978.1,9360,71.9,96.0,5,1,145
1752.3,1963.6,9488,63.4,96.0,5,1,124
1683.6,1971.8,9680,78.5,96.0,5,1,146
1573.0,1783.0,1616,88.5,102.0,5,1,170
1832.4,2097.7,3280,63.8,102.0,5,1,135
1915.4,2111.0,4176,61.6,102.0,5,2,129
1906.7,2098.9,4752,57.2,102.0,5,2,136
1942.3,2207.9,5264,127.0,102.0,5,1,150
1742.2,1887.6,8912,51.4,102.0,5,1,171
2085.3,1076.5,11088,62.7,102.0,5,1,180
1564.0,1780.8,1616,88.7,108.0,5,2,176
1557.6,1772.7,1680,80.1,108.0,5,1,105
1575.0,1900.7,2128,46.3,108.0,5,1,138
1838.0,2105.2,3024,90.5,108.0,5,1,134
1805.0,2107.3,3216,85.8,108.0,5,1,136
1849.6,2090.9,3408,51.1,108.0,5,1,143
1864.2,2130.0,3472,71.5,108.0,5,1,133
1906.8,2106.7,3600,82.8,108.0,5,1,118
1892.7,2091.3,3856,72.4,108.0,5,1,140
1933.6,2133.5,4048,84.1,108.0,5,1,152
1877.7,2098.7,4624,46.0,108.0,5,2,136
1936.3,2201.1,5328,117.1,108.0,5,1,162
1930.0,2260.7,6864,92.3,108.0,5,1,148
1872.2,2025.1,7952,65.5,108.0,5,1,155
1706.0,1967.5,8848,90.7,108.0,5,1,146
1739.7,1959.5,9488,62.1,108.0,5,1,122
1650.9,1927.7,9808,75.2,108.0,5,1,167
1586.3,1918.8,10000,71.9,108.0,5,2,191
1650.4,1911.8,10192,86.2,108.0,5,1,166
1671.0,1895.0,10256,70.8,108.0,5,1,160
1899.4,1323.5,10960,77.8,108.0,5,1,147
1554.8,1875.9,1232,59.7,114.0,5,2,189
1795.3,2107.1,3216,89.0,114.0,5,1,130
1843.5,2091.6,3408,53.9,114.0,5,2,147
1932.9,2139.9,5072,90.7,114.0,5,1,148
1955.8,2103.2,7568,61.9,114.0,5,1,153
1699.3,1959.2,8848,85.4,114.0,5,1,154
1659.3,1966.7,9680,79.9,114.0,5,1,165
1641.3,1930.1,9808,80.9,114.0,5,1,180
1636.3,1810.9,10640,70.3,114.0,5,2,168
1575.1,1779.8,1360,62.7,120.0,5,1,174
1538.0,1773.4,1680,88.8,120.0,5,1,132
1559.4,1879.6,2064,53.9,120.0,5,1,162
1806.1,2122.9,3024,119.8,120.0,5,1,152
1812.4,2116.5,3344,93.7,120.0,5,1,158
1887.8,2069.8,3856,54.7,120.0,5,1,152
1892.0,2100.2,4816,70.3,120.0,5,1,150
1913.6,2103.5,4880,70.5,120.0,5,1,143
1925.4,2178.2,5392,94.9,120.0,5,1,122
1690.5,1956.7,8848,87.2,120.0,5,1,151
1607.2,1961.0,9872,94.3,120.0,5,1,163
1533.7,1966.9,10064,144.1,120.0,5,1,146
1629.5,1808.1,10640,70.9,120.0,5,2,159
1412.9,2065.6,1104,194.2,126.0,5,1,148
1526.5,1869.1,1296,119.6,126.0,5,1,153
1772.8,2068.7,2768,98.5,126.0,5,1,194
1791.7,2093.8,3152,92.3,126.0,5,1,143
1891.2,2101.6,4176,62.8,126.0,5,1,137
1896.3,2071.8,4304,40.1,126.0,5,2,116
1874.1,2107.8,4368,101.0,126.0,5,1,126
1880.1,2095.9,4752,65.5,126.0,5,1,147
1921.3,2156.2,5136,106.5,126.0,5,1,173
1915.5,2175.0,5392,97.5,126.0,5,1,138
1966.6,2213.2,6992,62.7,126.0,5,1,158
1934.9,2110.1,7568,78.4,126.0,5,1,145
1868.7,2047.7,7824,68.8,126.0,5,1,117
1591.6,1965.7,9872,106.7,126.0,5,1,168
1619.1,1909.6,10192,98.6,126.0,5,1,186
1656.6,1877.7,10256,61.8,126.0,5,2,132
1629.1,1843.4,10384,89.9,126.0,5,1,145
1623.3,1804.0,10640,70.8,126.0,5,2,170
1779.5,1638.0,10832,131.0,126.0,5,1,170
1887.5,1299.0,10960,61.2,126.0,5,3,161
1954.2,1195.0,11024,86.2,126.0,5,1,132
2333.4,1003.8,11152,79.0,126.0,5,1,135
1533.9,1750.3,1680,72.4,132.0,5,1,163
1541.8,1797.1,1872,88.6,132.0,5,1,201
1559.1,1779.3,1936,63.0,132.0,5,1,171
1564.0,1954.9,2320,87.9,132.0,5,1,137
1793.2,2108.7,3344,98.7,132.0,5,1,148
1841.3,2145.9,4240,105.6,132.0,5,1,143
1882.5,2202.1,6928,73.6,132.0,5,1,131
1958.5,2212.5,6992,67.3,132.0,5,1,157
1921.4,2159.9,7312,68.4,132.0,5,1,132
1859.5,2047.1,7824,74.1,132.0,5,1,133
1765.1,1859.3,9040,61.2,132.0,5,1,152
1635.2,1956.5,9680,84.5,132.0,5,1,168
1594.5,1945.7,9872,89.3,132.0,5,1,150
1528.1,1937.1,10128,143.3,132.0,5,1,172
1618.9,1797.8,10640,68.7,132.0,5,3,153
1878.7,1299.1,10960,66.8,132.0,5,1,167
1474.5,1928.8,1168,95.5,138.0,5,1,169
1508.7,1770.9,1616,111.4,138.0,5,1,121
1519.4,1919.6,2128,94.1,138.0,5,1,151
1725.4,2024.4,2576,71.1,138.0,5,1,144
1775.4,2066.8,2896,93.3,138.0,5,1,101
1781.6,2105.2,3344,104.4,138.0,5,1,154
1848.0,2104.0,4304,96.6,138.0,5,1,119
1873.7,2079.9,4368,80.5,138.0,5,1,101
1839.0,2113.2,4688,77.6,138.0,5,1,135
1886.3,2106.8,4944,92.1,138.0,5,1,146
1850.4,1920.6,8272,56.7,138.0,5,1,131
1757.3,1857.7,9040,65.6,138.0,5,1,152
1763.2,1900.6,9104,74.9,138.0,5,1,144
1673.0,1943.0,9616,80.0,138.0,5,1,145
1619.2,1905.7,9808,74.0,138.0,5,1,145
1629.6,1884.6,10256,85.1,138.0,5,1,141
1630.5,1817.0,10384,69.2,138.0,5,1,151
1575.9,1847.0,10448,67.9,138.0,5,1,170
1599.7,1786.5,10704,63.4,138.0,5,1,169
1831.7,1482.3,10896,74.0,138.0,5,2,148
1960.8,1165.0,11024,59.2,138.0,5,1,162
1535.5,1777.1,1360,87.8,144.0,5,1,179
1484.0,1933.2,2128,130.2,144.0,5,1,172
1539.9,1906.4,2192,51.5,144.0,5,1,151
1797.0,2070.7,3280,60.2,144.0,5,1,129
1881.2,2064.0,4368,64.6,144.0,5,2,137
1850.1,2095.1,4688,57.5,144.0,5,1,130
1885.8,2088.3,4880,78.0,144.0,5,1,169
1920.6,2143.1,5456,68.7,144.0,5,1,170
1923.8,2159.4,5648,73.7,144.0,5,1,150
1828.3,2031.6,7888,75.5,144.0,5,1,139
1671.1,1908.4,8784,74.8,144.0,5,1,156
1752.8,1852.6,9040,65.9,144.0,5,1,137
1576.8,1821.6,10512,90.4,144.0,5,1,170
1605.6,1789.8,10640,73.3,144.0,5,1,155
1825.8,1477.0,10896,75.2,144.0,5,1,134
1962.6,1156.0,11024,52.2,144.0,5,1,128
1510.3,1917.2,2192,82.3,150.0,5,1,140
1773.7,2076.9,3280,83.1,150.0,5,2,138
1866.5,2052.8,3792,66.8,150.0,5,2,114
1894.8,2060.4,3984,55.4,150.0,5,1,130
1881.5,2077.3,4112,74.4,150.0,5,3,141
1892.3,2090.3,5008,82.2,150.0,5,2,112
1890.0,2128.5,5200,107.6,150.0,5,1,201
1887.4,2166.4,5968,66.5,150.0,5,1,124
1908.8,2207.5,6480,73.8,150.0,5,1,124
1888.9,2210.2,6736,72.2,150.0,5,1,156
1864.9,2210.2,6800,82.1,150.0,5,1,135
1939.2,2199.6,6992,74.3,150.0,5,1,162
1869.4,2173.4,7184,75.8,150.0,5,1,159
1834.7,2018.7,7888,63.1,150.0,5,1,130
1760.6,1884.2,9104,67.4,150.0,5,1,162
1714.8,1925.9,9488,50.9,150.0,5,1,150
1606.2,1780.6,10640,67.8,150.0,5,3,181
1866.1,1282.6,10960,66.2,150.0,5,2,132
1683.9,1996.0,2512,82.8,156.0,5,1,161
1872.8,2043.9,3536,61.4,156.0,5,1,103
1878.8,2051.8,3600,58.6,156.0,5,1,102
1858.3,2059.5,4368,82.3,156.0,5,1,152
1894.0,2080.2,5008,76.1,156.0,5,1,182
1908.1,2155.3,5840,80.6,156.0,5,1,145
1878.5,2159.4,5904,71.4,156.0,5,1,117
1646.9,1920.0,8848,95.4,156.0,5,1,157
1691.2,1864.7,8912,67.6,156.0,5,1,144
1713.5,1920.7,9488,49.7,156.0,5,1,149
1604.5,1901.5,9872,54.5,156.0,5,1,121
1613.0,1761.6,10576,58.3,156.0,5,1,154
1591.5,1779.4,10640,80.4,156.0,5,1,180
2303.0,974.1,11152,84.1,156.0,5,1,131
1439.2,1937.1,1104,92.4,162.0,5,1,156
1532.7,1749.5,1360,77.5,162.0,5,1,129
1434.4,1767.2,1552,165.6,162.0,5,1,154
1516.6,1760.0,1936,89.1,162.0,5,3,177
1620.9,1935.5,2384,74.1,162.0,5,1,170
1711.0,2026.0,2704,112.6,162.0,5,1,158
1835.0,2092.5,4240,80.9,162.0,5,1,135
1817.3,2063.5,4496,100.8,162.0,5,2,132
1830.2,2128.6,5264,145.7,162.0,5,1,130
1818.1,1906.8,8272,78.3,162.0,5,1,168
1666.6,1905.9,8720,85.8,162.0,5,1,128
1747.9,1886.2,9232,57.9,162.0,5,1,152
1555.7,1852.8,10128,71.7,162.0,5,1,150
1624.0,1683.6,10768,105.3,162.0,5,1,202
1723.6,1575.3,10832,139.7,162.0,5,2,178
1462.4,1723.9,1616,131.9,168.0,5,1,112
1517.0,1750.4,1936,86.2,168.0,5,1,128
1517.4,1745.7,2000,89.2,168.0,5,1,110
1674.8,2021.7,2704,146.4,168.0,5,1,113
1795.0,2015.4,2960,65.3,168.0,5,1,174
1696.6,2073.7,3088,149.2,168.0,5,1,124
1873.3,2040.5,3600,60.4,168.0,5,1,129
1837.3,2083.3,4240,76.4,168.0,5,1,129
1820.5,2050.1,4368,115.5,168.0,5,1,126
1878.6,2195.1,6544,97.1,168.0,5,1,146
1588.2,1893.4,9872,67.6,168.0,5,1,139
1513.0,1861.8,10064,94.8,168.0,5,1,173
1575.7,1765.7,10640,91.2,168.0,5,1,202
1607.1,1675.9,10768,119.6,168.0,5,1,174
1943.8,1138.3,11024,62.4,168.0,5,1,135
1543.2,1745.2,1488,81.9,174.0,5,1,163
1480.3,1727.7,1552,112.2,174.0,5,1,192
1765.2,2012.8,2896,80.0,174.0,5,1,195
1801.5,2007.8,2960,57.6,174.0,5,1,143
1804.4,2070.5,3472,82.3,174.0,5,1,127
1860.4,2035.5,3600,72.4,174.0,5,2,140
1855.9,2058.4,4176,72.7,174.0,5,1,153
1785.7,2053.4,4304,134.9,174.0,5,1,129
1837.6,2036.1,4368,96.4,174.0,5,1,124
1900.7,2083.3,5200,82.9,174.0,5,1,154
1815.3,2148.1,7184,120.4,174.0,5,1,153
1650.2,1884.3,9232,153.5,174.0,5,1,146
1660.8,1897.0,9616,72.1,174.0,5,1,157
1580.0,1755.6,10640,85.3,174.0,5,1,117
1440.8,1908.5,1104,86.3,180.0,5,1,130
1748.3,2004.4,2896,96.5,180.0,5,1,132
1861.0,2028.0,3600,71.4,180.0,5,3,124
1866.3,2018.4,3728,77.8,180.0,5,1,156
1817.6,2039.3,4304,102.3,180.0,5,1,106
1514.3,1829.8,10192,162.7,180.0,5,1,170
1578.0,1746.7,10640,86.9,180.0,5,1,144
1598.0,1651.0,10768,126.1,180.0,5,1,156
1939.0,1125.3,11024,65.8,180.0,5,1,154
1542.6,1712.5,1424,67.1,186.0,5,1,142
1767.2,2008.8,3024,99.3,186.0,5,1,146
1728.2,2030.7,3088,115.0,186.0,5,1,121
1720.8,2006.0,3152,125.8,186.0,5,1,131
1680.8,2016.6,3344,179.4,186.0,5,1,159
1845.0,2018.8,3600,87.8,186.0,5,1,108
1867.5,2010.3,3728,77.0,186.0,5,1,156
1853.6,2032.4,4304,66.6,186.0,5,1,145
1716.8,1836.4,8528,87.7,186.0,5,1,140
1663.8,1890.5,9488,95.6,186.0,5,1,148
1477.6,1828.6,10064,128.8,186.0,5,1,166
2040.1,1009.0,11088,58.6,186.0,5,1,135
1600.6,1893.3,2384,92.8,192.0,5,1,149
1877.4,2025.5,4112,70.1,192.0,5,1,117
1899.4,2098.2,5648,85.9,192.0,5,1,137
1891.2,2126.5,6288,61.7,192.0,5,1,138
1869.1,2022.9,7568,114.4,192.0,5,1,160
1634.5,1855.2,8720,116.3,192.0,5,1,127
1668.3,1867.2,8848,67.2,192.0,5,1,152
1675.3,1841.1,9232,130.5,192.0,5,2,151
1481.3,1756.8,10320,177.6,192.0,5,1,150
1938.4,1111.2,11024,67.9,192.0,5,1,179
1877.9,2018.2,3664,64.5,198.0,5,1,185
1847.6,2015.9,4304,75.9,198.0,5,1,159
1842.1,2009.3,4496,74.7,198.0,5,1,122
1943.4,2122.0,6096,48.1,198.0,5,2,163
1865.6,2081.1,6160,134.3,198.0,5,1,127
1793.8,1954.6,7824,121.2,198.0,5,1,147
1790.5,1888.5,8080,92.5,198.0,5,2,135
1791.0,1872.6,8208,83.6,198.0,5,2,147
1731.0,1821.3,8336,137.5,198.0,5,1,144
1728.6,1821.0,8528,79.3,198.0,5,2,140
1770.8,1893.8,9296,80.7,198.0,5,1,153
1574.9,1855.9,9552,150.3,198.0,5,2,147
1536.9,1843.4,9680,162.8,198.0,5,1,145
1516.2,1834.5,9872,145.2,198.0,5,1,167
1772.2,1395.6,10896,120.4,198.0,5,1,161
1523.0,1696.5,1872,85.5,204.0,5,1,158
1549.3,1702.5,2000,60.6,204.0,5,1,145
1522.9,1804.7,2064,69.5,204.0,5,2,106
1823.9,1986.2,2960,38.2,204.0,5,1,147
1706.5,1971.6,3408,173.9,204.0,5,1,150
1877.7,2010.8,3664,67.4,204.0,5,2,160
1896.2,2002.6,3920,57.2,204.0,5,2,147
1837.7,1983.4,4368,104.8,204.0,5,1,139
1934.0,2112.3,6096,60.3,204.0,5,1,140
1861.4,2099.1,6288,98.7,204.0,5,1,147
1865.6,2131.5,6864,101.8,204.0,5,1,136
1866.1,2113.3,7056,86.9,204.0,5,2,145
1772.5,1889.1,8016,117.1,204.0,5,1,130
1819.8,1890.9,8080,64.2,204.0,5,2,153
1688.6,1852.8,8720,65.2,204.0,5,2,144
1754.0,1790.7,9040,56.9,204.0,5,1,152
1752.6,1828.9,9168,71.9,204.0,5,1,144
1737.6,1839.2,9232,71.5,204.0,5,2,149
1554.5,1799.7,10128,76.0,204.0,5,1,104
1576.8,1785.2,10192,109.7,204.0,5,1,144
1594.4,1766.7,10320,66.3,204.0,5,1,132
1543.5,1764.8,10448,90.7,204.0,5,1,179
1531.9,1678.1,10576,147.1,204.0,5,1,172
2029.2,984.4,11088,75.7,204.0,5,1,138
1525.0,1730.9,1296,82.9,210.0,5,1,161
1533.0,1683.1,1360,84.9,210.0,5,1,130
1533.5,1802.4,2064,61.0,210.0,5,2,160
1505.8,1832.4,2192,87.5,210.0,5,1,164
1769.6,1953.7,2768,70.6,210.0,5,1,133
1818.9,1978.7,2960,46.1,210.0,5,1,145
1826.3,2027.3,3472,69.3,210.0,5,1,149
1837.2,1998.7,4432,90.5,210.0,5,1,155
1903.1,2084.1,5712,69.9,210.0,5,1,145
1880.4,2072.9,5776,98.9,210.0,5,1,140
1913.3,2093.1,6096,87.5,210.0,5,1,132
1902.5,2070.2,6160,104.9,210.0,5,1,108
1857.7,2120.0,6736,108.2,210.0,5,1,138
1875.6,2076.7,7248,104.3,210.0,5,1,123
1885.0,1982.5,7632,97.0,210.0,5,1,136
1829.2,1926.3,7952,73.0,210.0,5,1,114
1814.3,1866.0,8208,64.9,210.0,5,2,152
1776.7,1832.5,8400,77.8,210.0,5,1,123
1658.9,1783.0,8912,108.6,210.0,5,1,150
1682.2,1856.2,9488,88.6,210.0,5,2,156
1531.9,1799.5,10064,85.2,210.0,5,1,170
1590.5,1694.2,10576,87.5,210.0,5,1,180
1567.6,1698.3,10704,91.5,210.0,5,2,158
1656.8,1612.2,10768,77.8,210.0,5,1,180
1754.1,1356.2,10896,153.1,210.0,5,2,160
1535.1,1727.5,1296,76.3,216.0,5,1,216
1809.7,1966.1,2960,60.8,216.0,5,1,141
1762.3,1975.5,3216,85.5,216.0,5,1,187
1806.4,2006.7,3280,48.6,216.0,5,1,105
1886.7,2000.0,3664,65.0,216.0,5,1,177
1890.6,1979.5,3728,66.1,216.0,5,1,119
1904.9,1994.2,3920,53.9,216.0,5,1,122
1826.7,2018.8,4560,62.2,216.0,5,1,152
1867.7,1996.1,4816,73.6,216.0,5,1,150
1912.5,2056.6,5456,78.6,216.0,5,1,123
1879.4,2083.6,5904,79.5,216.0,5,1,128
1932.6,2078.4,6160,75.2,216.0,5,1,129
1892.3,2096.2,6288,73.3,216.0,5,1,120
1875.3,2118.7,6736,94.1,216.0,5,2,147
1908.1,2086.8,7248,71.3,216.0,5,1,122
1822.3,1863.4,8208,59.6,216.0,5,1,143
1744.3,1802.1,8528,73.8,216.0,5,1,140
1725.7,1802.1,8592,80.7,216.0,5,1,138
1710.2,1877.1,9424,72.4,216.0,5,1,172
1963.5,1095.3,11024,51.1,216.0,5,1,140
1435.7,1914.1,1040,93.1,222.0,5,1,120
1493.3,1878.0,1104,45.5,222.0,5,2,105
1491.0,1815.8,1168,73.3,222.0,5,1,165
1532.5,1662.5,1552,80.0,222.0,5,1,184
1811.8,1959.5,2960,63.3,222.0,5,1,110
1807.4,2000.8,3280,51.5,222.0,5,1,147
1883.0,2010.1,4176,60.7,222.0,5,1,163
1896.6,1992.8,4368,49.7,222.0,5,1,127
1930.3,2065.8,6160,84.9,222.0,5,1,147
1939.0,2098.9,6224,54.2,222.0,5,1,146
1900.5,2115.6,6672,93.1,222.0,5,1,146
1899.4,2119.7,6864,79.6,222.0,5,1,158
1908.9,1976.9,7632,80.9,222.0,5,1,136
1817.3,1850.5,8208,71.6,222.0,5,1,139
1729.3,1793.9,8592,83.1,222.0,5,1,147
1695.8,1853.9,9424,98.2,222.0,5,2,152
1700.8,1848.1,9488,78.2,222.0,5,1,174
1672.4,1835.4,9616,80.8,222.0,5,1,150
1585.9,1776.7,9808,118.7,222.0,5,1,171
1619.5,1714.5,10384,84.0,222.0,5,1,212
1820.2,1372.9,10896,89.5,222.0,5,2,160
1498.1,1876.3,1104,43.4,228.0,5,2,101
1540.3,1658.7,1552,77.0,228.0,5,1,144
1539.5,1648.9,1680,64.0,228.0,5,1,160
1552.2,1794.9,2064,51.1,228.0,5,1,148
1700.7,1900.1,2448,57.6,228.0,5,1,145
1787.9,1941.5,2768,64.0,228.0,5,1,150
1885.1,1972.5,4112,91.0,228.0,5,1,108
1882.1,1999.6,4176,68.8,228.0,5,1,126
1857.1,1974.7,4752,91.9,228.0,5,1,144
1917.5,2037.6,5456,87.7,228.0,5,1,151
1907.1,2089.9,6288,66.5,228.0,5,1,160
1907.4,2098.1,6480,97.5,228.0,5,1,109
1896.7,2113.3,6736,81.8,228.0,5,1,155
1913.1,2122.5,6864,68.0,228.0,5,2,132
1909.6,2045.2,7312,86.0,228.0,5,1,141
1922.6,2036.8,7376,71.1,228.0,5,1,148
1852.6,1929.3,7824,84.5,228.0,5,1,143
1570.9,1759.4,9680,180.6,228.0,5,1,155
1632.9,1810.3,9808,61.7,228.0,5,1,255
1429.7,1959.5,976,111.6,234.0,5,1,162
1551.5,1660.4,1552,68.7,234.0,5,2,126
1807.4,1952.9,2896,63.7,234.0,5,1,146
1890.5,1966.8,4368,73.2,234.0,5,1,142
1844.4,1989.6,4624,80.9,234.0,5,1,147
1916.4,2020.6,5456,101.5,234.0,5,1,136
1956.7,2072.1,6160,62.4,234.0,5,2,132
1862.9,1928.5,7824,78.5,234.0,5,1,134
1785.1,1804.0,9104,57.5,234.0,5,1,158
1714.6,1845.2,9424,92.0,234.0,5,1,151
1688.4,1828.9,9616,74.9,234.0,5,1,173
1595.1,1758.7,10448,53.1,234.0,5,1,195
1552.9,1614.7,10704,159.9,234.0,5,1,122
1388.1,1994.9,912,132.4,240.0,5,1,112
1492.2,1848.0,1104,69.8,240.0,5,1,152
1555.6,1653.2,1552,72.5,240.0,5,1,178
1654.7,1849.2,2384,73.2,240.0,5,1,169
1809.7,1956.5,3152,72.4,240.0,5,1,128
1895.5,1960.2,4368,76.0,240.0,5,1,159
1786.3,1802.9,9168,63.8,240.0,5,1,152
1726.2,1843.8,9488,65.4,240.0,5,1,132
1574.3,1711.6,10448,104.0,240.0,5,2,198
1497.3,1841.6,1104,73.3,246.0,5,1,194
1560.8,1648.1,1680,53.0,246.0,5,1,156
1904.7,1927.6,3920,107.6,246.0,5,1,132
1904.4,1960.8,4368,71.4,246.0,5,2,142
1863.7,1987.4,4688,81.0,246.0,5,1,123
1916.8,2069.9,5968,69.2,246.0,5,1,141
1934.1,1976.2,7504,90.4,246.0,5,2,135
1860.1,1893.1,8016,47.7,246.0,5,1,152
1803.2,1808.2,8464,65.2,246.0,5,2,110
1597.5,1757.0,9744,146.2,246.0,5,1,172
1652.7,1808.0,9808,52.7,246.0,5,2,180
1627.0,1717.4,10192,123.0,246.0,5,1,182
1820.5,1974.8,3088,71.4,252.0,5,1,148
1804.0,1941.1,3216,89.0,252.0,5,1,132
1904.6,1992.5,4304,49.3,252.0,5,1,136
1914.3,1967.0,4368,62.1,252.0,5,2,106
1941.0,2028.4,7312,84.9,252.0,5,1,120
1860.5,1878.1,8016,61.6,252.0,5,2,136
1791.9,1777.2,9168,85.2,252.0,5,1,173
1656.8,1767.6,10192,65.4,252.0,5,1,199
1657.3,1695.0,10384,79.6,252.0,5,1,179
1646.2,1676.2,10576,64.9,252.0,5,1,194
2084.5,972.7,11088,44.7,252.0,5,1,132
1815.1,1889.3,2832,99.3,258.0,5,2,153
1846.8,1929.2,3024,92.0,258.0,5,2,166
1829.1,1979.2,3088,64.9,258.0,5,1,133
1835.5,1970.2,3152,50.0,258.0,5,1,122
1817.8,1961.1,3216,66.1,258.0,5,1,125
1871.4,1992.2,3472,71.2,258.0,5,1,144
1902.3,1886.3,3600,144.9,258.0,5,1,121
1943.4,1977.1,4048,78.1,258.0,5,3,105
1922.3,1973.6,4368,53.7,258.0,5,1,107
1954.0,2103.8,6672,75.7,258.0,5,1,131
1868.9,1886.8,8016,51.0,258.0,5,1,140
1845.7,1788.1,8336,77.4,258.0,5,1,137
1795.2,1762.9,9040,52.0,258.0,5,1,219
1806.5,1792.4,9104,59.4,258.0,5,1,158
1746.5,1842.1,9488,59.7,258.0,5,2,255
1697.1,1804.8,9552,99.8,258.0,5,1,144
1990.1,1056.2,11024,70.6,258.0,5,2,157
1571.4,1747.8,1232,74.0,264.0,5,1,180
1938.7,2073.7,5968,59.8,264.0,5,1,104
1962.0,2069.3,6480,101.8,264.0,5,1,126
1922.5,2060.0,6928,87.9,264.0,5,1,122
1962.2,1976.4,7504,82.8,264.0,5,2,118
1884.6,1846.1,8144,60.6,264.0,5,1,128
1885.0,1810.9,8272,72.1,264.0,5,1,132
1799.4,1750.9,9040,63.3,264.0,5,1,236
1750.3,1818.4,9488,82.5,264.0,5,1,170
1666.9,1787.4,9808,69.2,264.0,5,1,197
1597.8,1766.5,10064,76.0,264.0,5,1,194
1615.8,1753.1,10128,77.9,264.0,5,1,196
1624.6,1672.0,1488,64.6,270.0,5,1,165
1928.9,1961.2,3536,57.8,270.0,5,1,149
1924.3,1913.7,3792,105.7,270.0,5,1,121
1933.5,1970.3,4368,55.8,270.0,5,3,126
1891.9,1968.0,4624,87.0,270.0,5,1,139
1927.2,1977.1,4816,62.2,270.0,5,1,104
1972.8,2021.7,5392,74.3,270.0,5,1,147
1945.0,2075.5,5968,57.6,270.0,5,1,120
1972.7,2068.4,6480,102.2,270.0,5,1,122
1954.4,1932.2,7696,68.5,270.0,5,2,142
1892.5,1808.0,8272,74.6,270.0,5,1,165
1861.8,1777.0,8336,86.9,270.0,5,1,148
1747.8,1784.2,8976,53.5,270.0,5,1,143
1806.0,1751.9,9040,62.0,270.0,5,1,177
1681.9,1698.6,10384,72.1,270.0,5,1,243
1664.9,1641.7,10640,105.0,270.0,5,1,176
1556.3,1761.6,1168,103.8,276.0,5,1,152
1841.9,1882.8,2768,106.8,276.0,5,1,134
1874.5,1937.6,3024,82.0,276.0,5,1,154
1933.3,1981.1,4816,58.6,276.0,5,1,132
1963.2,1905.7,4880,137.5,276.0,5,1,155
1975.0,2023.5,5264,60.4,276.0,5,1,150
1950.9,2077.0,5968,56.4,276.0,5,1,122
1990.4,1957.2,7568,90.0,276.0,5,2,147
1784.5,1850.2,9360,56.6,276.0,5,2,155
1726.0,1825.4,9552,77.4,276.0,5,1,147
1682.9,1772.8,9808,83.9,276.0,5,1,158
1662.0,1805.9,9872,73.8,276.0,5,1,168
1686.5,1739.7,10192,90.6,276.0,5,1,223
1661.6,1731.1,10320,63.0,276.0,5,1,177
2387.7,864.8,11152,75.6,276.0,5,1,186
1538.2,1856.1,1104,53.6,282.0,5,1,117
1597.3,1735.5,1232,87.7,282.0,5,1,169
1860.4,1931.1,2896,74.9,282.0,5,1,116
1881.4,1946.5,3024,74.3,282.0,5,2,120
1938.2,1954.0,3792,66.9,282.0,5,1,116
1924.8,1977.4,4496,56.2,282.0,5,1,125
1988.2,2045.9,5456,58.1,282.0,5,1,142
1956.6,2078.2,5968,56.1,282.0,5,1,142
1982.2,2052.0,7248,78.5,282.0,5,1,122
1997.8,1967.7,7568,80.8,282.0,5,1,119
1971.3,1921.2,7696,81.2,282.0,5,1,148
1690.6,1778.7,9808,79.3,282.0,5,1,161
1672.8,1792.2,9872,89.1,282.0,5,1,151
1604.4,1628.6,1680,71.4,288.0,5,1,147
1958.5,1947.5,3600,84.6,288.0,5,1,142
1981.2,1987.0,4048,69.9,288.0,5,1,167
1938.5,1981.8,4304,60.5,288.0,5,1,124
2001.4,2008.1,5392,92.5,288.0,5,1,145
1996.4,2040.3,5456,65.7,288.0,5,1,134
1964.0,2074.5,5968,61.6,288.0,5,1,128
2000.1,2086.1,6480,88.8,288.0,5,1,127
1990.6,2052.7,7248,80.0,288.0,5,1,137
1988.4,2043.8,7312,68.7,288.0,5,3,156
1980.7,1919.9,7696,84.9,288.0,5,1,132
1769.7,1743.0,9552,167.6,288.0,5,1,158
1679.6,1820.7,9744,73.4,288.0,5,1,220
1693.7,1653.5,10576,88.7,288.0,5,1,162
1945.9,1180.4,10960,72.7,288.0,5,1,108
1590.8,1763.0,1168,111.5,294.0,5,1,142
1847.4,1951.7,2768,40.9,294.0,5,1,106
1875.1,1969.6,3088,80.0,294.0,5,1,143
1962.8,1972.9,4176,85.2,294.0,5,1,140
1952.9,1982.3,4368,47.9,294.0,5,1,147
2002.5,2029.5,5392,72.9,294.0,5,2,147
2006.9,2093.6,6480,84.2,294.0,5,1,143
1997.9,2123.4,6608,66.4,294.0,5,1,137
2000.7,2108.4,6672,76.1,294.0,5,1,146
2000.3,2034.6,7312,81.5,294.0,5,3,123
2000.4,1992.4,7504,72.6,294.0,5,1,155
1991.4,1917.7,7696,90.8,294.0,5,1,123
1963.1,1922.6,7760,79.1,294.0,5,1,155
1754.2,1835.9,8848,49.6,294.0,5,1,156
1697.3,1804.3,9808,56.8,294.0,5,1,149
1712.0,1751.2,10192,86.0,294.0,5,1,167
1553.9,1948.3,976,117.2,300.0,5,1,217
1642.4,1659.6,1872,82.7,300.0,5,1,163
1918.4,1928.3,3024,104.9,300.0,5,1,142
1873.5,1971.2,3152,55.3,300.0,5,1,134
1865.2,1967.4,3216,67.4,300.0,5,2,140
1958.6,1982.6,3600,52.4,300.0,5,1,132
1962.0,1954.2,3792,75.3,300.0,5,1,120
2012.0,1912.8,3984,138.5,300.0,5,1,102
1961.4,1993.2,4176,66.5,300.0,5,1,126
1964.2,1972.9,4368,61.4,300.0,5,2,112
1955.0,1975.9,4432,78.7,300.0,5,1,160
2001.5,2039.6,5328,58.0,300.0,5,1,110
2005.6,1967.5,7632,73.2,300.0,5,1,142
1995.7,1929.2,7696,82.4,300.0,5,1,154
1909.8,1757.5,8400,131.5,300.0,5,2,166
1773.3,1793.6,8976,51.0,300.0,5,2,156
1708.6,1775.1,10192,63.2,300.0,5,1,209
1712.6,1664.0,10640,95.5,300.0,5,2,210
1695.4,1660.0,10704,97.0,300.0,5,1,176
1574.2,1941.2,976,134.2,306.0,5,1,255
1898.3,1947.4,2960,67.2,306.0,5,1,162
1971.1,1974.7,3600,65.8,306.0,5,2,148
1992.4,1951.9,3728,82.2,306.0,5,1,153
1987.9,1951.1,4368,92.6,306.0,5,1,163
1961.6,1980.7,4432,78.2,306.0,5,1,144
1959.1,1987.2,4752,68.9,306.0,5,1,134
2026.0,2004.8,5264,97.4,306.0,5,1,147
2024.7,2024.6,5392,88.3,306.0,5,1,147
2013.3,2051.6,5456,63.3,306.0,5,1,142
2000.7,2114.9,6864,71.7,306.0,5,1,156
2014.4,1968.5,7632,77.3,306.0,5,1,123
1994.9,1874.0,7824,145.9,306.0,5,1,169
1959.1,1791.0,8272,113.2,306.0,5,1,137
1894.9,1720.5,8528,154.6,306.0,5,1,151
1849.6,1753.9,9040,74.1,306.0,5,1,255
1838.6,1824.0,9360,102.0,306.0,5,2,148
1719.2,1804.8,9744,105.9,306.0,5,2,147
1742.2,1740.1,10192,110.9,306.0,5,1,192
1722.3,1667.7,10640,97.7,306.0,5,1,169
1890.8,1484.8,10832,58.4,306.0,5,1,185
1962.0,1196.4,10960,65.6,306.0,5,1,126
2416.2,889.9,11152,61.9,306.0,5,2,159
1586.5,1885.7,1040,122.0,312.0,5,1,242
1648.6,1714.8,1296,77.4,312.0,5,1,158
1597.0,1652.0,1744,69.2,312.0,5,1,136
1651.2,1655.2,1808,89.5,312.0,5,1,170
1770.9,1907.6,2448,47.4,312.0,5,1,163
1898.3,1957.9,2960,59.0,312.0,5,1,148
1942.9,1933.7,3024,115.0,312.0,5,1,212
1977.5,1977.8,3600,67.4,312.0,5,2,142
1954.0,2020.8,4240,62.8,312.0,5,1,123
2023.4,2022.9,5264,81.7,312.0,5,1,134
1938.5,1766.5,8400,141.1,312.0,5,2,255
1773.9,1837.0,8848,59.5,312.0,5,2,152
1866.9,1797.2,9104,71.7,312.0,5,1,164
1736.5,1844.0,9680,66.8,312.0,5,1,168
1678.8,1760.9,10064,109.2,312.0,5,1,177
1718.4,1783.9,10192,61.8,312.0,5,1,172
1700.9,1742.8,10320,68.5,312.0,5,1,190
1757.5,1643.9,10640,138.4,312.0,5,1,232
1517.2,2052.9,912,84.8,318.0,5,1,146
1563.6,1923.5,1040,79.0,318.0,5,2,154
1845.2,1947.7,2640,60.2,318.0,5,2,144
1975.9,1988.8,3600,58.5,318.0,5,2,126
1967.9,1986.5,4624,102.3,318.0,5,1,122
2006.9,2077.4,5968,83.4,318.0,5,1,151
2005.7,2080.8,6928,99.6,318.0,5,1,149
1732.2,1809.2,9872,104.8,318.0,5,1,166
1891.2,1500.8,10832,46.8,318.0,5,1,172
1662.7,1680.7,1424,66.0,324.0,5,1,178
1704.8,1634.0,1552,139.5,324.0,5,2,158
1602.4,1665.8,1744,63.9,324.0,5,2,176
1644.2,1790.9,2064,71.5,324.0,5,1,163
1663.0,1839.3,2256,70.9,324.0,5,1,168
1831.5,1938.2,2576,65.7,324.0,5,1,125
1874.7,1950.0,2704,70.1,324.0,5,1,110
1901.6,1978.6,3152,68.9,324.0,5,1,143
1893.6,1980.6,3216,76.8,324.0,5,2,120
2013.0,2014.7,4048,66.0,324.0,5,1,154
2019.9,2083.2,5776,66.6,324.0,5,1,150
1998.8,2104.9,6288,58.4,324.0,5,1,152
2081.5,1949.3,7632,139.0,324.0,5,1,159
1947.4,1887.4,8016,83.9,324.0,5,1,137
1916.6,1818.6,8400,89.7,324.0,5,1,226
1875.7,1788.0,8592,104.7,324.0,5,1,227
1822.5,1783.4,8976,92.4,324.0,5,1,227
1877.8,1807.7,9104,72.8,324.0,5,2,148
1684.4,1786.7,10128,74.7,324.0,5,1,222
1743.5,1729.4,10320,109.4,324.0,5,1,208
1723.3,1704.2,10640,72.2,324.0,5,2,211
1975.3,1211.8,10960,64.1,324.0,5,1,162
2077.2,1072.7,11024,89.5,324.0,5,1,179
1722.5,1640.6,1552,150.8,330.0,5,1,171
1643.6,1666.3,1616,60.2,330.0,5,2,163
1659.6,1695.4,2000,63.5,330.0,5,1,146
1960.9,2039.2,4240,56.5,330.0,5,1,116
2040.7,2083.0,5648,66.2,330.0,5,2,132
1827.4,1791.8,8976,91.9,330.0,5,1,154
1899.3,1811.4,9168,93.5,330.0,5,1,118
1847.3,1866.9,9360,79.3,330.0,5,1,142
1718.0,1842.5,9872,73.6,330.0,5,1,238
1776.9,1779.2,10256,97.0,330.0,5,1,160
1762.0,1731.9,10320,123.6,330.0,5,1,231
1776.6,1716.0,10384,109.3,330.0,5,1,141
1743.7,1688.1,10704,111.9,330.0,5,1,255
1722.4,1693.1,1488,107.0,336.0,5,1,191
1745.1,1653.2,1808,168.3,336.0,5,2,153
1970.0,1995.8,3408,114.5,336.0,5,1,140
1996.1,1999.6,3600,69.8,336.0,5,1,149
2008.4,2012.3,4112,68.3,336.0,5,1,141
2007.1,2137.5,6800,77.8,336.0,5,1,160
2012.7,1852.1,8144,133.3,336.0,5,1,179
1874.6,1814.1,8528,77.2,336.0,5,1,232
1824.6,1805.3,8912,78.5,336.0,5,1,154
1829.8,1883.7,9360,56.1,336.0,5,2,171
1707.7,1765.4,10448,89.1,336.0,5,1,159
1766.2,1690.9,10704,130.6,336.0,5,1,165
1790.9,1660.5,1424,190.9,342.0,5,1,158
1937.9,2018.8,3408,76.3,342.0,5,1,137
2006.0,2012.2,3984,66.6,342.0,5,1,142
2002.1,2021.9,4112,59.0,342.0,5,1,141
1989.6,2007.5,4496,80.5,342.0,5,1,149
2050.4,2063.7,7376,84.3,342.0,5,1,159
1925.5,1781.2,8912,181.4,342.0,5,1,183
1723.4,1856.9,9872,72.7,342.0,5,1,179
2086.4,1098.8,11024,85.7,342.0,5,1,153
1678.4,1704.9,1424,70.6,348.0,5,2,142
1716.2,1668.0,1680,136.8,348.0,5,2,163
1736.2,1703.8,1936,137.9,348.0,5,1,150
1820.9,1925.5,2448,83.6,348.0,5,1,143
1883.0,1936.1,2512,126.2,348.0,5,1,128
2026.0,2001.0,3728,83.7,348.0,5,2,161
1999.5,2015.1,3920,52.2,348.0,5,1,136
2034.1,2148.3,6800,100.3,348.0,5,2,180
2011.9,1868.4,8208,144.6,348.0,5,1,154
1972.2,1817.9,9104,156.7,348.0,5,1,148
1855.7,1901.1,9424,89.0,348.0,5,1,148
1941.1,1861.7,9488,186.3,348.0,5,1,160
1763.2,1811.5,10192,88.0,348.0,5,1,163
1714.0,1783.0,10448,89.7,348.0,5,1,144
1755.8,1905.8,2384,64.8,354.0,5,1,107
1868.2,1980.8,2640,68.2,354.0,5,1,130
1935.2,1978.9,2704,117.9,354.0,5,1,122
1930.4,1994.3,2960,71.9,354.0,5,1,144
1955.0,2025.3,3344,96.3,354.0,5,1,136
2007.5,2010.7,3536,79.1,354.0,5,1,140
2046.9,2007.6,3728,103.4,354.0,5,1,144
1999.3,2020.6,3920,51.1,354.0,5,1,122
2038.8,2030.4,4112,93.3,354.0,5,1,151
1993.5,2035.1,4752,75.3,354.0,5,1,140
2117.0,2060.6,5200,134.6,354.0,5,1,101
1981.2,1826.9,8528,178.1,354.0,5,1,180
1699.0,1736.6,1488,74.4,0.0,6,2,157
2003.1,2025.9,3920,54.6,0.0,6,2,137
2025.4,2053.5,4048,65.8,0.0,6,2,149
2019.5,2050.8,4176,91.3,0.0,6,1,120
2083.3,1858.2,9168,265.0,0.0,6,1,139
1758.5,1879.3,9872,104.2,0.0,6,1,219
1909.9,1532.1,10832,53.4,0.0,6,1,153
1651.4,1828.9,1232,72.7,6.0,6,1,208
1948.1,2011.2,2960,89.8,6.0,6,1,144
1947.4,2027.7,3024,81.9,6.0,6,1,142
1996.4,2073.5,3472,110.8,6.0,6,1,140
2056.2,2044.7,3984,114.1,6.0,6,1,160
2034.9,2062.0,4176,107.3,6.0,6,1,140
2139.6,2127.2,7312,173.3,6.0,6,1,118
1779.0,1867.2,9808,105.5,6.0,6,1,255
1777.6,1860.1,10064,172.8,6.0,6,1,152
1676.5,1892.7,1168,134.0,12.0,6,1,129
1640.7,1834.4,1232,62.9,12.0,6,1,202
1943.5,2019.8,2960,86.5,12.0,6,1,154
1937.4,2062.9,3088,97.0,12.0,6,1,145
2034.5,2052.2,3984,93.8,12.0,6,1,153
2016.4,2055.1,4112,72.0,12.0,6,1,141
2138.3,2086.4,5008,178.8,12.0,6,1,114
2264.7,2129.9,7440,293.3,12.0,6,1,142
1967.3,1919.0,8208,99.0,12.0,6,1,129
1732.2,1906.5,9744,77.0,12.0,6,1,158
1742.5,1889.1,9936,91.0,12.0,6,1,202
1925.5,1546.7,10832,70.5,12.0,6,2,151
1953.9,1447.1,10896,68.7,12.0,6,1,167
2079.1,1141.1,11024,76.0,12.0,6,1,174
1639.7,1841.0,1232,63.8,18.0,6,1,207
1669.4,1739.0,1424,63.1,18.0,6,1,167
1712.8,1896.8,2128,129.9,18.0,6,1,142
1923.0,2025.4,2704,110.4,18.0,6,1,170
1927.1,2031.1,2896,86.5,18.0,6,1,143
1972.5,2038.7,2960,119.5,18.0,6,1,137
2039.2,2070.4,4112,98.0,18.0,6,1,156
2009.8,2098.5,4560,139.6,18.0,6,1,122
2005.9,2096.8,4688,114.9,18.0,6,1,131
2114.9,2179.2,6224,142.6,18.0,6,1,142
1913.3,1889.3,8592,128.6,18.0,6,1,147
1685.6,1875.5,10000,81.1,18.0,6,2,199
1910.8,1549.7,10832,57.2,18.0,6,1,150
1640.4,1848.6,1232,67.1,24.0,6,1,183
1849.4,2008.5,2576,77.8,24.0,6,1,141
1902.5,2016.2,2832,73.1,24.0,6,1,112
2039.9,2083.0,3664,110.2,24.0,6,1,130
2001.5,2049.5,3920,58.0,24.0,6,1,117
2018.2,2090.9,4176,98.6,24.0,6,1,122
1990.9,2103.3,4688,103.2,24.0,6,1,130
2058.3,2181.4,5904,125.5,24.0,6,1,148
2062.5,2153.4,6160,75.7,24.0,6,2,162
2087.4,2206.6,6416,122.3,24.0,6,1,148
1842.3,1934.9,9360,69.7,24.0,6,1,162
1817.3,1949.5,9680,137.4,24.0,6,1,141
1772.5,1900.0,9808,107.7,24.0,6,2,201
1721.8,1900.6,9936,74.8,24.0,6,1,134
1678.5,1881.6,10000,76.6,24.0,6,1,191
1728.9,1877.4,10128,114.9,24.0,6,1,195
1722.6,1763.0,10576,61.7,24.0,6,1,176
2003.1,1484.7,10896,127.5,24.0,6,1,173
2025.0,1294.7,10960,111.2,24.0,6,1,164
2149.8,1038.1,11088,56.4,24.0,6,1,130
1523.9,2149.8,912,80.5,30.0,6,1,165
1600.9,2031.8,1040,110.9,30.0,6,1,172
1619.3,1907.5,1168,85.3,30.0,6,1,141
1677.1,1766.3,1360,81.6,30.0,6,1,141
1679.3,1752.5,1680,111.9,30.0,6,1,154
1678.4,1771.9,1808,100.5,30.0,6,1,169
2017.2,2127.3,4624,144.7,30.0,6,1,132
2044.3,2127.3,5264,87.3,30.0,6,1,155
2058.5,2173.8,5712,109.5,30.0,6,1,134
2050.6,2200.1,6416,86.5,30.0,6,1,140
1958.8,1982.5,8016,91.5,30.0,6,1,118
1730.1,1914.4,9936,88.5,30.0,6,1,191
1905.1,1560.1,10832,56.1,30.0,6,1,164
1589.8,2038.0,1040,104.9,36.0,6,1,138
1643.4,1770.7,1744,114.5,36.0,6,1,209
1875.5,2033.0,2704,71.1,36.0,6,1,120
1994.7,2055.2,3728,62.6,36.0,6,2,111
2052.3,2243.2,6608,100.6,36.0,6,1,154
2020.9,2048.9,7696,82.2,36.0,6,1,114
1928.2,1940.4,8208,71.4,36.0,6,1,117
1786.0,1919.0,8848,64.2,36.0,6,1,132
1702.0,1923.3,9744,55.8,36.0,6,1,182
1629.1,1774.0,1744,105.5,42.0,6,1,192
1908.8,2052.2,2832,98.3,42.0,6,1,117
2014.5,2081.8,3728,94.8,42.0,6,1,166
2026.4,2148.0,5456,67.6,42.0,6,1,149
2025.5,2174.8,5712,83.3,42.0,6,1,160
1923.5,1957.6,8080,60.6,42.0,6,1,149
1917.6,1937.6,8400,99.0,42.0,6,1,143
1863.6,1914.9,8592,97.7,42.0,6,1,162
1808.8,1948.5,8848,100.6,42.0,6,1,156
1817.4,1900.4,8976,93.7,42.0,6,1,148
1870.6,1929.2,9232,91.1,42.0,6,1,158
1781.7,1933.9,9616,66.4,42.0,6,1,160
1718.0,1850.4,10320,84.7,42.0,6,1,145
1709.4,1830.7,1488,126.6,48.0,6,1,181
1616.6,1776.5,1744,98.4,48.0,6,1,188
1651.9,1926.2,2128,93.6,48.0,6,1,154
1943.1,2104.9,3024,115.3,48.0,6,1,144
1910.2,2107.0,3280,96.4,48.0,6,1,157
1988.0,2084.7,3536,88.5,48.0,6,1,138
2049.4,2157.9,3600,174.8,48.0,6,1,158
2010.6,2117.4,3664,106.6,48.0,6,1,138
1959.4,2058.3,3792,52.4,48.0,6,1,105
1978.6,2104.5,4304,87.7,48.0,6,1,120
2031.7,2128.6,5200,72.6,48.0,6,1,212
2009.5,2129.0,5264,61.0,48.0,6,1,157
2058.4,2185.1,5328,128.3,48.0,6,1,145
1987.9,2194.2,7184,78.9,48.0,6,1,152
2036.0,2131.1,7504,97.3,48.0,6,2,143
1833.2,1917.9,8656,75.3,48.0,6,1,154
1780.5,1918.8,8784,73.1,48.0,6,1,163
1741.0,1960.6,10128,174.9,48.0,6,1,177
1709.0,1853.6,10320,80.6,48.0,6,1,149
1709.9,1835.0,10512,89.6,48.0,6,1,156
1911.8,1593.5,10832,82.6,48.0,6,2,158
2428.5,994.1,11152,72.8,48.0,6,2,131
1604.6,1777.6,1744,91.7,54.0,6,1,180
1775.1,1992.3,2448,61.1,54.0,6,1,151
1978.7,2110.0,3856,108.2,54.0,6,2,147
1999.8,2111.3,3984,97.1,54.0,6,1,137
1970.6,2109.1,4304,86.3,54.0,6,1,134
2055.0,2209.1,5392,139.7,54.0,6,1,152
2019.5,2190.6,6224,68.5,54.0,6,1,121
2003.9,2205.0,6352,76.3,54.0,6,2,113
2040.2,2266.7,6544,113.4,54.0,6,1,139
1924.1,2006.4,7952,53.9,54.0,6,1,156
1882.6,1924.5,8400,65.6,54.0,6,1,143
1757.6,1984.3,9680,112.0,54.0,6,1,167
1757.0,1970.2,9808,140.9,54.0,6,2,166
1654.5,1909.2,10064,82.9,54.0,6,1,221
1689.3,1802.5,10704,72.2,54.0,6,2,175
1551.0,2056.1,1040,92.1,60.0,6,2,125
1568.7,1980.6,1104,83.3,60.0,6,2,171
1632.8,1932.1,2128,87.0,60.0,6,1,144
1643.7,1947.0,2256,76.1,60.0,6,1,151
1904.2,2113.3,3344,90.1,60.0,6,1,161
2034.1,2162.9,5200,101.9,60.0,6,1,162
2024.0,2197.3,6096,69.8,60.0,6,1,159
1994.9,2205.4,6352,71.7,60.0,6,1,141
1970.6,2229.1,6800,69.2,60.0,6,1,156
2010.7,2159.9,7376,81.1,60.0,6,1,139
1828.5,1993.0,9360,99.8,60.0,6,1,129
1793.6,1960.5,9488,69.4,60.0,6,2,146
1697.3,1960.4,9744,80.7,60.0,6,1,138
1699.5,1950.0,9936,92.2,60.0,6,1,238
1742.0,1912.7,10256,98.2,60.0,6,1,145
1688.4,1851.5,10320,66.7,60.0,6,1,151
1701.0,1798.1,10576,69.5,60.0,6,1,144
2052.3,1207.5,11024,94.9,60.0,6,1,166
1611.3,1761.5,1680,71.1,66.0,6,2,115
1620.7,1927.3,2128,77.3,66.0,6,1,135
1732.4,2004.7,2384,100.9,66.0,6,1,149
1892.8,2110.8,3344,82.6,66.0,6,1,130
1915.7,2128.1,3472,72.4,66.0,6,1,128
1968.3,2107.4,3536,96.9,66.0,6,1,140
1950.4,2122.1,4432,85.5,66.0,6,1,106
2027.0,2212.2,5328,134.0,66.0,6,1,158
1993.7,2221.1,6352,85.1,66.0,6,1,149
2025.4,2291.4,6544,127.5,66.0,6,1,150
1774.7,1898.0,8976,66.0,66.0,6,1,138
1811.0,1979.2,9360,79.5,66.0,6,1,143
1681.7,1940.8,9872,67.3,66.0,6,1,177
1693.3,1959.8,9936,98.1,66.0,6,1,173
1701.8,2005.6,10128,191.5,66.0,6,1,151
1679.0,1816.3,10704,79.1,66.0,6,1,118
1613.7,1931.7,2128,78.9,72.0,6,1,153
1854.3,2095.8,3216,73.6,72.0,6,1,124
1885.9,2105.5,3408,66.4,72.0,6,1,155
1912.4,2142.3,3472,84.5,72.0,6,1,105
1962.0,2120.9,3536,107.2,72.0,6,1,125
1940.3,2068.5,3792,51.6,72.0,6,1,124
1947.1,2123.0,4304,88.0,72.0,6,2,141
1919.1,2138.8,4624,88.2,72.0,6,1,132
2005.9,2168.1,5072,116.8,72.0,6,1,145
2010.8,2213.1,5392,123.1,72.0,6,1,125
1991.8,2123.2,7504,67.8,72.0,6,1,156
2003.3,2115.4,7568,72.3,72.0,6,2,112
1841.8,1921.0,9104,74.1,72.0,6,1,173
1837.7,1918.0,9168,62.9,72.0,6,1,170
1780.9,1968.1,9488,71.1,72.0,6,1,142
1751.9,1949.4,9616,63.0,72.0,6,2,150
1673.1,1937.3,9872,60.9,72.0,6,1,158
1653.2,1988.1,10064,153.6,72.0,6,1,171
1676.6,1850.3,10512,86.0,72.0,6,1,183
1886.9,1625.6,10832,98.4,72.0,6,1,158
1597.3,1766.7,1680,71.8,78.0,6,1,125
1899.2,2122.7,3472,62.1,78.0,6,1,154
1957.9,2147.9,3600,122.6,78.0,6,1,105
1964.6,2116.8,4880,76.0,78.0,6,2,134
2013.4,2208.6,5136,141.7,78.0,6,1,158
1974.4,2215.6,6352,74.0,78.0,6,2,141
1966.5,2245.1,6736,72.7,78.0,6,1,126
1949.2,2231.1,6800,63.3,78.0,6,2,114
1906.8,2030.4,7952,69.2,78.0,6,1,113
1795.9,1923.4,8656,62.8,78.0,6,2,150
1749.2,1952.3,8848,72.7,78.0,6,2,168
1803.8,2025.1,9360,121.2,78.0,6,1,129
1669.5,1950.9,9872,73.2,78.0,6,1,138
1624.4,1925.2,10000,76.4,78.0,6,2,175
1700.7,2001.5,2384,89.4,84.0,6,1,146
1853.1,2106.3,3280,71.3,84.0,6,1,119
1867.7,2115.8,3344,80.9,84.0,6,1,135
1906.1,2150.9,4688,90.1,84.0,6,1,156
1939.8,2159.0,4816,120.3,84.0,6,1,139
1947.3,2213.0,7120,80.3,84.0,6,1,126
1977.5,2122.2,7504,63.8,84.0,6,2,134
1900.0,2034.6,7952,72.2,84.0,6,1,130
1888.0,2016.9,8016,80.6,84.0,6,1,158
1899.3,1946.7,8272,64.4,84.0,6,1,138
1742.8,1964.8,8848,84.1,84.0,6,1,171
1753.1,1887.8,8976,50.4,84.0,6,1,147
1813.3,1882.6,9040,69.1,84.0,6,1,142
1615.8,1920.1,10000,70.0,84.0,6,1,164
1633.6,1870.5,10448,69.2,84.0,6,1,162
1671.9,1813.0,10640,66.7,84.0,6,1,164
1902.0,1578.6,10896,146.6,84.0,6,1,168
1579.1,1950.8,1232,129.5,90.0,6,1,168
1624.6,1821.9,1488,85.3,90.0,6,1,176
1591.9,1804.5,1552,88.5,90.0,6,1,146
1591.4,1792.9,1616,96.4,90.0,6,1,124
1591.3,1820.6,1808,98.9,90.0,6,1,179
1958.6,2274.8,6864,101.8,90.0,6,1,134
1981.0,2112.8,7568,66.1,90.0,6,2,162
1892.4,2029.3,7952,66.5,90.0,6,1,141
1879.5,2014.6,8016,77.8,90.0,6,1,144
1752.9,1914.9,8912,77.6,90.0,6,1,149
1818.3,1904.8,9168,46.6,90.0,6,2,137
1802.9,1945.3,9232,77.0,90.0,6,1,147
1732.4,1963.7,9616,74.3,90.0,6,1,131
1674.2,1934.4,9808,78.2,90.0,6,1,176
1653.4,2017.6,9936,147.4,90.0,6,1,148
1664.9,1806.4,10640,59.7,90.0,6,2,156
1646.9,1851.9,10704,107.8,90.0,6,1,145
1838.7,2102.0,3280,67.0,96.0,6,1,120
1962.7,2261.3,6608,77.7,96.0,6,1,115
1957.2,2203.8,7312,95.3,96.0,6,1,164
1961.2,2175.1,7376,85.9,96.0,6,1,123
1723.7,1980.1,8848,99.4,96.0,6,1,147
1648.1,1938.3,9872,59.3,96.0,6,1,164
1643.8,1962.3,9936,92.6,96.0,6,1,200
1619.4,1867.0,10448,65.7,96.0,6,1,137
1637.8,1829.9,10704,86.3,96.0,6,1,143
1566.5,1771.1,1680,76.3,102.0,6,1,103
1583.0,1816.2,1872,86.8,102.0,6,1,144
1819.2,2124.6,2896,122.9,102.0,6,1,123
1812.5,2184.3,3088,144.8,102.0,6,1,141
1831.3,2103.2,3280,69.5,102.0,6,1,153
1914.2,2116.5,4176,67.2,102.0,6,2,125
1905.4,2104.9,4752,63.4,102.0,6,1,137
1955.5,2260.0,6544,87.0,102.0,6,1,122
1966.7,2114.0,7568,68.8,102.0,6,1,114
1778.4,1908.7,8592,60.4,102.0,6,1,127
1712.9,1952.2,8784,89.7,102.0,6,1,126
1740.7,1894.7,8912,58.7,102.0,6,1,161
1788.9,1934.2,9232,67.4,102.0,6,1,162
1641.6,1939.2,9872,61.2,102.0,6,1,145
2084.0,1082.3,11088,68.6,102.0,6,2,193
1561.8,1787.6,1616,95.9,108.0,6,1,142
1572.7,1907.8,2128,53.7,108.0,6,2,111
1801.9,2116.9,3216,95.8,108.0,6,1,160
1890.5,2136.8,3536,124.0,108.0,6,1,147
1875.8,2104.5,4624,52.0,108.0,6,1,126
1947.3,2248.7,6480,82.2,108.0,6,1,154
1946.9,2257.0,6544,86.3,108.0,6,1,128
1771.8,1908.6,8592,62.1,108.0,6,1,149
1704.4,1972.5,8848,96.0,108.0,6,2,142
1735.3,1973.2,9488,76.5,108.0,6,1,148
1581.6,1933.2,10000,87.0,108.0,6,2,186
1654.6,1854.8,10384,88.4,108.0,6,1,168
1643.8,1806.9,10576,72.6,108.0,6,1,166
1552.4,1881.3,1232,65.7,114.0,6,1,138
1839.5,2100.5,3408,63.7,114.0,6,3,135
1857.3,2127.1,3472,71.3,114.0,6,1,163
1882.8,2117.8,4432,80.7,114.0,6,1,135
1890.2,2106.7,4752,69.8,114.0,6,1,124
1930.1,2146.3,5072,97.6,114.0,6,1,123
1921.4,2256.4,6864,91.4,114.0,6,1,161
1952.5,2110.6,7568,70.0,114.0,6,2,138
1692.1,1975.4,8848,103.2,114.0,6,1,148
1656.4,1973.2,9680,87.1,114.0,6,1,150
1627.9,1927.5,9936,62.8,114.0,6,1,255
1631.6,1821.5,10640,81.9,114.0,6,1,167
2065.8,1088.2,11088,80.0,114.0,6,1,158
1554.1,1888.8,2064,64.5,120.0,6,1,166
1552.4,2011.5,2320,140.9,120.0,6,1,151
1840.6,2085.4,3408,49.7,120.0,6,1,135
1878.8,2105.7,3536,100.2,120.0,6,1,156
1856.9,2174.2,4176,142.6,120.0,6,1,122
1871.9,2136.9,4240,80.1,120.0,6,1,136
1915.2,2248.0,6864,86.7,120.0,6,1,114
1943.9,2110.9,7568,74.2,120.0,6,1,141
1754.7,1910.7,8656,56.3,120.0,6,1,154
1682.8,1969.9,8848,102.5,120.0,6,2,150
1762.2,1938.8,9232,81.5,120.0,6,1,135
1628.4,1939.9,9744,57.1,120.0,6,1,164
1623.7,1818.1,10640,82.4,120.0,6,1,165
2051.4,1096.4,11088,93.8,120.0,6,1,156
1768.1,2075.3,2768,106.7,126.0,6,1,105
1794.5,2117.5,3024,121.5,126.0,6,1,159
1760.9,2155.1,3088,138.9,126.0,6,1,133
1862.4,2155.1,4112,142.2,126.0,6,1,144
1912.1,2179.6,5392,103.3,126.0,6,1,153
1962.7,2218.6,6992,69.3,126.0,6,2,153
1889.4,2198.4,7184,77.8,126.0,6,1,126
1652.0,1884.0,10256,69.6,126.0,6,1,164
1616.7,1813.0,10640,82.0,126.0,6,1,117
1749.7,1679.0,10832,181.6,126.0,6,1,155
1882.4,1306.1,10960,69.9,126.0,6,2,144
2324.7,1015.8,11152,93.8,126.0,6,2,255
1554.1,1784.8,1936,70.5,132.0,6,2,166
1778.7,2049.7,2832,85.2,132.0,6,1,140
1868.2,2099.0,4752,75.4,132.0,6,1,136
1863.2,2110.4,4816,95.6,132.0,6,1,150
1893.5,2245.2,6864,97.3,132.0,6,1,136
1877.6,2207.5,6928,80.8,132.0,6,1,131
1877.1,2201.8,7120,92.3,132.0,6,1,151
1923.9,2128.8,7440,80.5,132.0,6,1,147
1811.2,2012.7,8016,102.2,132.0,6,1,153
1839.8,1932.5,8208,45.8,132.0,6,1,173
1577.3,1964.8,9872,115.0,132.0,6,1,173
1612.0,1805.5,10640,79.1,132.0,6,2,149
1535.8,1785.7,1424,98.9,138.0,6,1,170
1534.8,1944.8,2256,95.3,138.0,6,1,156
1678.7,2035.2,2512,108.8,138.0,6,1,161
1803.6,2075.3,3024,83.9,138.0,6,1,147
1886.2,2083.6,3984,76.1,138.0,6,1,136
1845.2,2125.5,4176,111.7,138.0,6,1,137
1842.7,2108.8,4304,103.9,138.0,6,1,117
1891.6,2169.2,5392,109.3,138.0,6,1,140
1886.8,2201.4,7056,78.9,138.0,6,2,153
1903.8,2184.7,7248,83.5,138.0,6,1,164
1844.8,1925.7,8272,64.3,138.0,6,1,160
1800.0,1911.0,8400,59.2,138.0,6,1,139
1671.3,1918.7,8784,81.1,138.0,6,1,166
1710.9,1875.1,8912,56.5,138.0,6,1,159
1726.1,1958.0,9424,57.3,138.0,6,1,149
1597.1,1845.9,10320,77.9,138.0,6,1,163
1825.7,1487.7,10896,82.0,138.0,6,1,169
2309.3,1003.4,11152,94.8,138.0,6,1,163
1519.0,1790.9,1872,101.5,144.0,6,1,130
1530.4,1913.3,2192,63.3,144.0,6,1,161
1820.4,2029.7,2960,47.5,144.0,6,1,120
1895.4,2067.2,3984,58.6,144.0,6,1,141
1871.7,2070.9,4368,76.4,144.0,6,1,108
1808.3,2115.7,4624,103.4,144.0,6,1,150
1843.7,2099.8,4688,65.4,144.0,6,1,136
1916.6,2164.6,5648,82.6,144.0,6,1,116
1890.2,2173.0,5968,67.7,144.0,6,1,138
1900.4,2185.9,6352,72.5,144.0,6,1,144
1905.8,2136.5,7376,79.7,144.0,6,1,161
1776.5,1920.5,8400,83.5,144.0,6,1,140
1747.0,1856.8,9040,73.0,144.0,6,1,144
1604.6,1882.4,10192,89.5,144.0,6,1,164
1598.9,1794.6,10640,81.5,144.0,6,2,160
1820.6,1480.8,10896,81.7,144.0,6,1,146
2318.8,984.2,11152,75.3,144.0,6,1,137
1495.9,1735.1,1744,63.3,150.0,6,2,112
1679.6,2071.2,2704,159.8,150.0,6,1,127
1803.3,2033.8,2960,64.1,150.0,6,1,114
1767.4,2080.5,3280,90.4,150.0,6,1,115
1856.2,2058.7,3792,78.6,150.0,6,1,155
1882.6,2067.5,3984,69.5,150.0,6,1,136
1906.0,2084.4,4048,61.9,150.0,6,1,144
1871.8,2082.9,4112,85.6,150.0,6,2,102
1888.9,2092.3,5008,86.1,150.0,6,1,106
1881.1,2170.0,5968,73.7,150.0,6,1,160
1901.6,2205.9,6864,65.8,150.0,6,1,148
1780.5,1908.1,8400,73.4,150.0,6,1,152
1637.1,1988.3,9360,163.5,150.0,6,1,143
1590.2,1916.3,9872,74.0,150.0,6,1,137
1550.3,1929.7,9936,119.1,150.0,6,1,193
1597.0,1785.9,10640,78.5,150.0,6,2,182
1699.2,1622.9,10832,181.6,150.0,6,1,209
1859.0,1286.7,10960,74.4,150.0,6,1,159
1420.3,1920.6,1168,137.0,156.0,6,1,132
1460.5,1785.8,1424,162.9,156.0,6,1,186
1767.5,2017.2,2768,69.2,156.0,6,1,134
1865.7,2047.0,3536,69.1,156.0,6,2,144
1866.2,2057.4,3600,72.4,156.0,6,2,129
1866.4,2164.7,5904,84.6,156.0,6,2,160
1892.1,2165.8,6288,65.1,156.0,6,1,137
1801.2,2040.1,7824,118.1,156.0,6,1,149
1827.3,1939.8,8080,56.0,156.0,6,1,156
1818.1,1915.8,8272,81.4,156.0,6,1,153
1660.8,1918.2,8720,95.7,156.0,6,1,136
1697.5,1860.1,8976,55.0,156.0,6,1,162
1741.2,1892.5,9168,84.4,156.0,6,1,186
1707.8,1923.2,9488,56.0,156.0,6,1,157
1592.9,1906.7,9872,67.2,156.0,6,2,172
1543.0,1866.7,10128,88.6,156.0,6,1,176
1584.9,1782.3,10640,87.6,156.0,6,2,187
1456.3,1893.8,1168,93.7,162.0,6,1,171
1494.3,1848.9,1232,89.1,162.0,6,1,156
1523.5,1752.5,1360,87.3,162.0,6,2,134
1511.0,1761.8,1936,95.0,162.0,6,2,171
1798.0,2021.5,2960,63.9,162.0,6,1,144
1682.0,2094.9,3088,168.8,162.0,6,1,123
1851.4,2054.3,3600,85.1,162.0,6,1,157
1879.0,2053.4,3984,67.0,162.0,6,1,139
1812.3,2065.1,4496,105.9,162.0,6,3,100
1846.2,2162.0,5904,102.5,162.0,6,1,163
1894.6,2183.2,6416,85.2,162.0,6,1,116
1647.6,1917.0,9616,89.2,162.0,6,1,170
1490.1,1879.6,10064,121.6,162.0,6,1,148
1496.3,1843.9,10448,136.7,162.0,6,1,160
1547.6,1776.3,10704,104.3,162.0,6,1,185
1702.2,1582.2,10832,162.3,162.0,6,1,193
2277.8,973.1,11152,107.2,162.0,6,1,147
1509.8,1747.3,2000,97.0,168.0,6,2,134
1524.5,1910.4,2320,100.5,168.0,6,1,129
1742.3,2007.8,2768,90.4,168.0,6,1,111
1775.7,2019.5,2960,85.0,168.0,6,1,152
1863.2,2042.7,3600,70.8,168.0,6,1,150
1859.9,2055.1,3664,81.1,168.0,6,1,167
1868.4,2048.5,3984,76.0,168.0,6,1,122
1875.1,2093.2,5136,111.2,168.0,6,1,150
1670.0,1894.8,8848,65.5,168.0,6,1,163
1724.1,1870.7,9104,96.9,168.0,6,1,115
1577.6,1895.6,9872,78.4,168.0,6,1,202
1502.8,1863.9,10064,105.3,168.0,6,1,154
1539.4,1766.9,10704,109.8,168.0,6,1,166
1596.7,1678.1,10768,130.2,168.0,6,1,159
1465.9,1729.2,1552,126.7,174.0,6,1,167
1499.5,1902.5,2320,124.0,174.0,6,1,158
1851.7,2036.4,3600,81.2,174.0,6,1,122
1511.5,1852.0,10064,94.8,174.0,6,1,168
1799.3,1442.0,10896,87.8,174.0,6,1,150
1442.1,1736.6,1488,182.5,180.0,6,1,186
1852.0,2028.0,3600,80.4,180.0,6,2,152
1856.6,2018.4,3728,87.5,180.0,6,1,126
1872.3,2053.5,4048,87.3,180.0,6,1,169
1536.2,1856.2,9808,137.9,180.0,6,1,157
1559.5,1737.9,10576,106.8,180.0,6,1,154
1913.6,1125.3,11024,91.3,180.0,6,1,154
1672.0,2015.7,3344,188.2,186.0,6,1,161
1831.4,2017.3,3600,101.5,186.0,6,2,132
1856.3,2009.2,3728,88.3,186.0,6,1,162
1840.5,2031.0,4304,79.8,186.0,6,1,113
1796.7,2045.0,4624,95.7,186.0,6,1,154
1436.8,1832.4,10000,172.7,186.0,6,1,133
1547.1,1782.4,10320,108.5,186.0,6,1,153
1494.8,1803.4,1232,86.2,192.0,6,1,183
1572.7,1887.4,2384,121.3,192.0,6,1,119
1748.3,1983.9,2896,98.7,192.0,6,1,120
1830.1,2090.3,5840,155.0,192.0,6,1,149
1886.0,2125.3,6288,67.0,192.0,6,2,134
1808.9,1970.8,7824,102.4,192.0,6,1,129
1832.8,1894.0,8144,59.5,192.0,6,1,149
1660.4,1865.5,8848,75.3,192.0,6,1,152
1667.8,1839.5,9232,138.2,192.0,6,1,120
1688.8,1885.6,9488,71.7,192.0,6,1,156
1529.4,1810.6,10128,96.6,192.0,6,1,183
1524.4,1737.2,10384,161.0,192.0,6,1,156
1457.6,1885.9,1104,73.0,198.0,6,1,231
1469.0,1840.0,1168,80.4,198.0,6,1,152
1488.4,1737.1,1296,114.0,198.0,6,1,189
1789.0,1979.1,2960,73.4,198.0,6,1,146
1767.8,2019.4,4688,135.5,198.0,6,1,117
1869.5,2086.0,5840,118.0,198.0,6,2,132
1938.3,2120.3,6096,53.4,198.0,6,3,146
1809.0,1961.1,7888,84.5,198.0,6,1,186
1780.9,1885.4,8080,102.6,198.0,6,2,135
1786.0,1871.0,8208,88.9,198.0,6,3,149
1720.9,1818.5,8528,87.4,198.0,6,1,104
1715.3,1839.8,9232,92.1,198.0,6,1,172
1598.9,1864.4,9424,178.5,198.0,6,1,162
1569.3,1854.1,9552,156.2,198.0,6,1,160
1615.3,1749.1,10384,70.0,198.0,6,1,191
1515.7,1801.5,2064,77.4,204.0,6,1,148
1587.4,1866.3,2384,113.8,204.0,6,1,160
1865.7,2005.4,3664,80.6,204.0,6,1,115
1887.8,1998.9,3920,66.4,204.0,6,1,127
1867.3,1999.1,3984,82.6,204.0,6,1,113
1884.3,2071.9,5648,108.5,204.0,6,1,140
1927.0,2109.2,6096,68.0,204.0,6,2,123
1856.1,2096.8,6288,104.5,204.0,6,1,134
1858.0,2109.7,7056,95.7,204.0,6,1,148
1869.3,2102.2,7120,76.2,204.0,6,1,119
1875.4,2023.3,7440,112.1,204.0,6,1,134
1814.7,1888.7,8080,69.8,204.0,6,1,113
1825.0,1878.2,8208,49.8,204.0,6,1,192
1680.4,1849.2,8720,74.2,204.0,6,1,147
1748.8,1788.4,9040,62.7,204.0,6,2,155
1750.9,1820.2,9104,74.4,204.0,6,1,139
1730.8,1836.2,9232,78.9,204.0,6,1,156
1571.1,1810.3,9808,112.8,204.0,6,1,162
1585.8,1780.0,10256,117.3,204.0,6,1,162
1591.0,1765.2,10320,70.1,204.0,6,2,132
1526.0,1675.5,10576,153.5,204.0,6,2,182
1525.4,1797.7,2064,70.4,210.0,6,3,158
1780.6,1967.3,2896,74.2,210.0,6,1,123
1807.6,1972.2,2960,59.1,210.0,6,1,120
1793.5,2008.4,3472,107.1,210.0,6,1,127
1878.2,1985.4,3920,81.1,210.0,6,1,128
1880.9,2002.5,4112,75.2,210.0,6,1,124
1898.1,2052.9,5392,86.3,210.0,6,1,148
1893.4,2055.0,5456,95.5,210.0,6,1,122
1875.1,2069.8,5776,105.0,210.0,6,1,125
1907.0,2089.4,6096,94.8,210.0,6,2,157
1854.6,2102.9,6928,89.0,210.0,6,1,146
1822.3,1922.3,7952,81.0,210.0,6,1,147
1805.9,1861.2,8208,74.6,210.0,6,1,113
1668.1,1833.1,8720,92.6,210.0,6,1,154
1691.8,1856.4,9360,100.3,210.0,6,1,150
1677.6,1853.5,9488,93.9,210.0,6,3,144
1583.6,1690.2,10576,95.5,210.0,6,2,181
1557.8,1692.7,10704,102.8,210.0,6,1,156
1651.7,1609.2,10768,83.6,210.0,6,1,202
1745.6,1351.4,10896,162.8,210.0,6,2,118
1527.8,1722.2,1296,85.4,216.0,6,1,158
1594.2,1842.0,2384,120.1,216.0,6,1,154
1750.8,1967.2,3216,99.7,216.0,6,2,149
1801.2,2003.0,3280,55.0,216.0,6,2,129
1743.8,1954.0,3408,150.4,216.0,6,1,139
1857.6,1970.9,3792,82.5,216.0,6,1,151
1861.9,1997.2,4304,71.7,216.0,6,1,122
1915.9,2048.7,5328,70.0,216.0,6,1,189
1902.7,2049.5,5456,90.7,216.0,6,1,132
1881.0,2113.4,6672,109.7,216.0,6,1,162
1869.7,2114.7,6736,101.0,216.0,6,1,180
1814.1,1857.5,8208,69.7,216.0,6,2,133
1787.3,1809.7,8336,92.1,216.0,6,1,125
1771.4,1818.6,8400,89.8,216.0,6,1,137
1748.9,1807.8,9168,85.7,216.0,6,1,157
1486.7,1872.2,1104,54.3,222.0,6,3,175
1525.6,1656.2,1552,89.3,222.0,6,2,119
1533.3,1652.4,1680,66.0,222.0,6,1,134
1532.7,1805.7,2128,76.2,222.0,6,1,140
1683.3,1892.6,2448,75.2,222.0,6,1,134
1670.3,1879.6,2576,145.3,222.0,6,1,133
1658.9,1834.3,2768,231.2,222.0,6,1,162
1770.0,1932.8,3024,129.1,222.0,6,1,136
1876.2,2004.0,4176,69.9,222.0,6,2,133
1933.7,2086.9,6096,74.6,222.0,6,1,117
1909.4,2098.6,6352,66.8,222.0,6,1,152
1891.3,2112.4,6864,90.5,222.0,6,1,156
1690.4,1849.1,9424,105.4,222.0,6,2,131
1559.6,1741.6,10448,89.7,222.0,6,1,134
1814.2,1367.6,10896,97.5,222.0,6,1,135
1492.5,1870.0,1104,51.7,228.0,6,3,168
1544.8,1786.7,2064,62.2,228.0,6,2,156
1533.4,1822.6,2192,72.0,228.0,6,1,168
1649.4,1865.9,2384,62.8,228.0,6,1,124
1875.6,1962.0,4112,105.1,228.0,6,1,115
1936.2,2087.3,6224,64.3,228.0,6,1,145
1902.8,2092.9,6480,104.5,228.0,6,1,123
1916.0,2073.4,7248,74.5,228.0,6,1,146
1904.9,2040.0,7312,93.1,228.0,6,2,152
1819.3,1909.3,7888,104.7,228.0,6,1,136
1586.3,1757.2,10448,59.8,228.0,6,1,144
1642.5,1560.4,10768,122.0,228.0,6,1,213
1929.7,1041.9,11024,112.3,228.0,6,1,156
2056.7,968.9,11088,62.2,228.0,6,1,156
1486.6,1852.7,1104,68.9,234.0,6,3,134
1547.2,1654.4,1552,76.1,234.0,6,1,154
1541.4,1820.8,2192,68.4,234.0,6,1,163
1707.2,1898.8,2448,54.5,234.0,6,1,151
1856.2,1951.7,4176,122.4,234.0,6,2,130
1859.8,1959.0,4496,90.7,234.0,6,1,110
1924.8,2065.6,5712,66.0,234.0,6,1,130
1951.7,2065.2,6160,70.9,234.0,6,1,136
1858.3,1922.1,7824,86.5,234.0,6,1,175
1820.8,1830.1,8208,84.5,234.0,6,1,135
1776.8,1792.6,9104,71.6,234.0,6,2,155
1761.3,1810.9,9232,70.9,234.0,6,1,159
1710.0,1838.8,9424,99.9,234.0,6,1,126
1677.9,1814.5,9616,92.7,234.0,6,1,155
1589.6,1797.8,9744,114.6,234.0,6,1,130
1569.8,1792.6,10064,61.2,234.0,6,1,104
1559.4,1643.9,10512,154.0,234.0,6,1,180
1550.9,1611.9,10704,163.3,234.0,6,2,138
1429.7,1936.2,976,131.2,240.0,6,1,165
1488.3,1841.4,1104,77.5,240.0,6,2,184
1534.2,1663.9,1296,125.3,240.0,6,1,176
1550.0,1643.5,1552,83.7,240.0,6,1,126
1545.4,1632.5,1680,73.9,240.0,6,1,148
1764.5,1907.4,3088,156.2,240.0,6,1,138
1910.4,1960.1,3728,67.3,240.0,6,1,112
1938.6,2036.8,5392,68.4,240.0,6,1,112
1953.8,2075.7,6096,70.6,240.0,6,1,152
1643.0,1802.2,9808,62.3,240.0,6,1,255
1557.7,1682.7,10448,137.3,240.0,6,1,175
1493.9,1834.0,1104,81.5,246.0,6,2,178
1506.6,1777.6,1168,95.5,246.0,6,1,175
1557.0,1639.5,1680,62.4,246.0,6,2,161
1718.8,1897.0,2448,50.1,246.0,6,1,113
1857.0,1996.3,3472,71.9,246.0,6,1,162
1891.9,1918.7,4112,132.9,246.0,6,1,153
1891.3,1967.9,4176,90.7,246.0,6,1,126
1900.0,1950.9,4368,82.3,246.0,6,1,142
1896.2,1969.9,4816,76.1,246.0,6,1,127
1930.6,1968.4,7504,98.9,246.0,6,2,153
1856.6,1885.3,8016,56.3,246.0,6,2,155
1854.1,1862.4,8080,59.8,246.0,6,1,129
1856.4,1801.5,8272,88.8,246.0,6,1,210
1799.6,1800.2,8464,74.0,246.0,6,3,154
1721.9,1817.4,9488,90.9,246.0,6,1,232
1649.0,1799.7,9808,61.8,246.0,6,1,136
1582.7,1792.4,10000,63.5,246.0,6,1,141
1578.4,1780.6,10064,67.3,246.0,6,1,138
1636.1,1670.1,10576,74.3,246.0,6,1,242
1423.0,2013.5,912,101.1,252.0,6,1,142
1462.8,1846.9,1040,136.1,252.0,6,1,151
1502.7,1833.4,1104,79.0,252.0,6,1,169
1724.2,1896.7,2448,48.5,252.0,6,1,156
1838.6,1934.8,3024,88.7,252.0,6,1,113
1915.2,1945.5,4112,99.5,252.0,6,1,174
1911.5,1958.4,4368,71.1,252.0,6,3,130
1947.7,2015.2,5456,92.1,252.0,6,1,149
1921.9,2062.1,5968,74.7,252.0,6,1,146
1858.1,1870.8,8016,69.4,252.0,6,1,146
1592.3,1733.4,10128,102.3,252.0,6,1,166
1653.2,1756.3,10192,77.3,252.0,6,1,204
1669.7,1756.4,10256,74.9,252.0,6,1,183
1643.7,1668.3,10576,73.2,252.0,6,1,255
1700.9,1579.7,10768,75.0,252.0,6,1,223
2082.8,967.3,11088,50.4,252.0,6,2,130
1589.8,1647.2,1360,80.0,258.0,6,1,152
1813.4,1881.3,2832,107.4,258.0,6,3,144
1844.4,1917.9,3024,103.5,258.0,6,1,134
1833.5,1961.0,3152,59.5,258.0,6,1,132
1942.2,1971.5,4048,83.8,258.0,6,3,104
1923.9,1936.3,4112,106.1,258.0,6,1,170
1920.5,1965.1,4368,62.3,258.0,6,2,121
1896.2,1952.8,4496,81.3,258.0,6,1,103
1893.6,1925.5,4752,120.1,258.0,6,1,135
1956.8,2011.9,5456,92.9,258.0,6,1,144
1951.5,2061.9,5712,58.5,258.0,6,1,160
1949.1,2050.1,7248,80.4,258.0,6,1,134
1947.5,2016.5,7312,94.7,258.0,6,1,142
1938.6,1926.2,7696,76.1,258.0,6,1,155
1867.4,1879.5,8016,58.5,258.0,6,2,163
1757.1,1805.1,9360,103.7,258.0,6,1,155
1744.8,1833.9,9488,68.0,258.0,6,1,167
1668.2,1782.6,9680,113.6,258.0,6,1,166
1632.9,1778.7,9872,102.8,258.0,6,1,172
1677.8,1756.4,10256,72.8,258.0,6,1,178
1627.5,1664.4,10320,132.2,258.0,6,1,201
1709.0,1580.1,10768,72.5,258.0,6,1,255
1905.8,1166.5,10960,84.8,258.0,6,1,168
1988.2,1046.9,11024,80.2,258.0,6,1,175
1834.5,1928.7,3280,107.2,264.0,6,1,163
1916.3,1943.4,3792,76.5,264.0,6,1,155
1967.0,2016.4,5456,86.8,264.0,6,1,120
1937.5,2062.5,5968,71.1,264.0,6,2,140
1921.8,2053.6,6928,94.4,264.0,6,1,137
1961.2,1967.3,7504,91.9,264.0,6,2,118
1795.8,1767.6,8528,78.4,264.0,6,1,170
1742.4,1786.1,8976,51.9,264.0,6,1,149
1596.6,1755.5,10064,87.0,264.0,6,1,142
1641.8,1667.6,10320,126.8,264.0,6,1,184
1654.3,1645.8,10640,101.4,264.0,6,1,192
1545.5,1736.2,1168,128.6,270.0,6,1,166
1845.7,1890.1,3280,145.2,270.0,6,1,183
1877.0,1982.0,4560,73.4,270.0,6,1,141
1896.7,1981.6,4688,79.7,270.0,6,1,142
1948.8,1905.2,4880,137.3,270.0,6,1,166
1972.8,2013.5,5392,82.6,270.0,6,2,126
1945.0,2064.1,5968,69.1,270.0,6,2,118
1975.7,2068.7,6416,88.2,270.0,6,1,140
1970.9,1966.7,7504,92.0,270.0,6,1,172
1981.0,1960.8,7568,85.8,270.0,6,1,146
1954.4,1924.2,7696,76.4,270.0,6,2,142
1892.5,1801.1,8272,81.5,270.0,6,1,178
1804.0,1762.0,8528,83.5,270.0,6,1,160
1747.8,1776.0,8976,61.7,270.0,6,2,128
1656.9,1821.4,9744,69.1,270.0,6,1,165
1608.5,1754.9,10000,95.5,270.0,6,1,146
1692.9,1756.3,10256,71.4,270.0,6,1,174
1681.9,1689.2,10384,81.5,270.0,6,2,255
1664.9,1630.6,10640,116.1,270.0,6,1,176
1923.4,1157.8,10960,91.7,270.0,6,1,181
1509.3,1916.3,976,134.2,276.0,6,1,133
1557.6,1749.5,1168,116.0,276.0,6,1,151
1934.6,1921.5,3792,98.4,276.0,6,1,148
1884.9,1979.9,4560,75.8,276.0,6,1,106
1904.5,1987.0,4688,74.8,276.0,6,1,119
1927.5,1957.8,4752,85.6,276.0,6,1,138
1952.1,2065.8,5968,67.8,276.0,6,2,142
1980.6,1966.4,7504,92.9,276.0,6,1,120
1991.3,1948.7,7568,98.5,276.0,6,3,129
1917.7,1910.5,7824,82.0,276.0,6,1,141
1785.7,1839.6,9360,67.3,276.0,6,2,159
1662.7,1799.4,9872,80.4,276.0,6,1,158
1701.1,1750.0,10256,78.1,276.0,6,1,170
1674.5,1659.8,10576,78.6,276.0,6,1,214
1895.4,1350.0,10896,83.3,276.0,6,1,164
1933.9,1149.5,10960,100.5,276.0,6,1,178
1541.0,1843.1,1104,66.8,282.0,6,1,155
1853.1,1883.8,2768,107.6,282.0,6,1,107
1883.3,1937.4,3024,83.6,282.0,6,3,154
1859.5,1955.3,3152,65.3,282.0,6,1,115
1845.2,1961.4,3216,65.8,282.0,6,1,135
1940.3,1944.3,3792,76.8,282.0,6,1,123
1989.3,2040.9,5456,63.2,282.0,6,1,132
1958.9,2067.5,5968,67.1,282.0,6,2,151
1990.2,1967.8,7504,92.9,282.0,6,1,111
1972.5,1915.8,7696,86.7,282.0,6,2,152
1908.1,1825.6,8144,82.5,282.0,6,1,157
1826.3,1718.5,9040,97.5,282.0,6,1,230
1902.5,1358.4,10896,76.0,282.0,6,1,143
1856.6,1948.6,3216,81.2,288.0,6,1,133
1909.0,1991.8,3472,73.7,288.0,6,1,112
1941.8,1971.9,4304,70.9,288.0,6,1,146
1932.4,1972.8,4496,62.6,288.0,6,1,139
1982.1,1915.6,7696,89.4,288.0,6,2,154
1749.4,1834.0,8848,49.7,288.0,6,1,146
1702.4,1751.9,10192,81.9,288.0,6,1,170
1948.9,1171.1,10960,82.5,288.0,6,1,152
1592.8,1758.6,1168,116.3,294.0,6,2,159
1633.4,1658.8,1872,79.3,294.0,6,1,151
1868.7,1877.3,2704,124.7,294.0,6,1,149
1850.4,1944.9,2768,48.3,294.0,6,1,131
1878.1,1962.9,3088,87.4,294.0,6,1,136
1992.5,1918.7,3664,130.8,294.0,6,1,138
1994.0,1976.3,4048,84.5,294.0,6,1,156
1957.0,1973.2,4368,57.8,294.0,6,1,124
1908.7,1984.1,4560,78.0,294.0,6,1,117
1930.7,1967.7,4624,95.5,294.0,6,1,148
2007.7,2017.8,5392,85.6,294.0,6,1,129
2009.3,2088.2,6480,90.1,294.0,6,2,153
2001.5,2115.3,6608,75.3,294.0,6,2,143
2003.8,2101.4,6672,83.7,294.0,6,2,150
2003.4,2027.9,7312,88.9,294.0,6,2,138
2021.0,1956.9,7568,98.3,294.0,6,1,125
1994.2,1911.3,7696,97.8,294.0,6,1,151
1757.7,1828.2,8848,58.0,294.0,6,2,140
1718.8,1619.9,10576,129.2,294.0,6,1,157
1724.6,1612.6,10640,146.8,294.0,6,1,173
1622.1,1627.6,1680,79.6,300.0,6,1,163
1646.1,1653.2,1872,90.1,300.0,6,1,170
1624.4,1767.0,2064,76.1,300.0,6,1,138
1904.5,1922.6,2960,91.4,300.0,6,1,151
1894.7,1952.4,3088,104.2,300.0,6,1,167
1874.5,1951.3,3216,86.0,300.0,6,1,157
1962.6,1975.7,3600,60.4,300.0,6,2,112
1972.8,1935.5,3792,96.9,300.0,6,1,164
2052.7,1950.9,5136,137.5,300.0,6,1,124
2005.4,2032.8,5328,65.8,300.0,6,2,146
2024.9,2005.8,5392,104.2,300.0,6,1,108
2014.4,2005.6,7440,73.1,300.0,6,1,156
1998.8,1923.8,7696,88.7,300.0,6,2,159
1920.7,1738.7,8400,153.2,300.0,6,1,163
1777.6,1786.1,8976,59.6,300.0,6,1,149
1698.0,1819.4,9744,82.1,300.0,6,1,255
1705.0,1802.8,9808,61.7,300.0,6,1,254
1718.2,1654.3,10640,106.7,300.0,6,1,223
1697.9,1655.6,10704,102.1,300.0,6,1,185
1891.1,1472.1,10832,69.2,300.0,6,1,151
1968.5,1171.5,10960,90.1,300.0,6,1,138
1642.5,1731.3,1168,165.1,306.0,6,1,165
1954.1,1968.5,3472,115.5,306.0,6,1,109
1977.9,1965.3,3600,77.4,306.0,6,2,150
1993.5,1943.5,4368,102.1,306.0,6,1,148
2018.6,2110.7,6672,83.1,306.0,6,1,131
2018.8,1962.4,7632,84.7,306.0,6,1,145
2012.9,1920.2,7696,99.4,306.0,6,1,102
1849.3,1809.2,9360,120.2,306.0,6,1,172
1731.7,1787.5,9744,127.3,306.0,6,1,170
1743.5,1756.6,9872,151.7,306.0,6,1,144
2421.4,882.6,11152,70.9,306.0,6,2,150
1659.2,1703.1,1296,93.2,312.0,6,1,164
1694.9,1658.6,1488,105.0,312.0,6,1,116
1662.8,1637.3,1552,105.9,312.0,6,1,166
1604.1,1644.1,1744,79.8,312.0,6,1,145
1823.2,1927.0,2576,67.1,312.0,6,1,165
1897.3,1962.0,3152,76.9,312.0,6,1,158
1924.1,1963.3,3344,97.0,312.0,6,1,137
1986.2,1968.2,3600,80.4,312.0,6,1,144
2001.8,1968.7,3664,93.5,312.0,6,1,150
2001.0,2007.5,4048,61.8,312.0,6,1,141
1944.8,2007.9,4688,71.9,312.0,6,1,123
2014.8,2095.7,6224,53.1,312.0,6,1,139
2010.1,2115.7,6864,77.1,312.0,6,1,128
1957.3,1745.7,8400,169.2,312.0,6,1,128
1779.1,1831.2,8848,67.3,312.0,6,1,152
1863.1,1750.5,9040,85.2,312.0,6,1,252
1869.2,1794.7,9232,99.0,312.0,6,1,192
1739.9,1840.2,9680,72.0,312.0,6,1,180
1983.1,1183.3,10960,89.1,312.0,6,1,131
1570.7,1917.1,1040,88.5,318.0,6,1,178
1662.0,1677.8,1936,81.6,318.0,6,1,131
1915.8,1974.3,3024,67.0,318.0,6,1,162
1956.3,1998.8,3472,94.3,318.0,6,1,154
1981.9,1983.3,3600,66.7,318.0,6,3,127
1989.5,2086.5,7184,73.2,318.0,6,1,124
1791.4,1829.6,8848,77.1,318.0,6,1,136
1757.0,1757.9,10192,107.5,318.0,6,1,181
1899.9,1493.0,10832,58.4,318.0,6,2,219
2053.4,1081.7,11024,65.3,318.0,6,1,178
1567.2,1931.1,1040,77.0,324.0,6,1,142
1691.4,1688.1,1488,82.5,324.0,6,3,171
1726.5,1618.2,1552,166.4,324.0,6,1,116
1610.2,1660.2,1744,73.5,324.0,6,1,195
1649.9,1786.8,2064,78.5,324.0,6,1,156
1668.7,1835.2,2256,77.9,324.0,6,1,151
1909.5,1972.9,3152,78.6,324.0,6,1,125
1896.7,1978.4,3216,80.5,324.0,6,3,136
1950.7,1968.9,3344,113.1,324.0,6,1,138
1957.5,2017.1,4688,75.2,324.0,6,1,150
2006.8,2099.2,6288,68.2,324.0,6,1,150
1979.2,1921.9,7888,111.1,324.0,6,1,174
1944.4,1743.5,8528,173.6,324.0,6,1,144
1890.3,1798.7,9104,88.2,324.0,6,1,160
1832.9,1872.9,9424,79.4,324.0,6,1,146
1741.4,1783.0,10192,79.6,324.0,6,1,183
1727.6,1701.2,10640,77.5,324.0,6,1,252
1748.6,1643.4,1360,164.1,330.0,6,1,197
1710.9,1686.8,1488,99.7,330.0,6,1,188
1651.4,1661.8,1616,69.2,330.0,6,1,121
1727.2,1658.5,1872,145.6,330.0,6,1,188
1658.6,1791.3,2064,83.4,330.0,6,1,156
1767.1,1868.9,2384,87.4,330.0,6,1,116
1845.2,1938.2,2576,77.2,330.0,6,1,171
1994.0,1979.2,3792,80.4,330.0,6,1,124
2019.9,1988.2,3984,89.1,330.0,6,1,132
1970.3,2033.8,4240,67.4,330.0,6,2,110
2050.3,2077.4,5648,77.3,330.0,6,1,146
2103.0,2105.0,6992,114.9,330.0,6,1,128
1949.8,1896.2,8016,81.1,330.0,6,1,154
1910.3,1784.2,8528,122.7,330.0,6,1,255
1868.8,1804.6,8592,89.8,330.0,6,1,194
1821.8,1797.5,8912,79.5,330.0,6,1,158
1846.3,1780.9,8976,113.7,330.0,6,1,202
1883.9,1813.0,9104,75.1,330.0,6,1,127
1714.8,1750.6,10448,102.1,330.0,6,1,186
2182.0,966.9,11088,96.6,330.0,6,1,140
2458.2,894.7,11152,90.6,330.0,6,1,198
1760.6,1656.9,1360,168.8,336.0,6,1,154
1878.1,1829.5,2384,204.4,336.0,6,1,128
1916.4,1996.7,3024,55.2,336.0,6,1,133
2029.3,2082.9,5520,69.1,336.0,6,1,152
1825.8,1840.4,8848,100.4,336.0,6,1,162
1831.4,1802.3,8912,86.0,336.0,6,1,180
1834.2,1881.8,9360,60.9,336.0,6,1,168
1713.1,1763.0,10448,95.0,336.0,6,2,179
2015.0,1208.8,10960,100.2,336.0,6,1,139
2466.8,901.2,11152,95.2,336.0,6,1,161
1796.7,1658.7,1424,197.0,342.0,6,1,159
1863.2,1856.8,2384,180.6,342.0,6,1,151
1927.6,1979.4,2960,72.3,342.0,6,1,132
2051.6,1983.4,3728,113.1,342.0,6,1,162
1995.1,1996.4,3792,74.4,342.0,6,1,169
2048.4,2023.2,4240,143.4,342.0,6,1,135
1996.1,2005.4,4496,87.2,342.0,6,1,113
2138.2,2004.3,7504,176.0,342.0,6,1,128
1988.1,1931.7,7952,100.6,342.0,6,1,100
1962.2,1883.2,8144,74.9,342.0,6,1,156
2487.4,905.0,11152,113.1,342.0,6,1,137
1685.0,1703.5,1424,77.3,348.0,6,1,118
1764.9,1897.0,2384,75.2,348.0,6,1,167
1827.5,1924.1,2448,90.3,348.0,6,1,149
2107.5,1980.5,3792,187.3,348.0,6,1,132
2051.1,2144.7,6800,117.7,348.0,6,1,159
1923.2,1832.1,8656,143.5,348.0,6,1,124
1823.7,1862.1,8848,91.7,348.0,6,1,140
1977.0,1816.9,9104,161.7,348.0,6,2,149
1947.7,1830.7,9168,132.3,348.0,6,1,148
1966.8,1856.3,9488,212.5,348.0,6,1,164
1700.8,1814.3,10128,78.6,348.0,6,1,255
2460.6,922.8,11152,82.6,348.0,6,1,168
1879.7,1979.6,2640,79.6,354.0,6,1,167
2008.2,2019.7,3920,60.0,354.0,6,1,140
1989.4,2044.7,4624,98.1,354.0,6,1,135
2238.2,2015.4,4944,285.0,354.0,6,1,130
1870.3,1866.9,8848,137.0,354.0,6,1,169
1760.7,1847.1,9808,87.0,354.0,6,1,178
2201.0,1104.7,11024,197.2,354.0,6,1,156
1701.8,1772.3,1296,105.0,0.0,7,1,199
1709.6,1736.6,1488,85.0,0.0,7,1,178
2010.1,2025.9,3920,61.6,0.0,7,1,131
2036.4,2053.5,4048,76.8,0.0,7,1,158
2094.3,1858.2,9168,276.0,0.0,7,1,137
1709.8,1842.1,10064,104.0,0.0,7,1,132
1919.3,1532.1,10832,62.8,0.0,7,2,171
1657.5,1829.6,1232,78.9,6.0,7,1,144
2112.5,2187.7,6800,177.5,6.0,7,1,134
2136.5,2085.6,7440,159.6,6.0,7,1,143
1742.3,1899.5,9744,85.9,6.0,7,1,224
1672.9,1857.2,10000,64.7,6.0,7,1,252
2017.2,2051.3,3024,154.7,12.0,7,1,118
2022.8,2056.5,4112,78.5,12.0,7,2,143
2034.8,2067.7,4752,118.8,12.0,7,1,161
1930.2,1874.2,9104,113.8,12.0,7,1,128
1741.0,1908.4,9744,85.9,12.0,7,1,200
1937.2,1549.2,10832,82.5,12.0,7,1,149
1680.0,1742.5,1424,74.4,18.0,7,2,174
1918.3,2017.5,2768,92.1,18.0,7,1,163
2120.4,2149.7,5456,151.7,18.0,7,1,126
2121.1,2181.3,6224,149.2,18.0,7,2,144
1729.8,1895.0,9936,80.3,18.0,7,1,174
1693.9,1878.2,10000,89.7,18.0,7,1,224
1670.0,1763.0,1936,75.2,24.0,7,1,186
2079.4,2178.6,6032,118.3,24.0,7,1,147
2069.6,2156.5,6160,83.4,24.0,7,1,154
1867.6,1940.7,8848,146.2,24.0,7,1,111
1778.6,1902.7,9808,114.3,24.0,7,1,255
2157.3,1041.4,11088,64.6,24.0,7,2,141
1743.0,1803.2,1552,174.4,30.0,7,1,138
1685.4,1773.8,2000,93.3,30.0,7,1,162
1690.1,1914.9,2128,116.4,30.0,7,1,108
1711.5,1942.1,2256,122.2,30.0,7,1,152
1958.6,2084.2,3152,130.1,30.0,7,1,156
1998.2,2062.1,3792,85.3,30.0,7,1,142
2021.1,2129.6,4624,149.2,30.0,7,1,140
1995.8,2079.0,4816,79.2,30.0,7,1,130
2053.0,2132.3,5264,97.3,30.0,7,1,131
2031.3,2183.0,5968,99.7,30.0,7,1,174
1924.7,1936.5,8912,198.4,30.0,7,1,162
1909.5,1910.8,9168,105.3,30.0,7,1,140
1797.1,1813.4,10576,151.0,30.0,7,1,198
1723.5,1788.3,10704,88.6,30.0,7,1,122
2451.5,981.3,11152,82.8,30.0,7,1,169
2016.2,2114.7,4176,108.8,36.0,7,1,124
1970.1,2075.8,4304,62.0,36.0,7,1,139
1958.3,2106.1,4688,76.2,36.0,7,1,142
2115.6,2170.9,5200,163.7,36.0,7,1,121
2029.9,2194.9,5968,105.0,36.0,7,1,135
2086.1,2207.3,6096,119.9,36.0,7,1,176
2021.8,2190.3,6288,86.9,36.0,7,1,135
2076.4,2116.0,7568,118.0,36.0,7,1,159
2029.1,2054.8,7696,92.3,36.0,7,1,135
1854.0,1910.7,8912,124.9,36.0,7,1,153
1818.3,1975.3,9552,124.1,36.0,7,1,163
1729.8,1934.2,9872,93.4,36.0,7,1,153
1665.7,1789.5,1872,87.0,42.0,7,1,169
1977.8,2067.6,3792,71.9,42.0,7,1,148
2031.5,2152.7,5456,74.5,42.0,7,1,135
2042.1,2216.7,6416,89.4,42.0,7,1,118
2024.8,2231.2,6928,125.3,42.0,7,1,152
1953.0,2044.5,7888,85.6,42.0,7,1,139
1868.0,1938.6,8656,114.6,42.0,7,1,156
1880.5,1938.1,9232,104.3,42.0,7,1,161
1806.4,1975.3,9808,178.0,42.0,7,1,167
1924.6,1593.4,10832,91.6,42.0,7,1,152
1656.9,1793.3,1872,83.4,48.0,7,1,166
1965.8,2150.3,3472,118.9,48.0,7,1,165
1992.9,2090.1,3536,95.8,48.0,7,1,113
2053.1,2162.1,3600,180.5,48.0,7,2,138
1984.0,2110.6,4304,95.8,48.0,7,2,117
1993.4,2200.2,7184,87.1,48.0,7,1,125
2040.8,2136.4,7504,104.6,48.0,7,1,143
1943.2,2047.0,7888,80.4,48.0,7,1,106
1788.8,1927.9,8784,85.4,48.0,7,1,138
1861.3,1897.7,9104,63.4,48.0,7,1,152
1922.7,1605.6,10832,99.0,48.0,7,1,142
2432.9,999.0,11152,79.4,48.0,7,1,166
1975.5,2115.9,4304,94.6,54.0,7,2,110
2011.5,2185.7,6032,68.3,54.0,7,1,134
2039.1,2205.6,6096,85.1,54.0,7,1,173
2007.9,2210.5,6352,83.0,54.0,7,1,167
2044.6,2160.9,7440,113.7,54.0,7,1,148
1936.2,1968.7,8144,77.0,54.0,7,1,138
1863.8,1912.3,9104,76.4,54.0,7,1,157
1891.6,1979.3,9296,74.8,54.0,7,1,144
1760.6,1975.2,9808,147.1,54.0,7,1,127
1714.5,1954.2,9936,103.9,54.0,7,1,255
1658.4,1914.5,10064,89.5,54.0,7,1,200
1741.3,1852.4,10384,101.0,54.0,7,1,129
1676.3,1870.5,10448,85.1,54.0,7,1,156
1694.9,1810.1,10704,81.7,54.0,7,1,140
1555.7,2064.3,1040,101.5,60.0,7,1,144
1573.0,1988.0,1104,91.7,60.0,7,2,178
1927.2,2132.8,3472,81.8,60.0,7,1,113
2004.8,2190.4,5712,82.4,60.0,7,1,220
1981.0,2195.5,5968,72.0,60.0,7,1,140
2027.5,2203.3,6096,76.8,60.0,7,1,140
2006.7,2234.8,6288,110.3,60.0,7,1,138
2025.0,2242.3,6416,98.6,60.0,7,1,146
1997.6,2254.0,6736,92.3,60.0,7,1,144
1983.0,2236.3,6928,102.6,60.0,7,1,158
2015.8,2136.5,7504,89.8,60.0,7,1,144
2017.7,2110.2,7568,73.3,60.0,7,1,116
1995.9,2072.4,7696,82.9,60.0,7,1,113
1796.9,1966.3,9488,76.1,60.0,7,2,135
1712.9,1892.0,10192,71.8,60.0,7,1,151
1698.0,1851.6,10512,96.0,60.0,7,1,121
1705.9,1806.6,10576,79.3,60.0,7,1,160
1715.7,1834.7,10640,101.6,60.0,7,1,152
1615.0,1769.9,1680,80.4,66.0,7,3,175
1905.8,2133.1,3408,99.4,66.0,7,1,156
1973.2,2101.2,3984,74.9,66.0,7,1,156
2022.9,2163.9,5200,97.6,66.0,7,1,255
2024.6,2209.0,5264,137.3,66.0,7,1,156
1972.2,2194.2,5968,66.9,66.0,7,1,200
1989.0,2258.6,6736,92.5,66.0,7,1,109
1827.9,1932.5,8592,90.8,66.0,7,1,132
1720.8,1960.9,9808,114.6,66.0,7,1,174
1696.2,1966.2,9936,105.1,66.0,7,2,185
1687.3,1852.4,10512,91.9,66.0,7,1,147
1700.6,1827.0,10640,87.9,66.0,7,1,155
1686.5,1833.2,10704,97.5,66.0,7,1,142
1536.5,2073.6,1040,102.3,72.0,7,1,144
1557.9,2003.5,1104,99.9,72.0,7,1,186
1604.8,2047.5,1168,192.0,72.0,7,1,174
1791.8,2061.6,2512,104.3,72.0,7,1,152
1924.2,2178.7,3472,122.7,72.0,7,1,105
1945.9,2085.9,3792,69.9,72.0,7,1,136
1951.4,2136.4,4304,102.1,72.0,7,1,156
2010.5,2206.6,5328,122.8,72.0,7,1,105
1988.2,2178.6,5520,71.1,72.0,7,1,134
2006.8,2126.0,7568,83.4,72.0,7,1,122
1914.7,2031.3,7952,72.0,72.0,7,1,140
1820.9,1941.5,8592,96.6,72.0,7,1,152
1805.1,1930.4,8656,72.0,72.0,7,1,136
1840.5,1926.5,9168,71.9,72.0,7,2,146
1755.0,1959.0,9616,73.1,72.0,7,3,189
1727.8,2004.6,9680,116.6,72.0,7,1,168
1688.1,1977.0,9936,112.3,72.0,7,1,255
1692.2,1830.7,10640,88.3,72.0,7,1,175
1524.7,2069.4,1040,95.1,78.0,7,1,168
1600.5,1781.9,1680,87.3,78.0,7,1,128
1605.3,1931.9,2128,76.9,78.0,7,1,132
1901.9,2135.6,3472,75.3,78.0,7,1,154
1967.2,2129.1,4880,88.6,78.0,7,1,140
2014.4,2213.5,5136,146.7,78.0,7,1,148
1977.2,2228.5,6352,87.1,78.0,7,1,134
1951.3,2240.9,6800,73.3,78.0,7,1,109
1956.7,2217.1,7120,85.8,78.0,7,1,157
1797.5,1930.8,8656,70.4,78.0,7,2,135
1750.8,1960.0,8848,80.5,78.0,7,2,130
1671.4,1959.8,9872,82.3,78.0,7,2,178
1625.9,1932.2,10000,83.6,78.0,7,1,203
1592.3,1790.8,1680,94.8,84.0,7,1,151
1854.1,2115.5,3280,80.7,84.0,7,1,141
1936.3,2132.9,3792,114.1,84.0,7,1,133
1907.0,2160.2,4688,99.4,84.0,7,1,108
1948.0,2219.4,7120,86.7,84.0,7,2,133
1986.2,2149.1,7440,80.6,84.0,7,1,148
1978.3,2129.7,7504,71.3,84.0,7,1,157
1900.2,1955.3,8272,73.1,84.0,7,1,142
1741.2,1955.6,8784,91.6,84.0,7,1,161
1754.1,1897.3,8976,59.9,84.0,7,1,138
1813.9,1888.9,9040,75.5,84.0,7,1,150
1766.0,1967.5,9488,67.5,84.0,7,1,156
1902.7,1585.1,10896,153.2,84.0,7,1,105
1609.3,1821.9,1424,102.3,90.0,7,1,206
1624.6,1831.5,1488,94.9,90.0,7,1,168
1591.4,1798.7,1616,102.3,90.0,7,1,129
1589.3,1933.4,2128,76.7,90.0,7,1,156
1886.3,2153.5,3472,91.6,90.0,7,1,113
1924.3,2081.5,3792,62.1,90.0,7,1,136
1896.7,2180.9,4688,119.6,90.0,7,1,146
1983.2,2191.8,5200,117.1,90.0,7,1,153
1938.9,2217.8,7120,84.6,90.0,7,1,151
1967.2,2205.7,7312,96.6,90.0,7,1,141
1981.0,2123.4,7568,76.8,90.0,7,1,115
1892.4,2036.9,7952,74.1,90.0,7,1,156
1879.5,2022.6,8016,85.9,90.0,7,1,173
1818.3,1912.4,9168,54.2,90.0,7,3,132
1778.6,2010.6,9360,104.1,90.0,7,1,142
1691.8,1997.4,9680,103.7,90.0,7,1,152
1655.0,1860.3,10320,66.6,90.0,7,1,179
1664.9,1813.4,10640,66.7,90.0,7,2,163
1614.4,1834.0,1488,97.9,96.0,7,1,171
1834.1,2106.2,2896,102.3,96.0,7,1,169
1906.7,2128.9,4432,85.3,96.0,7,1,122
1883.4,2187.3,4688,126.7,96.0,7,1,147
1906.5,2157.8,4752,115.5,96.0,7,1,160
1961.5,2273.3,6608,89.7,96.0,7,1,165
1956.7,2209.1,7312,100.5,96.0,7,1,139
1722.3,1952.4,8784,88.5,96.0,7,1,152
1722.2,1994.0,8848,113.4,96.0,7,1,184
1681.1,1995.6,9680,102.5,96.0,7,1,153
1641.1,1987.6,9936,118.1,96.0,7,1,146
1647.6,1864.5,10320,71.2,96.0,7,1,160
1570.3,1796.1,1616,101.9,102.0,7,1,150
1834.5,2151.7,3344,119.0,102.0,7,1,154
1913.0,2121.9,4176,72.8,102.0,7,1,121
1951.8,2178.7,5520,69.2,102.0,7,1,136
1862.7,1991.4,8080,76.0,102.0,7,1,157
1711.4,1959.4,8784,97.1,102.0,7,2,125
1807.1,1910.6,9168,53.6,102.0,7,1,163
1656.8,1924.9,10192,97.2,102.0,7,1,158
1638.4,1871.9,10320,79.9,102.0,7,1,135
1630.1,1822.9,10704,80.6,102.0,7,1,150
2082.8,1088.1,11088,74.6,102.0,7,1,122
1569.8,1827.6,1872,101.3,108.0,7,1,173
1570.4,1914.9,2128,61.2,108.0,7,1,179
1826.2,2102.1,2960,105.5,108.0,7,1,142
1842.7,2112.3,3408,73.5,108.0,7,1,173
1925.0,2159.9,4048,111.9,108.0,7,1,150
1961.8,2105.7,7568,62.1,108.0,7,1,124
1887.1,2059.8,7824,71.2,108.0,7,1,135
1872.4,1944.6,8272,65.1,108.0,7,1,148
1829.0,1917.6,8400,48.6,108.0,7,1,153
1702.8,1977.5,8848,101.3,108.0,7,1,150
1795.6,1922.1,9104,75.3,108.0,7,1,150
1686.4,1999.3,9552,101.9,108.0,7,1,184
1660.7,1989.3,9680,100.6,108.0,7,1,159
1577.0,1947.5,10000,102.1,108.0,7,1,154
1641.4,1814.5,10576,80.5,108.0,7,1,146
1835.5,2109.5,3408,73.5,114.0,7,2,146
1886.9,2114.1,4752,77.8,114.0,7,1,150
1918.7,2262.5,6864,98.0,114.0,7,1,154
1901.4,2217.5,7120,92.3,114.0,7,1,148
1949.2,2118.0,7568,78.0,114.0,7,1,131
1865.4,1943.5,8272,66.6,114.0,7,1,137
1824.3,1915.8,8400,48.6,114.0,7,1,135
1693.3,1950.3,8784,94.0,114.0,7,1,135
1790.9,1913.3,9104,68.7,114.0,7,1,170
1625.8,1932.2,9936,67.9,114.0,7,2,255
2350.6,1005.5,11152,71.8,114.0,7,1,110
1759.8,2151.7,2896,170.1,120.0,7,1,167
1795.9,2087.5,3216,71.3,120.0,7,1,111
1835.3,2094.5,3408,60.2,120.0,7,1,139
1834.3,2220.0,3664,210.0,120.0,7,1,146
1880.8,2081.8,3856,68.6,120.0,7,1,143
1853.7,2179.7,4176,148.9,120.0,7,1,108
1845.6,2149.2,4496,134.9,120.0,7,1,114
1921.8,2191.4,5712,83.6,120.0,7,1,120
1895.1,2209.1,7120,87.6,120.0,7,1,158
1940.7,2116.5,7568,80.7,120.0,7,1,136
1821.3,1910.7,8400,45.5,120.0,7,1,128
1750.8,1917.5,8656,64.1,120.0,7,1,152
1684.3,1946.3,8784,94.5,120.0,7,1,132
1675.2,1983.2,8848,117.8,120.0,7,1,126
1663.7,1996.2,9552,108.4,120.0,7,1,167
1625.1,1945.7,9744,63.7,120.0,7,1,152
1601.0,1960.9,9936,104.8,120.0,7,1,164
1485.6,1793.0,1744,110.7,126.0,7,1,139
1541.3,1894.9,2064,76.6,126.0,7,1,163
1859.7,2108.4,3792,110.0,126.0,7,1,132
1912.8,2117.9,4048,79.7,126.0,7,1,143
1859.0,2159.8,4112,147.9,126.0,7,2,117
1888.0,2083.2,4304,54.2,126.0,7,2,109
1902.1,2192.2,5968,73.0,126.0,7,1,157
1958.8,2224.0,6992,76.0,126.0,7,3,152
1674.3,1943.3,8784,97.5,126.0,7,1,145
1677.1,1959.5,8848,96.8,126.0,7,1,143
1623.9,2031.7,9552,159.8,126.0,7,1,144
1529.9,1960.1,10128,160.0,126.0,7,1,179
1607.3,1859.4,10320,81.2,126.0,7,1,163
1877.3,1313.1,10960,78.5,126.0,7,1,133
2316.0,1027.8,11152,108.6,126.0,7,1,122
1549.1,1790.4,1936,78.0,132.0,7,1,110
1874.5,2108.1,3920,110.6,132.0,7,1,155
1841.3,2128.4,4368,137.8,132.0,7,1,131
1825.7,2129.4,4496,130.6,132.0,7,1,134
1805.1,2151.4,4624,129.8,132.0,7,1,139
1798.3,2170.5,4688,147.0,132.0,7,1,100
1936.4,2182.7,6224,64.0,132.0,7,1,128
1947.7,2224.4,6992,83.3,132.0,7,1,159
1834.0,1938.9,8208,54.5,132.0,7,2,101
1694.7,1938.8,8720,80.1,132.0,7,1,145
1757.8,1918.3,9104,91.2,132.0,7,1,141
1557.8,1976.4,9936,142.9,132.0,7,1,119
1623.7,1835.3,10384,86.9,132.0,7,1,164
1571.1,1863.0,10448,82.5,132.0,7,1,166
1605.0,1813.3,10640,89.6,132.0,7,1,164
1604.0,1791.7,10704,64.1,132.0,7,1,160
1744.9,2066.4,2768,115.6,138.0,7,1,128
1770.2,2045.4,2832,88.1,138.0,7,1,126
1823.8,2118.2,3472,84.1,138.0,7,1,146
1873.1,2095.4,3984,93.6,138.0,7,1,152
1844.0,2094.6,4496,93.0,138.0,7,1,131
1849.9,2104.8,4752,92.5,138.0,7,1,134
1892.9,2155.9,5200,121.4,138.0,7,1,178
1875.0,2248.2,6864,112.4,138.0,7,1,152
1879.8,2207.8,7056,88.4,138.0,7,2,150
1664.3,1925.0,8784,90.5,138.0,7,1,143
1703.5,1881.8,8912,66.6,138.0,7,2,135
1607.2,2002.0,9552,148.9,138.0,7,1,161
1673.5,1696.8,10832,246.2,138.0,7,1,174
1944.5,1179.7,11024,81.2,138.0,7,1,184
1570.0,1927.9,2320,65.2,144.0,7,1,151
1660.1,2000.3,2448,97.8,144.0,7,1,123
1825.3,2106.3,3472,75.4,144.0,7,1,150
1828.6,2091.8,3536,124.0,144.0,7,1,148
1844.3,2091.9,3600,108.8,144.0,7,1,101
1883.2,2076.0,3984,73.6,144.0,7,1,136
1804.9,2122.8,4304,142.1,144.0,7,1,138
1907.0,2206.7,6416,84.8,144.0,7,1,151
1881.0,2242.2,6544,114.4,144.0,7,1,118
1882.0,2224.5,6736,85.8,144.0,7,1,102
1934.2,2212.8,6992,85.7,144.0,7,1,148
1904.3,2122.3,7440,90.8,144.0,7,1,118
1720.3,1954.8,9424,59.8,144.0,7,1,146
1592.2,1799.5,10640,89.8,144.0,7,2,117
1613.1,1731.7,10768,137.2,144.0,7,1,131
1500.4,1786.7,1360,122.4,150.0,7,1,185
1489.0,1739.1,1744,71.3,150.0,7,1,164
1490.1,1888.5,2064,111.2,150.0,7,1,142
1701.3,2021.3,2576,88.9,150.0,7,1,141
1734.2,2044.8,2768,111.5,150.0,7,1,122
1862.2,2088.5,4112,96.8,150.0,7,1,132
1816.6,2101.2,4432,114.4,150.0,7,1,128
1821.8,2095.4,4624,80.9,150.0,7,1,140
1893.6,2210.5,6864,75.1,150.0,7,2,124
1584.1,1834.7,10320,81.9,150.0,7,1,165
1587.7,1791.3,10640,89.1,150.0,7,1,156
1682.0,1632.8,10832,201.4,150.0,7,2,210
1690.9,2036.8,2640,120.0,156.0,7,1,103
1807.2,2097.2,3472,86.6,156.0,7,1,119
1858.7,2050.2,3536,76.8,156.0,7,1,135
1853.6,2063.0,3600,86.2,156.0,7,1,148
1871.7,2064.4,3984,77.8,156.0,7,1,151
1854.4,2170.1,5904,97.7,156.0,7,1,140
1879.8,2208.0,6864,86.3,156.0,7,1,137
1688.4,1864.2,8976,65.0,156.0,7,1,144
1678.3,1913.5,9616,59.2,156.0,7,1,161
1581.3,1911.9,9872,80.0,156.0,7,2,161
1578.2,1785.3,10640,94.9,156.0,7,1,161
1489.6,1850.4,1232,94.1,162.0,7,1,171
1480.1,1732.6,1616,117.0,162.0,7,1,193
1515.7,1759.0,1872,89.8,162.0,7,1,171
1505.4,1763.6,1936,100.9,162.0,7,1,169
1542.5,1747.3,2000,65.4,162.0,7,3,156
1641.4,2000.8,2512,124.2,162.0,7,1,132
1727.2,2042.6,2896,123.6,162.0,7,1,177
1826.2,2081.5,3472,63.2,162.0,7,1,105
1815.7,2098.7,4240,101.2,162.0,7,1,155
1830.3,2167.2,5904,119.2,162.0,7,1,176
1820.2,1929.3,8144,74.4,162.0,7,1,113
1631.7,1922.2,9616,105.9,162.0,7,1,152
1563.6,1908.8,9872,95.4,162.0,7,1,157
1500.9,1753.8,1936,102.7,168.0,7,1,153
1502.3,1748.9,2000,104.7,168.0,7,1,152
1421.6,1892.3,2128,171.4,168.0,7,1,154
1853.5,2056.4,3664,87.7,168.0,7,2,142
1738.7,2097.0,5008,229.8,168.0,7,1,174
1866.7,2094.9,5136,119.8,168.0,7,2,184
1842.5,2135.6,7312,127.5,168.0,7,1,154
1435.8,1876.4,1168,110.2,174.0,7,1,140
1484.2,1904.1,2320,139.4,174.0,7,1,130
1844.6,2028.8,3728,100.0,174.0,7,1,143
1857.1,2041.7,3984,86.1,174.0,7,1,151
1832.0,2060.9,4176,96.7,174.0,7,1,123
1637.2,1885.7,9232,166.7,174.0,7,1,146
1683.0,1928.6,9424,86.2,174.0,7,1,131
1437.1,1864.9,1168,108.4,180.0,7,1,168
1843.0,2028.0,3600,89.4,180.0,7,1,153
1845.9,2050.8,4176,82.2,180.0,7,1,132
1783.9,2039.3,4304,135.9,180.0,7,1,120
1824.5,2042.5,4880,124.3,180.0,7,1,114
1481.1,1842.1,10064,124.7,180.0,7,1,175
1442.2,1854.0,1168,103.8,186.0,7,1,170
1502.8,1723.8,1488,122.5,186.0,7,1,162
1817.8,2015.9,3600,115.2,186.0,7,1,111
1891.4,2065.0,5200,92.3,186.0,7,1,152
1774.6,2152.2,6800,162.4,186.0,7,1,116
1786.5,1895.4,8144,105.0,186.0,7,1,144
1644.5,1892.4,9360,134.9,186.0,7,1,174
1853.3,1109.4,11024,152.3,186.0,7,1,156
2025.8,1007.6,11088,72.9,186.0,7,1,169
1485.3,1801.4,1232,95.9,192.0,7,2,162
1903.9,2041.6,4048,57.0,192.0,7,2,116
1892.2,2055.3,5200,93.0,192.0,7,1,164
1822.8,2088.7,5840,162.4,192.0,7,2,147
1900.6,2118.0,6096,90.5,192.0,7,1,132
1880.8,2124.2,6288,72.4,192.0,7,3,146
1765.2,1935.8,7952,130.0,192.0,7,1,155
1693.6,1790.0,9040,114.9,192.0,7,1,144
1710.0,1835.2,9168,110.7,192.0,7,1,113
1524.6,1809.5,10128,101.6,192.0,7,2,168
1518.8,1736.0,10384,166.7,192.0,7,2,179
1990.2,992.2,11088,110.5,192.0,7,1,150
1487.3,1791.5,1232,96.5,198.0,7,1,152
1851.7,2001.7,3600,84.9,198.0,7,1,148
1883.3,2004.8,3920,68.5,198.0,7,1,128
1806.8,1996.3,4880,149.3,198.0,7,1,149
1879.1,2036.0,5136,110.2,198.0,7,1,156
1826.1,2074.3,5712,144.6,198.0,7,1,142
1861.3,2083.4,5840,126.6,198.0,7,1,140
1832.1,2100.5,6288,125.6,198.0,7,1,146
1819.9,2081.4,7248,153.4,198.0,7,1,110
1708.7,1837.7,9232,99.1,198.0,7,2,180
1594.2,1862.9,9424,183.5,198.0,7,1,166
1526.6,1752.0,10320,135.0,198.0,7,1,125
1611.2,1747.7,10384,74.4,198.0,7,2,182
1728.3,1186.1,10960,205.2,198.0,7,1,184
1434.9,1867.5,1104,100.9,204.0,7,1,148
1521.8,1665.4,1616,76.3,204.0,7,1,143
1506.6,1689.2,1872,103.5,204.0,7,1,201
1800.9,1976.0,2960,63.4,204.0,7,1,137
1855.6,1993.8,3600,84.0,204.0,7,1,154
1786.6,1958.1,3792,150.8,204.0,7,1,139
1862.3,1996.9,3984,88.0,204.0,7,1,154
1920.0,2106.1,6096,75.6,204.0,7,2,130
1870.2,2021.0,7440,117.8,204.0,7,2,123
1760.1,1903.9,7952,144.8,204.0,7,1,142
1819.4,1875.7,8208,55.9,204.0,7,2,167
1743.5,1786.0,9040,68.4,204.0,7,1,146
1747.2,1818.6,9104,78.5,204.0,7,2,152
1587.6,1763.7,10320,73.8,204.0,7,2,127
1522.5,1755.4,10448,113.6,204.0,7,1,127
1520.2,1672.9,10576,159.9,204.0,7,1,174
1517.3,1793.0,2064,79.8,210.0,7,2,181
1771.8,1962.2,2896,84.3,210.0,7,1,147
1870.1,1980.6,3920,90.6,210.0,7,1,111
1848.4,2004.7,4176,92.1,210.0,7,1,144
1900.7,2085.8,6096,102.1,210.0,7,1,169
1868.3,2090.9,6352,104.8,210.0,7,1,143
1761.6,1788.2,9040,51.3,210.0,7,1,176
1733.9,1801.5,9104,98.1,210.0,7,1,160
1673.0,1850.9,9488,99.1,210.0,7,2,149
1638.4,1835.2,9616,108.5,210.0,7,3,182
1561.6,1791.2,9808,130.0,210.0,7,1,164
1533.3,1723.4,10320,140.6,210.0,7,1,152
1576.7,1686.2,10576,103.4,210.0,7,3,157
1737.2,1346.5,10896,172.6,210.0,7,1,110
1772.4,1951.8,2896,89.4,216.0,7,1,145
1729.1,1934.3,3152,144.4,216.0,7,1,136
1739.3,1958.8,3216,113.9,216.0,7,1,162
1796.1,1999.2,3280,61.4,216.0,7,3,117
1867.4,1980.8,3600,80.3,216.0,7,1,140
1875.4,1968.5,3728,84.8,216.0,7,1,155
1844.9,1984.9,4304,92.6,216.0,7,2,144
1888.2,2091.8,6352,87.6,216.0,7,1,143
1936.7,2113.9,6992,82.6,216.0,7,1,147
1782.6,1909.6,7888,131.9,216.0,7,1,131
1806.0,1851.6,8208,79.8,216.0,7,2,145
1704.6,1786.7,8592,106.9,216.0,7,1,163
1580.2,1739.3,10320,92.5,216.0,7,1,150
1480.2,1866.3,1104,63.1,222.0,7,2,186
1535.7,1661.8,1360,95.2,222.0,7,1,139
1518.6,1650.0,1552,98.6,222.0,7,1,159
1525.9,1645.7,1680,76.0,222.0,7,2,166
1525.3,1799.0,2128,86.2,222.0,7,1,144
1790.4,1955.4,2896,73.2,222.0,7,1,179
1760.2,1924.0,3024,142.3,222.0,7,1,140
1903.2,1981.6,3728,55.0,222.0,7,1,160
1820.6,1937.4,3856,127.1,222.0,7,1,132
1920.1,2017.9,4048,53.2,222.0,7,1,118
1883.5,1983.9,4112,84.0,222.0,7,1,139
1869.4,1997.8,4176,79.1,222.0,7,1,145
1895.7,1990.3,5072,99.8,222.0,7,1,106
1919.2,2055.9,5584,79.9,222.0,7,1,148
1925.3,2079.4,6096,85.8,222.0,7,2,156
1922.1,2083.7,6224,76.9,222.0,7,1,132
1871.8,2111.3,6800,86.4,222.0,7,1,145
1846.3,2070.6,6928,114.9,222.0,7,1,119
1936.1,2101.8,6992,90.6,222.0,7,1,125
1836.7,1912.6,7952,75.0,222.0,7,1,160
1780.7,1814.3,8400,85.3,222.0,7,1,144
1714.6,1780.7,8592,102.9,222.0,7,1,147
1688.1,1825.2,8720,80.9,222.0,7,1,144
1685.0,1844.2,9424,112.7,222.0,7,1,155
1690.0,1838.4,9488,92.8,222.0,7,1,166
1539.1,1723.1,10448,117.3,222.0,7,1,120
1486.9,1863.8,1104,60.1,228.0,7,3,183
1526.9,1634.9,1680,82.9,228.0,7,1,141
1537.4,1778.6,2064,73.2,228.0,7,1,154
1538.9,1800.7,2128,75.3,228.0,7,1,160
1683.3,1880.8,2448,83.5,228.0,7,1,127
1795.1,1979.1,3280,75.7,228.0,7,1,126
1864.0,1979.5,4176,95.9,228.0,7,1,139
1840.6,1922.3,4880,161.7,228.0,7,2,139
1909.7,2048.3,5520,84.3,228.0,7,1,167
1887.8,2069.7,5968,85.4,228.0,7,1,136
1944.6,2087.4,6096,66.5,228.0,7,1,118
1931.5,2082.1,6224,71.3,228.0,7,1,127
1900.2,2034.7,7312,100.1,228.0,7,1,126
1825.2,1857.9,8080,79.6,228.0,7,1,139
1759.2,1789.5,8464,105.3,228.0,7,1,128
1610.0,1830.1,9872,66.2,228.0,7,1,221
1581.9,1752.3,10448,66.4,228.0,7,1,137
1766.5,1299.3,10896,179.6,228.0,7,1,165
1413.9,1851.0,1040,154.9,234.0,7,1,153
1481.0,1845.0,1104,78.5,234.0,7,2,162
1780.9,1926.0,3408,143.9,234.0,7,1,149
1843.3,1934.0,4176,144.4,234.0,7,1,118
1892.2,2092.6,6736,100.7,234.0,7,1,102
1903.6,2021.7,7312,108.1,234.0,7,1,113
1874.5,1917.1,7760,96.1,234.0,7,1,119
1817.1,1824.9,8208,90.9,234.0,7,2,155
1687.1,1816.6,8848,79.9,234.0,7,1,161
1712.1,1781.1,8912,69.5,234.0,7,1,165
1768.5,1781.2,9104,85.7,234.0,7,1,179
1565.2,1786.2,10064,69.0,234.0,7,2,167
1553.4,1635.5,10512,164.3,234.0,7,2,129
1548.8,1609.2,10704,166.8,234.0,7,1,164
1838.0,1131.9,10960,145.4,234.0,7,1,155
1942.5,1039.6,11024,106.0,234.0,7,1,132
1484.5,1834.7,1104,85.2,240.0,7,2,150
1499.5,1785.2,1168,92.0,240.0,7,1,167
1541.3,1625.4,1680,82.1,240.0,7,2,153
1900.8,1961.9,4112,90.4,240.0,7,1,111
1933.6,2028.1,5392,78.4,240.0,7,1,141
1916.5,2021.4,7312,101.3,240.0,7,1,152
1823.0,1816.2,8208,95.0,240.0,7,1,149
1635.7,1789.6,9808,76.9,240.0,7,1,180
1587.8,1660.7,10512,124.4,240.0,7,1,196
1490.6,1826.5,1104,89.7,246.0,7,2,162
1553.1,1630.8,1680,71.9,246.0,7,3,175
1666.1,1855.9,2384,62.1,246.0,7,1,120
1714.1,1886.4,2448,61.8,246.0,7,2,141
1768.3,1883.9,3216,155.3,246.0,7,1,139
1914.4,1951.7,3728,73.0,246.0,7,1,118
1888.5,1968.9,4304,77.1,246.0,7,1,222
1913.8,2054.4,6288,92.9,246.0,7,1,139
1936.2,2068.2,6416,97.1,246.0,7,1,165
1928.9,2106.3,6864,73.0,246.0,7,1,163
1927.2,1960.6,7504,107.4,246.0,7,1,139
1867.2,1906.2,7952,62.0,246.0,7,1,134
1853.2,1877.4,8016,64.9,246.0,7,1,129
1796.0,1792.1,8464,82.8,246.0,7,2,164
1721.9,1820.2,8720,64.7,246.0,7,1,114
1711.8,1794.7,9488,115.8,246.0,7,2,154
1575.2,1773.5,10064,75.1,246.0,7,1,157
1606.3,1615.2,10640,144.0,246.0,7,1,157
1420.7,2006.3,912,108.5,252.0,7,2,108
1720.6,1885.5,2448,60.3,252.0,7,2,109
1776.1,1802.9,2832,192.9,252.0,7,2,142
1835.8,1926.2,3024,97.7,252.0,7,1,126
1913.3,1939.5,4112,105.8,252.0,7,1,151
1908.7,1949.8,4368,80.2,252.0,7,3,142
1864.5,1970.6,4624,88.7,252.0,7,1,166
1924.8,2056.9,6288,86.6,252.0,7,1,125
1940.8,2088.7,6672,93.7,252.0,7,1,169
1936.6,2014.9,7312,99.0,252.0,7,1,152
1879.6,1901.3,7824,95.5,252.0,7,1,150
1730.3,1824.3,8720,57.9,252.0,7,1,176
1774.5,1780.9,9232,91.9,252.0,7,1,228
1583.9,1671.0,10448,137.3,252.0,7,1,157
1977.9,1042.6,11024,87.0,252.0,7,1,158
2081.0,961.9,11088,56.0,252.0,7,1,136
1726.6,1883.7,2448,60.5,258.0,7,2,102
1838.0,1935.6,3344,102.0,258.0,7,1,112
1941.0,1966.0,4048,89.4,258.0,7,2,118
1918.7,1956.6,4368,71.0,258.0,7,3,137
1949.5,2052.9,5712,67.6,258.0,7,1,129
1949.3,1957.1,7504,103.9,258.0,7,1,134
1937.1,1919.2,7696,83.2,258.0,7,1,147
1865.8,1872.1,8016,66.0,258.0,7,2,146
1863.2,1845.2,8080,73.5,258.0,7,1,137
1872.1,1817.6,8144,90.7,258.0,7,1,134
1772.4,1761.8,8592,89.7,258.0,7,1,175
1787.1,1724.9,9040,91.0,258.0,7,1,180
1630.5,1762.2,9936,110.4,258.0,7,1,168
1658.3,1741.8,10192,90.0,258.0,7,1,218
1569.3,1728.0,1232,93.9,264.0,7,1,160
1734.2,1895.6,2448,47.5,264.0,7,1,144
1833.8,1922.6,3280,113.3,264.0,7,1,143
1966.3,2009.8,5456,93.5,264.0,7,1,118
1936.4,2051.2,5968,82.4,264.0,7,1,101
1960.3,1958.3,7504,101.0,264.0,7,1,126
1882.6,1826.9,8144,79.9,264.0,7,1,147
1795.1,1760.8,8528,85.2,264.0,7,2,160
1724.1,1792.8,8784,72.0,264.0,7,1,154
1741.6,1779.1,8976,59.0,264.0,7,2,162
1747.4,1791.0,9488,110.0,264.0,7,1,184
1639.7,1648.0,10320,146.5,264.0,7,1,185
1672.4,1680.7,10384,90.5,264.0,7,1,255
1637.4,1649.2,10512,120.0,264.0,7,1,168
1877.9,1349.7,10896,83.6,264.0,7,1,140
1913.7,1156.8,10960,93.3,264.0,7,1,155
1992.1,1004.3,11024,121.7,264.0,7,1,151
1933.5,1950.3,4368,75.7,270.0,7,3,120
1972.8,2005.2,5392,90.8,270.0,7,1,155
1981.0,1954.7,7568,92.0,270.0,7,2,134
1954.4,1916.3,7696,84.3,270.0,7,1,134
1909.1,1895.9,7824,96.1,270.0,7,1,123
1804.0,1754.5,8528,91.0,270.0,7,2,132
1747.8,1767.8,8976,69.9,270.0,7,1,158
1656.9,1812.7,9744,77.8,270.0,7,1,203
1692.9,1742.1,10256,85.6,270.0,7,1,194
1681.9,1679.8,10384,90.9,270.0,7,1,180
1650.0,1629.5,10512,138.9,270.0,7,1,158
1933.2,1912.5,4304,127.5,276.0,7,1,100
1905.8,1922.5,4624,133.2,276.0,7,1,103
1953.2,2054.5,5968,79.1,276.0,7,1,171
1984.4,2074.2,6416,83.2,276.0,7,1,134
1981.5,1957.6,7504,101.7,276.0,7,1,131
1992.2,1940.3,7568,106.9,276.0,7,2,136
1786.8,1828.9,9360,78.0,276.0,7,1,142
1728.1,1805.2,9552,97.7,276.0,7,1,139
1633.1,1743.5,10128,87.6,276.0,7,1,164
1734.2,1555.2,10768,96.3,276.0,7,1,230
1631.6,1607.3,1360,120.8,282.0,7,1,174
1885.3,1928.3,3024,92.9,282.0,7,2,121
1846.6,1954.6,3216,72.7,282.0,7,1,110
1973.1,1879.1,3664,162.6,282.0,7,1,112
1937.3,1954.7,4752,90.2,282.0,7,1,123
1945.1,1955.0,4816,86.2,282.0,7,1,113
1961.2,2056.8,5968,78.1,282.0,7,1,146
1992.3,2078.4,6416,80.2,282.0,7,1,127
1992.0,1959.2,7504,101.7,282.0,7,1,138
2001.0,1952.5,7568,96.3,282.0,7,1,137
1973.6,1910.3,7696,92.3,282.0,7,1,133
1910.6,1887.1,7888,102.3,282.0,7,1,150
1910.1,1816.3,8144,92.0,282.0,7,1,144
1811.4,1753.8,8592,97.9,282.0,7,1,135
1806.9,1773.7,9360,135.8,282.0,7,1,254
1676.1,1800.2,9744,92.4,282.0,7,1,217
1695.4,1706.9,10384,65.2,282.0,7,1,191
1637.0,1751.2,10448,51.5,282.0,7,1,144
2033.4,990.8,11024,137.5,282.0,7,1,157
1610.4,1610.1,1680,90.8,288.0,7,1,133
1902.2,1868.3,2960,140.3,288.0,7,1,135
1887.6,1890.9,3152,134.8,288.0,7,1,151
1903.4,1974.0,4560,85.5,288.0,7,1,124
1953.7,1957.9,4816,85.7,288.0,7,1,140
1992.5,2031.3,7312,81.8,288.0,7,3,132
2002.4,1961.6,7504,102.1,288.0,7,1,112
1983.5,1911.3,7696,93.9,288.0,7,2,151
1751.9,1826.3,8848,57.7,288.0,7,2,133
1700.5,1775.2,9808,85.2,288.0,7,1,170
1686.2,1769.3,9936,106.1,288.0,7,1,129
1720.2,1743.5,10256,88.5,288.0,7,1,255
1646.2,1740.5,10448,64.2,288.0,7,1,179
1719.4,1578.9,10640,176.5,288.0,7,1,168
1927.3,1307.8,10896,131.4,288.0,7,1,165
1594.7,1754.2,1168,121.1,294.0,7,3,147
2003.8,1901.6,3920,136.1,294.0,7,1,136
2002.0,1958.3,4048,104.2,294.0,7,1,122
1950.9,1964.7,4432,86.8,294.0,7,1,134
1912.4,1975.7,4560,87.1,294.0,7,1,112
2022.9,1915.9,5008,146.0,294.0,7,1,150
2011.8,2082.8,6480,96.1,294.0,7,1,164
2005.1,2107.3,6608,84.1,294.0,7,1,127
2006.9,2094.4,6672,91.3,294.0,7,2,124
2006.4,2021.1,7312,96.4,294.0,7,1,137
1917.7,1851.1,8016,93.8,294.0,7,1,211
1919.7,1733.7,8336,142.5,294.0,7,1,162
1761.1,1820.5,8848,66.5,294.0,7,3,157
1579.2,1847.7,1040,148.5,300.0,7,1,191
1625.2,1622.3,1680,85.6,300.0,7,2,167
1854.6,1927.9,2704,73.2,300.0,7,1,114
1861.4,1936.0,2768,61.3,300.0,7,1,125
1909.9,1947.6,3344,101.3,300.0,7,1,147
1941.0,1911.4,3408,151.2,300.0,7,1,137
1966.6,1968.7,3600,68.4,300.0,7,2,153
1973.9,1956.0,4368,80.9,300.0,7,1,133
2045.3,1907.5,5008,163.6,300.0,7,1,110
2009.3,2026.0,5328,73.6,300.0,7,1,142
2019.8,2027.1,5456,87.4,300.0,7,1,161
2025.2,2026.0,7248,118.7,300.0,7,1,128
2014.4,1952.4,7632,90.8,300.0,7,1,145
2002.0,1918.3,7696,95.1,300.0,7,2,153
1779.2,1825.8,8720,61.9,300.0,7,1,154
1845.4,1790.9,9360,133.5,300.0,7,1,230
1706.7,1804.2,9744,99.6,300.0,7,2,137
1894.5,1466.2,10832,76.1,300.0,7,2,162
1626.8,1813.9,2192,76.9,306.0,7,1,156
1870.1,1892.1,2640,118.5,306.0,7,1,131
1941.7,1906.3,3088,168.6,306.0,7,1,152
1905.0,1937.7,3152,100.6,306.0,7,1,155
1889.6,1945.8,3216,98.8,306.0,7,1,136
1984.8,1955.9,3600,89.1,306.0,7,1,142
2017.1,1931.5,3920,116.8,306.0,7,1,100
2023.8,2037.1,5456,81.2,306.0,7,1,144
2033.0,1973.2,7504,105.7,306.0,7,1,141
2016.4,1915.3,7696,105.5,306.0,7,1,130
1955.5,1817.5,8144,109.8,306.0,7,1,143
1777.8,1800.8,8784,78.6,306.0,7,1,154
1872.9,1721.9,9040,113.7,306.0,7,1,182
1860.8,1792.9,9424,156.7,306.0,7,1,141
1674.6,1760.9,10128,86.2,306.0,7,1,228
1713.2,1673.4,10576,79.8,306.0,7,1,254
2426.7,875.3,11152,79.9,306.0,7,1,172
1659.6,1645.8,1808,102.1,312.0,7,1,166
1636.5,1777.2,2064,74.9,312.0,7,1,173
1836.9,1876.4,2512,115.6,312.0,7,1,140
1835.9,1912.9,2576,86.0,312.0,7,1,108
2009.5,1941.6,4368,113.7,312.0,7,1,143
1983.8,1970.5,4752,97.5,312.0,7,1,146
2019.3,2063.2,5776,79.6,312.0,7,1,158
2019.8,2090.2,6224,60.6,312.0,7,2,137
2042.8,2118.8,6992,58.7,312.0,7,1,143
1789.3,1791.6,8976,62.1,312.0,7,1,131
1901.0,1770.6,9360,182.8,312.0,7,1,163
1759.4,1762.6,9872,157.1,312.0,7,1,134
1735.6,1660.9,10576,103.7,312.0,7,1,209
1986.4,1179.6,10960,94.1,312.0,7,1,140
1542.7,2029.9,912,119.1,318.0,7,1,156
1606.1,1837.4,1104,106.3,318.0,7,1,169
1641.6,1809.5,2128,70.4,318.0,7,1,134
1927.6,1963.7,3024,82.9,318.0,7,1,134
1988.0,1977.9,3600,74.8,318.0,7,2,138
1976.4,2009.4,4240,86.7,318.0,7,1,130
2024.4,2094.5,6224,60.8,318.0,7,1,144
1799.0,1833.7,8720,68.3,318.0,7,1,140
1791.3,1810.7,8784,80.3,318.0,7,1,154
1814.8,1781.5,8912,83.3,318.0,7,1,152
1941.7,1743.4,9232,186.7,318.0,7,1,186
1761.9,1830.5,9680,94.4,318.0,7,1,176
1908.5,1485.2,10832,70.0,318.0,7,2,178
1604.9,1970.1,976,135.5,324.0,7,1,110
1678.1,1749.4,1232,122.4,324.0,7,1,163
1685.9,1707.6,1296,110.1,324.0,7,1,188
1697.9,1683.3,1488,90.6,324.0,7,2,169
1899.7,1976.2,3216,84.3,324.0,7,2,150
2020.5,1986.0,4112,92.1,324.0,7,1,138
2048.5,2058.6,5584,86.4,324.0,7,1,141
1992.0,1912.6,7888,126.8,324.0,7,1,255
1961.0,1877.6,8016,100.7,324.0,7,1,153
1938.1,1803.1,8400,116.2,324.0,7,1,255
1816.9,1829.4,8720,84.9,324.0,7,1,162
1915.7,1786.3,9232,139.4,324.0,7,1,255
1621.6,1976.8,976,145.9,330.0,7,1,161
1714.8,1658.6,1424,121.8,330.0,7,1,169
1718.0,1682.7,1488,107.8,330.0,7,1,152
1742.4,1604.1,1680,184.8,330.0,7,1,165
1969.7,1937.7,2960,128.1,330.0,7,1,156
1979.7,2028.3,4240,78.3,330.0,7,3,119
2107.2,2003.1,5200,143.2,330.0,7,1,129
2040.0,2075.0,7184,121.1,330.0,7,1,112
1874.3,1801.5,8592,96.2,330.0,7,2,225
1937.1,1790.8,9232,154.9,330.0,7,1,204
1893.8,1822.6,9488,155.8,330.0,7,1,166
1780.3,1721.4,10320,144.7,330.0,7,1,210
1720.4,1747.3,10448,108.7,330.0,7,1,178
1764.6,1676.1,10704,135.9,330.0,7,1,193
1756.5,1648.2,1808,180.7,336.0,7,1,139
1857.1,1962.8,2640,62.0,336.0,7,1,146
1954.0,1993.1,3088,121.9,336.0,7,1,153
2010.6,1993.2,3600,85.6,336.0,7,1,118
2026.3,1999.4,3664,95.3,336.0,7,1,158
2061.8,1958.2,3792,150.5,336.0,7,1,130
1885.0,1809.5,8528,88.6,336.0,7,1,208
1950.5,1778.6,8592,174.5,336.0,7,1,204
1959.7,1762.9,8784,249.7,336.0,7,1,239
1927.5,1848.9,9424,173.8,336.0,7,1,119
1718.5,1760.6,10448,100.9,336.0,7,2,189
1841.7,1598.7,10768,128.8,336.0,7,1,181
1934.0,1497.6,10832,84.9,336.0,7,1,172
2020.6,1206.3,10960,106.4,336.0,7,1,165
1766.8,1636.6,1680,193.9,342.0,7,1,178
1869.6,1854.7,2384,187.4,342.0,7,1,143
1917.5,2018.4,3088,78.7,342.0,7,1,147
1966.3,2035.9,3472,84.2,342.0,7,1,162
2072.9,1976.5,3728,135.5,342.0,7,1,152
2001.2,1994.4,3792,80.8,342.0,7,2,130
2032.4,2003.6,3984,94.3,342.0,7,1,144
2056.4,2020.5,4240,151.8,342.0,7,2,135
2059.7,2080.6,5520,98.4,342.0,7,1,140
1926.5,1779.6,8976,187.9,342.0,7,1,164
1905.6,1852.8,9488,154.2,342.0,7,1,162
1769.1,1832.6,9936,121.6,342.0,7,1,161
2207.1,979.8,11088,114.4,342.0,7,1,166
1781.4,1688.3,1360,178.8,348.0,7,1,168
1769.9,1895.9,2384,80.3,348.0,7,1,159
1968.5,1978.1,2896,126.5,348.0,7,1,126
2016.2,2010.1,3600,85.7,348.0,7,1,128
2116.3,2020.2,4048,160.2,348.0,7,1,150
1958.9,1843.2,8336,99.3,348.0,7,1,210
1828.3,1861.2,8848,96.4,348.0,7,1,131
1923.0,1801.1,8912,173.9,348.0,7,1,158
1981.9,1815.9,9104,166.6,348.0,7,3,159
1955.5,1829.0,9168,140.3,348.0,7,1,152
1748.4,1840.4,9808,75.9,348.0,7,1,218
1727.5,1780.1,10448,103.5,348.0,7,1,175
1911.0,1520.5,10832,55.8,348.0,7,1,146
2467.2,921.4,11152,89.4,348.0,7,1,162
1956.2,1991.5,2960,97.9,354.0,7,1,151
2024.9,2008.8,3536,96.6,354.0,7,1,142
2018.6,2029.9,3664,79.8,354.0,7,1,147
1997.7,1850.1,8464,168.9,354.0,7,1,145
1911.6,1526.3,10832,55.4,354.0,7,1,147
1957.5,1425.3,10896,71.3,354.0,7,1,177
1683.7,1821.3,1232,104.6,0.0,8,1,107
1991.3,2061.9,3472,105.1,0.0,8,1,144
1720.7,1842.1,10064,115.0,0.0,8,2,148
1928.6,1532.1,10832,72.2,0.0,8,1,120
1714.9,1746.1,1488,90.8,6.0,8,1,168
1947.1,2001.3,2768,117.0,6.0,8,1,121
1750.4,1900.3,9744,94.0,6.0,8,1,228
1677.1,1857.6,10000,68.9,6.0,8,1,252
1713.0,1755.4,1488,90.3,12.0,8,1,183
2052.3,2056.0,3984,112.0,12.0,8,1,149
2104.3,2084.2,4048,147.9,12.0,8,1,145
2029.2,2057.8,4112,85.1,12.0,8,1,152
2074.6,1281.6,10960,154.5,12.0,8,1,146
2542.4,974.5,11152,166.2,12.0,8,1,157
1654.5,1949.9,1104,133.9,18.0,8,1,149
1690.7,1746.0,1424,85.6,18.0,8,1,155
2061.8,2064.1,3792,144.6,18.0,8,1,144
2023.7,2057.8,3856,114.2,18.0,8,1,146
2056.4,2076.0,4112,116.2,18.0,8,1,141
2181.7,2125.9,5072,222.8,18.0,8,1,160
2123.8,2165.0,6160,137.2,18.0,8,1,125
2127.4,2183.3,6224,155.7,18.0,8,1,145
1953.0,1926.5,8144,65.3,18.0,8,1,161
1871.5,1934.6,9616,146.2,18.0,8,1,138
1762.6,1781.7,10704,121.7,18.0,8,1,169
2101.4,1307.4,10960,187.2,18.0,8,1,148
1866.5,2016.1,2576,96.6,24.0,8,1,105
1925.8,2026.5,2832,98.6,24.0,8,1,143
1987.7,2107.3,3088,158.9,24.0,8,1,127
2063.6,2086.4,3600,143.7,24.0,8,1,147
2017.1,2056.5,3920,75.1,24.0,8,1,134
2041.7,2216.2,6800,115.7,24.0,8,1,125
2006.0,2013.3,7952,124.3,24.0,8,1,113
1922.8,1912.9,8912,186.0,24.0,8,1,165
2164.8,1044.8,11088,72.8,24.0,8,1,140
1994.9,2093.6,3024,148.9,30.0,8,1,146
2002.6,2064.6,3792,90.4,30.0,8,2,150
2002.3,2082.7,4816,86.7,30.0,8,1,130
2054.1,2157.7,6160,70.1,30.0,8,1,142
1985.1,1997.6,8016,121.8,30.0,8,1,150
1764.7,1943.0,9872,127.4,30.0,8,1,164
1762.9,1817.5,10384,93.5,30.0,8,1,143
1962.0,2120.6,3216,161.3,36.0,8,1,144
1978.1,2081.6,4304,71.9,36.0,8,1,154
2028.2,2195.0,6288,94.7,36.0,8,1,132
1895.9,1912.3,8528,113.6,36.0,8,1,148
1862.9,1967.8,9360,104.2,36.0,8,1,149
1769.2,1954.3,9936,143.1,36.0,8,1,187
1701.8,1911.8,10064,118.7,36.0,8,1,199
1599.4,1973.6,1104,97.3,42.0,8,1,162
1857.6,2048.2,2576,106.7,42.0,8,1,123
1994.5,2106.5,4304,100.5,42.0,8,1,119
2075.2,2196.3,6160,110.1,42.0,8,1,137
1812.0,2001.9,9680,161.7,42.0,8,1,141
1516.0,2178.2,912,92.3,48.0,8,1,171
1672.7,1802.7,2000,101.7,48.0,8,1,166
2056.9,2166.3,3600,186.1,48.0,8,1,153
1989.4,2116.6,4304,104.0,48.0,8,2,139
1987.8,2106.7,4816,90.6,48.0,8,1,156
2033.5,2127.0,5008,104.6,48.0,8,1,136
2065.6,2140.6,7568,126.4,48.0,8,1,129
1978.9,2069.6,7824,104.4,48.0,8,1,146
1948.1,1969.9,8144,85.5,48.0,8,1,143
1925.8,1959.8,8208,82.6,48.0,8,1,118
1867.3,1904.2,9104,72.3,48.0,8,1,109
1827.6,1985.0,9424,88.0,48.0,8,1,154
1785.2,1930.2,10256,138.0,48.0,8,1,150
1689.0,1871.3,10448,93.7,48.0,8,1,141
1667.9,1810.0,1360,104.4,54.0,8,1,149
1904.9,2081.7,2832,117.7,54.0,8,1,138
1956.9,2158.7,2896,190.7,54.0,8,1,146
2010.8,2126.4,3984,115.8,54.0,8,1,166
1980.4,2122.6,4304,103.0,54.0,8,1,144
2066.3,2189.1,5200,141.4,54.0,8,1,135
2009.9,2140.4,5264,70.1,54.0,8,1,126
2033.5,2185.0,5584,93.4,54.0,8,1,161
2006.3,2072.0,7696,88.3,54.0,8,1,144
1817.0,1995.3,8848,141.1,54.0,8,1,146
1869.8,1960.3,9232,113.7,54.0,8,1,159
1794.0,1974.2,9616,104.8,54.0,8,1,145
1698.9,1948.3,9744,71.4,54.0,8,1,143
1719.9,1961.6,9936,113.0,54.0,8,1,166
1704.3,1843.3,10512,92.4,54.0,8,1,110
1577.2,1995.3,1104,100.2,60.0,8,1,168
1667.2,1830.6,1360,121.4,60.0,8,1,217
2017.7,2146.0,3728,147.3,60.0,8,2,152
1963.3,2087.0,3792,78.0,60.0,8,1,135
1962.2,2112.7,4304,84.7,60.0,8,1,100
2012.3,2133.8,5008,97.6,60.0,8,1,156
2023.4,2187.0,5584,89.6,60.0,8,1,147
1987.0,2205.9,5968,84.0,60.0,8,2,146
2017.8,2210.9,6032,92.8,60.0,8,1,159
2037.6,2283.1,6480,129.9,60.0,8,1,158
2032.0,2162.8,7440,108.4,60.0,8,1,135
2020.3,2144.4,7504,98.9,60.0,8,1,124
1933.3,2033.7,7952,81.8,60.0,8,1,154
1844.4,2020.5,9360,131.6,60.0,8,1,106
1800.3,1972.1,9488,82.8,60.0,8,1,132
1706.6,1976.5,9744,99.4,60.0,8,1,150
1757.3,1939.2,10256,128.8,60.0,8,1,162
1665.5,1828.5,1488,100.6,66.0,8,1,155
1641.4,1808.8,1616,123.0,66.0,8,1,156
1618.8,1778.4,1680,89.7,66.0,8,2,164
1976.3,2108.0,3984,82.4,66.0,8,1,132
1971.2,2147.4,4176,105.7,66.0,8,1,136
1954.7,2117.6,4304,85.7,66.0,8,1,140
1976.4,2203.7,5968,77.2,66.0,8,2,121
2019.3,2204.7,6096,74.3,66.0,8,1,109
1944.1,2070.8,7824,86.2,66.0,8,1,139
1921.3,2027.7,7952,71.1,66.0,8,1,127
1785.3,1922.0,8976,92.3,66.0,8,1,141
1762.6,1957.2,9616,74.2,66.0,8,1,147
1699.1,1972.7,9936,112.2,66.0,8,3,228
1710.4,1904.7,10192,82.0,66.0,8,1,140
1687.1,1865.7,10320,78.8,66.0,8,1,140
1657.1,1881.3,1360,163.8,72.0,8,1,152
1625.2,1818.6,1552,107.9,72.0,8,1,162
1892.6,2138.2,3344,108.2,72.0,8,1,146
2012.6,2213.2,5328,129.7,72.0,8,1,132
1990.8,2186.9,5520,79.8,72.0,8,1,148
2003.0,2176.5,5648,63.6,72.0,8,1,130
1997.5,2211.0,6032,84.6,72.0,8,1,132
1823.7,1950.0,8592,105.7,72.0,8,1,152
1770.2,1946.9,8720,71.0,72.0,8,1,130
1775.9,1924.2,8976,91.0,72.0,8,1,147
1843.2,1935.0,9168,80.8,72.0,8,1,138
1873.6,1998.8,9296,84.2,72.0,8,1,129
1818.8,2030.1,9360,130.0,72.0,8,1,149
1758.1,1968.6,9616,83.3,72.0,8,2,154
1679.7,1957.4,9872,82.1,72.0,8,1,149
1633.4,1926.9,10000,80.5,72.0,8,1,211
1651.3,1878.6,10448,80.9,72.0,8,1,154
1674.4,1828.8,10704,89.1,72.0,8,1,162
1894.1,1648.0,10832,121.9,72.0,8,1,137
1632.4,1847.5,1360,124.7,78.0,8,1,255
1571.3,1800.1,1744,98.9,78.0,8,1,165
1606.6,1938.2,2128,83.3,78.0,8,1,159
1624.1,1968.0,2256,89.0,78.0,8,1,146
1854.6,2134.3,3216,111.0,78.0,8,1,104
1984.1,2214.5,7248,87.6,78.0,8,1,151
1799.0,1938.2,8656,78.0,78.0,8,1,136
1762.1,1944.7,8720,66.8,78.0,8,1,148
1752.4,1967.7,8848,88.4,78.0,8,1,153
1714.8,2002.0,9680,110.7,78.0,8,1,158
1673.3,1968.7,9872,91.3,78.0,8,1,170
1688.4,2034.7,9936,168.2,78.0,8,1,183
1643.7,1883.4,10448,83.6,78.0,8,1,158
1614.6,1966.5,2256,85.9,84.0,8,1,143
1860.8,2156.8,2896,153.3,84.0,8,1,141
1948.6,2225.9,7120,93.2,84.0,8,2,179
1974.7,2212.6,7248,84.3,84.0,8,1,146
1986.9,2155.3,7440,86.9,84.0,8,1,143
1827.7,1934.3,9104,84.3,84.0,8,1,142
1728.9,2007.3,9552,105.5,84.0,8,1,111
1665.9,1975.4,9744,85.3,84.0,8,1,170
1662.5,1865.0,10320,71.7,84.0,8,1,144
1690.0,1848.0,10384,77.8,84.0,8,1,177
1635.6,1890.1,10448,89.0,84.0,8,1,168
1659.7,1860.7,10512,92.8,84.0,8,1,148
1582.3,1791.0,1680,94.5,90.0,8,1,156
1586.4,1916.5,2064,83.6,90.0,8,1,170
1622.8,2042.9,2320,153.4,90.0,8,1,126
1845.9,2134.3,3152,115.2,90.0,8,1,161
1845.7,2116.1,3280,80.8,90.0,8,1,150
1924.3,2089.0,3792,69.6,90.0,8,1,152
1946.0,2144.6,4112,104.5,90.0,8,1,125
1928.2,2171.3,4176,120.5,90.0,8,1,139
1919.9,2151.4,4304,112.0,90.0,8,1,133
1891.9,2134.2,4624,79.2,90.0,8,1,144
1938.9,2224.0,7120,90.8,90.0,8,1,138
1965.8,2211.3,7248,82.5,90.0,8,1,147
1892.5,1958.4,8272,75.7,90.0,8,1,135
1782.8,1930.8,8656,68.9,90.0,8,1,140
1731.6,1947.8,8784,83.3,90.0,8,1,151
1806.0,1905.2,9040,91.3,90.0,8,1,148
1732.4,1987.2,9616,97.8,90.0,8,1,157
1656.9,1959.8,9744,69.3,90.0,8,1,149
1677.0,1931.6,10192,101.8,90.0,8,1,163
1664.9,1820.5,10640,73.8,90.0,8,1,175
1531.7,1996.1,1168,132.0,96.0,8,1,150
1596.3,1843.8,1424,125.0,96.0,8,1,161
1591.2,1825.7,1872,94.9,96.0,8,1,152
1597.6,1958.1,2256,77.5,96.0,8,1,176
1680.1,2019.9,2384,107.9,96.0,8,1,146
1837.1,2116.9,3280,82.0,96.0,8,1,134
1975.8,2188.7,5648,73.0,96.0,8,1,154
1929.5,2222.6,7120,89.9,96.0,8,1,154
1957.4,2209.4,7248,81.0,96.0,8,1,140
1900.4,2074.9,7824,83.3,96.0,8,1,132
1721.5,1960.8,8784,96.9,96.0,8,2,118
1645.3,1965.1,9872,86.2,96.0,8,1,176
1646.7,1872.4,10320,79.1,96.0,8,1,150
1603.9,1834.2,1488,99.8,102.0,8,1,161
1562.2,1791.2,1680,96.8,102.0,8,1,159
1668.8,2018.7,2384,108.4,102.0,8,1,125
1841.9,2081.6,2960,81.6,102.0,8,1,115
1828.4,2116.7,3280,83.2,102.0,8,1,122
1937.8,2125.0,4944,81.7,102.0,8,1,105
1950.4,2185.4,5520,76.0,102.0,8,1,147
1920.1,2221.8,7120,90.6,102.0,8,1,170
1961.7,2137.3,7568,92.7,102.0,8,1,138
1709.8,1966.7,8784,104.5,102.0,8,1,152
1805.6,1917.7,9168,60.8,102.0,8,2,180
1665.2,1958.2,10256,133.4,102.0,8,1,151
1637.0,1878.5,10320,86.7,102.0,8,1,154
1647.0,1830.9,10640,86.1,102.0,8,1,134
1593.5,1832.4,1488,100.7,108.0,8,1,161
1879.5,2167.3,4240,105.0,108.0,8,1,112
1871.3,2118.3,4624,66.6,108.0,8,1,147
1881.0,2181.4,4816,149.3,108.0,8,1,115
1928.2,2127.0,4944,86.0,108.0,8,1,143
1941.4,2187.3,5712,71.8,108.0,8,1,155
1942.0,2176.4,7376,91.2,108.0,8,1,176
1958.8,2115.1,7568,71.9,108.0,8,2,136
1870.1,1951.6,8272,72.5,108.0,8,1,160
1724.3,1952.9,8720,77.3,108.0,8,1,156
1701.0,1958.4,8784,98.8,108.0,8,1,154
1735.9,1889.6,8912,55.0,108.0,8,1,131
1791.9,1933.5,9104,87.3,108.0,8,1,123
1637.9,1950.4,10192,126.8,108.0,8,1,160
1548.9,1917.1,2064,92.2,114.0,8,1,131
1587.6,1968.5,2320,86.5,114.0,8,1,144
1818.0,2097.6,3280,68.1,114.0,8,1,136
1831.6,2118.4,3408,83.2,114.0,8,1,175
1871.4,2148.3,4304,119.2,114.0,8,1,145
1849.6,2150.0,4624,104.0,114.0,8,1,119
1849.1,2168.2,4688,117.0,114.0,8,1,124
1930.2,2179.6,7376,98.4,114.0,8,1,171
1873.8,2071.3,7824,86.7,114.0,8,1,143
1862.3,1950.6,8272,74.3,114.0,8,1,135
1762.4,1913.9,8592,70.5,114.0,8,1,127
1623.7,1937.0,9936,73.1,114.0,8,1,233
1623.4,1864.7,10320,77.7,114.0,8,1,143
1541.7,2030.1,2320,162.3,120.0,8,1,116
1872.8,2116.0,3536,112.1,120.0,8,1,161
1863.5,2151.4,4240,96.9,120.0,8,1,156
1937.2,2196.0,5648,92.3,120.0,8,1,154
1907.7,2261.0,6864,101.6,120.0,8,1,158
1892.0,2214.5,7120,93.8,120.0,8,1,150
1818.3,1916.1,8400,51.6,120.0,8,1,143
1703.1,1957.5,8720,90.2,120.0,8,1,135
1724.0,1887.4,8912,57.9,120.0,8,1,166
1658.1,2005.9,9552,119.6,120.0,8,1,131
1585.6,2013.6,10256,214.6,120.0,8,1,165
1616.8,1860.0,10320,76.5,120.0,8,1,159
1538.0,1974.1,2256,115.0,126.0,8,1,140
1855.7,2164.4,4112,153.7,126.0,8,1,143
1883.9,2088.9,4304,61.2,126.0,8,1,136
1902.7,2202.8,5712,103.5,126.0,8,1,167
1912.5,2259.0,6544,103.9,126.0,8,1,147
1900.9,2074.2,7696,91.0,126.0,8,1,130
1836.1,1975.4,8080,72.1,126.0,8,1,143
1770.0,1924.6,9168,82.1,126.0,8,1,145
1755.3,1933.9,9232,81.1,126.0,8,1,138
1618.6,2039.0,9552,168.9,126.0,8,1,148
1525.8,1965.7,10128,166.9,126.0,8,1,137
1601.2,1867.8,10320,91.6,126.0,8,1,181
1602.8,1832.2,10640,105.6,126.0,8,1,149
1759.1,2115.6,3152,129.8,132.0,8,1,146
1894.9,2188.7,5968,74.8,132.0,8,1,164
1931.6,2188.1,6224,71.2,132.0,8,1,155
1828.8,1972.2,8080,74.2,132.0,8,1,154
1828.3,1945.3,8208,63.1,132.0,8,2,112
1689.0,1988.1,2448,67.6,138.0,8,1,113
1765.3,2085.4,3216,89.1,138.0,8,1,148
1845.0,2090.8,3792,106.7,138.0,8,1,127
1839.2,2098.8,4496,99.4,138.0,8,2,136
1809.1,2140.2,4688,117.8,138.0,8,1,150
1902.1,2168.7,5520,86.2,138.0,8,1,142
1864.6,2201.5,5904,106.4,138.0,8,1,152
1878.9,2192.7,5968,88.9,138.0,8,1,166
1866.8,2231.5,6800,93.1,138.0,8,1,133
1872.7,2214.1,7056,97.8,138.0,8,1,164
1696.0,1888.5,8912,76.6,138.0,8,1,127
1697.7,1955.6,9488,82.4,138.0,8,1,160
1510.4,1932.8,10128,152.7,138.0,8,1,139
1843.0,1321.9,10960,108.2,138.0,8,1,155
1502.6,1825.3,1488,150.9,144.0,8,1,184
1560.7,1934.7,2320,76.7,144.0,8,1,138
1647.7,2009.3,2448,113.0,144.0,8,1,148
1722.0,2045.0,2640,97.0,144.0,8,1,142
1900.2,2157.9,5456,93.8,144.0,8,1,141
1886.6,2196.0,6352,89.6,144.0,8,1,138
1875.5,2246.1,6544,121.2,144.0,8,1,147
1897.5,2230.3,6672,89.3,144.0,8,1,108
1789.5,1916.3,8336,89.3,144.0,8,1,122
1735.5,1865.1,9040,87.2,144.0,8,1,140
1695.8,1946.3,9488,78.0,144.0,8,1,116
1585.5,1804.4,10640,98.1,144.0,8,1,145
1845.6,1306.1,10960,96.3,144.0,8,1,134
1409.7,2099.2,976,98.9,150.0,8,1,120
1697.9,2089.2,2896,169.6,150.0,8,1,156
1751.9,2089.5,3280,108.3,150.0,8,1,131
1768.8,2115.6,4496,166.6,150.0,8,1,142
1831.6,2116.3,4944,142.3,150.0,8,1,166
1881.0,2180.0,6288,81.5,150.0,8,1,140
1880.4,2229.4,6672,103.1,150.0,8,1,156
1885.6,2215.1,6864,84.3,150.0,8,1,112
1819.4,1951.2,8080,68.2,150.0,8,1,144
1671.8,1950.8,9488,100.6,150.0,8,1,136
1551.6,1938.7,9872,118.6,150.0,8,1,128
1570.7,1891.2,10192,122.8,150.0,8,1,174
1577.4,1838.5,10320,89.6,150.0,8,1,176
1664.9,1642.7,10832,221.3,150.0,8,1,172
1940.5,1162.5,11024,74.3,150.0,8,1,122
1453.7,1877.2,1232,137.3,156.0,8,1,144
1683.2,2040.1,2640,128.3,156.0,8,1,106
1734.9,2031.7,2768,104.9,156.0,8,1,147
1885.7,2066.9,4112,66.0,156.0,8,1,143
1798.9,2093.2,4304,132.4,156.0,8,1,142
1793.2,2007.0,7952,108.6,156.0,8,1,146
1569.6,1917.0,9872,92.7,156.0,8,1,169
1555.2,1838.1,10320,109.2,156.0,8,1,154
1501.2,1754.7,1424,113.7,162.0,8,1,125
1507.9,1761.5,1872,97.9,162.0,8,2,255
1536.9,1749.2,2000,71.3,162.0,8,2,175
1630.9,2004.1,2512,135.2,162.0,8,1,158
1774.3,2029.3,2960,88.9,162.0,8,1,151
1779.5,2056.8,3280,69.6,162.0,8,1,144
1802.5,2068.3,4496,116.3,162.0,8,3,127
1834.0,2149.0,5456,149.4,162.0,8,1,146
1555.5,1911.4,9872,103.8,162.0,8,1,154
1347.0,2132.4,912,109.7,168.0,8,1,158
1492.2,1755.6,1936,111.6,168.0,8,1,160
1496.9,1916.3,2320,128.7,168.0,8,1,160
1698.8,2035.4,2896,149.3,168.0,8,1,179
1847.2,2057.8,3664,94.2,168.0,8,1,117
1858.4,2096.7,5136,128.3,168.0,8,1,187
1475.8,1878.6,10000,135.7,168.0,8,1,178
1743.4,2015.0,2896,102.0,174.0,8,1,137
1850.4,2042.4,3984,92.8,174.0,8,1,138
1856.9,2064.3,4048,103.3,174.0,8,1,117
1422.8,1864.9,1168,122.7,180.0,8,1,102
1818.2,2067.5,4240,93.8,180.0,8,1,111
1844.6,2010.1,3536,84.7,186.0,8,1,123
1875.3,2018.2,3920,73.6,186.0,8,1,165
1802.6,2037.6,4176,126.2,186.0,8,1,162
1822.7,2058.1,4240,89.8,186.0,8,1,140
2017.6,1006.7,11088,81.2,186.0,8,1,120
1475.8,1799.4,1232,105.6,192.0,8,1,164
1851.1,2010.7,3600,83.1,192.0,8,1,164
1834.9,2030.9,4176,95.3,192.0,8,1,130
1775.0,2035.4,4688,124.4,192.0,8,1,136
1815.6,2087.2,5840,169.8,192.0,8,2,141
1891.7,2116.1,6096,99.6,192.0,8,2,165
1875.6,2123.1,6288,77.7,192.0,8,2,161
1611.7,1839.0,8784,122.5,192.0,8,1,130
1519.8,1808.5,10128,106.5,192.0,8,3,179
1513.2,1734.8,10384,172.5,192.0,8,1,149
1727.4,1398.9,10896,162.9,192.0,8,1,157
1685.2,1960.4,3024,190.0,198.0,8,1,167
1842.1,1998.6,3600,95.0,198.0,8,2,163
1876.0,2002.4,3920,76.2,198.0,8,1,132
1801.3,1994.5,4880,155.1,198.0,8,2,140
1928.2,2117.0,6096,64.1,198.0,8,3,146
1825.7,2098.4,6288,132.3,198.0,8,1,149
1704.6,1826.1,8400,146.6,198.0,8,1,166
1676.8,1812.2,9168,148.7,198.0,8,1,166
1702.1,1835.5,9232,106.0,198.0,8,3,181
1520.2,1749.9,10320,141.8,198.0,8,2,112
1607.0,1746.4,10384,78.7,198.0,8,2,164
1478.7,1776.6,1232,109.9,204.0,8,1,156
1848.4,1990.6,3600,91.9,204.0,8,1,119
1868.1,1990.1,3920,88.0,204.0,8,1,148
1839.8,1992.8,4112,116.3,204.0,8,1,150
1776.7,1975.6,4304,156.7,204.0,8,1,150
1913.0,2102.9,6096,83.3,204.0,8,1,161
1865.0,2018.7,7440,123.5,204.0,8,1,125
1706.6,1880.1,7952,203.4,204.0,8,1,146
1813.8,1873.2,8208,62.0,204.0,8,2,165
1743.5,1817.0,9104,82.5,204.0,8,3,158
1716.7,1813.0,9168,111.2,204.0,8,1,140
1581.0,1818.5,9360,216.3,204.0,8,1,126
1584.2,1762.2,10320,77.5,204.0,8,1,121
1587.4,1728.6,10384,103.4,204.0,8,1,102
1511.0,1750.3,10448,126.2,204.0,8,1,140
1530.5,1661.3,1616,70.3,210.0,8,1,148
1509.1,1788.3,2064,89.2,210.0,8,1,162
1865.3,1989.2,3600,77.5,210.0,8,1,115
1842.6,2027.4,4240,80.1,210.0,8,1,101
1654.5,1825.2,8720,108.3,210.0,8,1,123
1756.4,1785.2,9040,57.3,210.0,8,1,149
1730.3,1799.4,9104,102.3,210.0,8,2,160
1667.2,1789.9,9232,156.7,210.0,8,1,191
1663.1,1839.8,9360,133.4,210.0,8,1,177
1668.5,1848.2,9488,104.4,210.0,8,1,155
1635.0,1833.2,9616,112.4,210.0,8,2,131
1528.9,1720.9,10320,145.7,210.0,8,2,195
1585.6,1715.1,10384,111.2,210.0,8,1,142
1569.8,1682.2,10576,111.4,210.0,8,2,147
1541.2,1834.2,2256,79.6,216.0,8,1,144
1790.9,1995.5,3280,67.7,216.0,8,3,124
1889.5,2065.2,5712,91.6,216.0,8,1,155
1894.7,2059.3,5840,107.5,216.0,8,1,143
1931.6,2110.2,6992,88.9,216.0,8,2,139
1878.1,2065.1,7248,108.4,216.0,8,1,148
1797.8,1845.6,8208,89.8,216.0,8,1,167
1615.2,1794.8,8848,147.0,216.0,8,1,146
1697.4,1762.2,9104,150.2,216.0,8,1,152
1473.7,1860.4,1104,71.9,222.0,8,1,124
1529.8,1656.5,1360,103.2,222.0,8,1,154
1518.4,1639.0,1680,86.0,222.0,8,1,150
1524.8,1662.6,1872,102.7,222.0,8,1,166
1860.4,1967.1,3664,106.2,222.0,8,1,106
1875.2,1976.4,4112,95.2,222.0,8,1,130
1778.5,1952.9,4624,152.5,222.0,8,1,139
1868.3,1970.3,7440,147.4,222.0,8,1,153
1830.6,1907.1,7952,83.2,222.0,8,1,139
1747.7,1793.9,8464,110.3,222.0,8,1,121
1695.7,1783.5,8656,117.2,222.0,8,1,175
1680.9,1818.7,8720,90.6,222.0,8,1,137
1683.4,1832.5,9488,101.6,222.0,8,1,235
1799.4,1354.2,10896,117.5,222.0,8,1,162
1481.3,1857.6,1104,68.5,228.0,8,2,195
1489.1,1802.3,1168,84.2,228.0,8,1,156
1522.3,1629.8,1680,89.7,228.0,8,1,149
1637.8,1853.1,2384,80.1,228.0,8,1,164
1686.4,1869.3,3088,233.3,228.0,8,1,132
1906.0,2044.1,5520,90.0,228.0,8,1,140
1661.2,1741.6,8976,129.4,228.0,8,1,154
1602.1,1821.3,9872,78.0,228.0,8,2,188
1615.4,1696.9,10384,99.4,228.0,8,1,209
1626.1,1542.2,10768,146.4,228.0,8,1,161
1409.3,1844.7,1040,162.7,234.0,8,1,186
1475.3,1837.3,1104,88.0,234.0,8,1,154
1754.4,1924.6,2640,78.3,234.0,8,1,183
1774.8,1917.7,3408,154.1,234.0,8,1,132
1877.5,1953.1,3664,105.1,234.0,8,1,135
1877.8,1928.6,3920,120.3,234.0,8,1,149
1867.0,1926.0,4048,157.6,234.0,8,1,124
1941.1,2057.9,5648,72.0,234.0,8,1,137
1927.4,1999.5,7440,85.8,234.0,8,1,123
1813.3,1819.7,8208,97.3,234.0,8,1,143
1793.8,1770.3,8336,115.6,234.0,8,1,127
1560.5,1779.9,10064,76.9,234.0,8,2,156
1547.3,1627.2,10512,174.7,234.0,8,1,175
1480.6,1828.0,1104,92.9,240.0,8,1,189
1541.1,1628.0,1552,101.5,240.0,8,1,160
1537.2,1618.3,1680,90.3,240.0,8,2,148
1781.7,1892.8,2832,108.0,240.0,8,1,139
1884.4,1914.2,7760,93.2,240.0,8,1,128
1844.7,1909.8,7888,89.4,240.0,8,1,154
1844.2,1879.3,7952,96.4,240.0,8,1,130
1820.2,1811.3,8208,100.6,240.0,8,1,155
1708.1,1812.5,9488,101.6,240.0,8,1,171
1583.1,1762.6,9744,147.7,240.0,8,1,159
1643.0,1741.2,10256,99.8,240.0,8,1,254
1487.2,1819.0,1104,98.0,246.0,8,1,180
1541.1,1736.1,1232,93.4,246.0,8,1,179
1549.3,1622.2,1680,81.3,246.0,8,3,157
1709.3,1875.8,2448,73.4,246.0,8,1,148
1774.1,1889.0,3088,168.3,246.0,8,1,136
1865.9,1926.2,4496,116.1,246.0,8,1,139
1922.4,2057.7,6480,123.6,246.0,8,1,119
1916.2,1914.7,7696,94.1,246.0,8,1,134
1894.0,1911.9,7760,90.9,246.0,8,1,145
1843.4,1838.4,8080,86.1,246.0,8,1,157
1792.4,1784.1,8464,91.6,246.0,8,1,151
1763.4,1779.5,9232,97.2,246.0,8,1,153
1701.7,1772.0,9488,140.6,246.0,8,1,198
1681.0,1819.5,9552,90.7,246.0,8,1,116
1577.9,1713.1,9744,194.2,246.0,8,1,167
1876.3,1143.7,10960,115.8,246.0,8,1,136
1418.4,1999.2,912,116.0,252.0,8,1,154
1457.5,1830.4,1040,153.5,252.0,8,1,164
1716.9,1874.2,2448,72.1,252.0,8,1,122
1770.5,1785.6,2832,211.2,252.0,8,1,112
1905.9,1941.2,4368,89.2,252.0,8,2,122
1948.1,2059.1,6032,75.1,252.0,8,1,124
1947.0,2068.6,6416,92.8,252.0,8,1,118
1934.9,2100.2,6864,76.5,252.0,8,1,130
1926.0,1913.0,7696,92.1,252.0,8,1,138
1728.1,1817.4,8720,65.1,252.0,8,2,132
1647.6,1739.1,10192,95.4,252.0,8,1,168
1637.2,1648.3,10576,94.2,252.0,8,1,245
1849.9,1319.7,10896,118.9,252.0,8,1,142
1724.1,1872.0,2448,72.4,258.0,8,1,165
1837.7,1912.0,3408,133.3,258.0,8,1,117
1939.8,1960.5,4048,95.1,258.0,8,1,109
1916.9,1948.1,4368,79.7,258.0,8,3,125
1876.7,1967.4,4688,96.0,258.0,8,1,116
1944.0,2006.6,5520,106.7,258.0,8,1,168
1882.4,1866.6,7824,128.2,258.0,8,1,146
1864.3,1864.8,8016,73.5,258.0,8,1,154
1859.9,1829.6,8080,89.4,258.0,8,1,144
1586.6,1747.5,10000,105.3,258.0,8,1,154
1599.0,1713.3,10128,120.0,258.0,8,1,146
1673.3,1735.3,10256,94.4,258.0,8,1,220
1903.2,1154.3,10960,97.4,258.0,8,1,156
1733.0,1884.0,2448,59.1,264.0,8,1,166
1837.0,1934.9,3152,84.7,264.0,8,1,139
1917.5,1949.5,4176,101.8,264.0,8,1,130
1954.9,2004.1,5520,107.5,264.0,8,1,152
1944.9,1909.7,7696,91.4,264.0,8,1,135
1877.1,1870.4,7888,117.4,264.0,8,1,152
1881.7,1818.1,8144,88.7,264.0,8,1,151
1794.4,1754.1,8528,92.0,264.0,8,1,154
1725.2,1796.5,8848,85.1,264.0,8,1,131
1740.9,1772.0,8976,66.1,264.0,8,1,129
1801.8,1688.1,9104,163.3,264.0,8,1,144
1757.7,1815.2,9424,105.0,264.0,8,1,230
1636.3,1707.8,9872,172.5,264.0,8,1,149
1614.5,1689.5,10448,112.8,264.0,8,1,253
1715.1,1565.8,10768,85.7,264.0,8,1,205
1606.5,1646.3,1360,79.2,270.0,8,1,148
1589.3,1779.5,2128,77.2,270.0,8,1,164
1933.5,1940.4,4368,85.7,270.0,8,2,148
1927.2,1949.7,4816,89.6,270.0,8,1,129
1981.0,1948.6,7568,98.1,270.0,8,1,137
1892.4,1890.2,7952,72.6,270.0,8,1,152
1891.0,1817.2,8144,89.1,270.0,8,1,135
1804.0,1747.0,8528,98.5,270.0,8,1,147
1782.8,1773.2,8656,88.8,270.0,8,1,150
1653.4,1760.9,9936,109.2,270.0,8,1,145
1664.9,1602.6,10640,144.1,270.0,8,1,169
1855.8,1924.9,3152,94.8,276.0,8,1,104
1841.1,1934.5,3216,91.8,276.0,8,1,102
1963.2,1810.4,3664,229.1,276.0,8,1,110
1943.3,1933.0,4368,93.5,276.0,8,1,136
1924.8,1920.6,4496,112.3,276.0,8,1,129
1993.0,1931.9,7568,115.4,276.0,8,1,128
1888.9,1817.9,8080,99.7,276.0,8,1,152
1873.7,1749.9,8336,114.5,276.0,8,1,144
1602.9,1642.6,1616,55.0,282.0,8,1,152
1567.6,1623.8,1744,81.4,282.0,8,1,145
1779.9,1866.3,2512,98.2,282.0,8,1,130
1887.2,1919.1,3024,102.3,282.0,8,1,148
1981.7,2037.9,5520,74.7,282.0,8,1,153
1998.3,2046.0,5648,71.7,282.0,8,1,138
1994.3,2069.3,6416,89.6,282.0,8,1,149
1696.8,1700.3,10384,71.9,282.0,8,1,248
1755.1,1505.0,10768,149.3,282.0,8,1,234
1791.3,1864.5,2512,102.9,288.0,8,1,136
1840.8,1863.7,2640,130.7,288.0,8,1,153
1905.8,1892.1,3344,150.6,288.0,8,1,117
1938.7,1985.4,4240,86.3,288.0,8,1,139
2003.0,2014.4,7248,120.2,288.0,8,1,141
1994.5,2025.1,7312,88.3,288.0,8,2,120
1984.9,1907.0,7696,98.4,288.0,8,1,136
1910.2,1842.5,8016,99.1,288.0,8,1,138
1919.1,1791.9,8080,131.6,288.0,8,1,132
1902.8,1737.4,8336,132.9,288.0,8,1,134
1754.4,1818.7,8848,65.7,288.0,8,3,134
1645.8,1718.9,10064,129.5,288.0,8,1,179
1650.3,1727.8,10448,77.7,288.0,8,1,194
1596.7,1749.8,1168,126.0,294.0,8,3,158
1583.8,1629.1,1744,81.3,294.0,8,1,137
1658.6,1809.1,2320,88.0,294.0,8,1,141
1857.1,1929.7,2768,64.9,294.0,8,1,147
1966.1,1952.8,4368,80.2,294.0,8,1,121
2017.5,2009.9,5456,101.7,294.0,8,1,130
2010.0,2087.5,6672,98.9,294.0,8,1,130
1990.5,2086.2,6736,96.2,294.0,8,1,106
1879.1,1715.3,9104,148.0,294.0,8,1,176
1894.5,1813.4,9296,115.3,294.0,8,1,157
1929.1,1337.5,10896,104.4,294.0,8,1,159
1628.2,1617.1,1680,91.7,300.0,8,1,164
1654.8,1638.3,1872,107.3,300.0,8,1,154
1970.6,1961.8,3600,76.4,300.0,8,1,157
1974.5,1944.7,4304,109.3,300.0,8,1,138
2027.9,1960.0,7504,114.0,300.0,8,1,138
2018.1,1945.9,7632,98.2,300.0,8,1,149
2005.1,1912.8,7696,101.4,300.0,8,1,140
1783.1,1818.9,8720,69.8,300.0,8,2,173
1772.0,1815.5,8848,75.9,300.0,8,1,127
1715.5,1789.1,9744,117.1,300.0,8,1,219
1739.7,1746.7,10256,93.5,300.0,8,1,206
1897.9,1460.3,10832,82.9,300.0,8,1,168
1631.8,1807.0,2192,85.5,306.0,8,1,135
1672.6,1821.0,2320,84.7,306.0,8,1,162
1909.3,1931.8,3152,107.9,306.0,8,1,120
2016.5,1929.2,4176,150.3,306.0,8,1,130
2026.7,2056.4,5648,73.7,306.0,8,1,142
2014.8,2055.2,5776,83.0,306.0,8,1,131
1914.6,1693.4,8528,188.1,306.0,8,1,162
1902.9,1695.6,8592,190.3,306.0,8,1,126
1783.2,1793.4,8784,87.8,306.0,8,1,134
1865.9,1785.8,9424,165.4,306.0,8,1,169
1646.8,1765.8,2064,90.3,312.0,8,2,165
1791.5,1884.8,2448,78.1,312.0,8,1,119
2014.7,1940.0,3728,105.5,312.0,8,1,172
2045.0,1999.0,5264,113.9,312.0,8,1,142
2038.2,2016.8,5328,98.2,312.0,8,1,148
2049.9,2059.9,6160,84.4,312.0,8,1,128
2024.8,2084.6,6224,68.0,312.0,8,2,140
2049.7,2111.2,6992,69.0,312.0,8,1,154
2055.1,2029.7,7248,133.3,312.0,8,1,145
1797.4,1787.8,8912,66.5,312.0,8,1,132
1792.8,1787.7,8976,67.3,312.0,8,1,169
1898.2,1775.8,9424,193.6,312.0,8,1,198
1696.4,1723.8,10448,104.8,312.0,8,1,199
1936.1,1443.7,10832,119.0,312.0,8,1,146
1963.6,1347.3,10896,115.1,312.0,8,1,152
1689.7,1651.5,1872,119.2,318.0,8,1,161
1994.1,1972.4,3600,83.0,318.0,8,1,150
2030.3,2089.2,6224,68.7,318.0,8,1,170
2041.2,2011.8,7440,85.3,318.0,8,1,140
1960.5,1863.8,8016,109.0,318.0,8,1,211
1806.2,1827.1,8720,78.0,318.0,8,1,180
1832.6,1765.5,8912,107.2,318.0,8,1,242
1790.9,1653.5,10448,221.4,318.0,8,1,156
1729.9,1696.5,10512,107.5,318.0,8,1,244
1917.1,1477.5,10832,81.6,318.0,8,1,165
2073.1,1063.8,11024,91.9,318.0,8,1,160
1704.5,1678.6,1488,98.7,324.0,8,1,156
1663.0,1687.6,1936,76.2,324.0,8,1,136
1901.0,1931.0,2704,102.5,324.0,8,1,137
1902.7,1974.1,3216,88.0,324.0,8,1,135
2029.3,1979.6,4112,103.0,324.0,8,2,147
1969.9,2025.4,4240,71.6,324.0,8,1,110
2028.2,1960.6,4304,133.9,324.0,8,1,143
2056.1,2053.1,5584,95.8,324.0,8,1,137
1826.1,1822.8,8720,96.2,324.0,8,2,140
1822.0,1817.3,8848,108.7,324.0,8,1,159
1914.3,1781.2,9104,118.0,324.0,8,1,206
1933.8,1774.2,9168,142.8,324.0,8,1,250
2114.6,1045.6,11024,135.7,324.0,8,1,126
1565.4,2045.4,912,128.3,330.0,8,1,118
1624.3,1975.3,976,149.0,330.0,8,1,161
1718.2,1656.7,1424,125.8,330.0,8,1,175
1737.2,1654.0,1936,156.9,330.0,8,1,148
1724.9,1830.6,2320,117.8,330.0,8,1,150
1989.2,2022.9,4240,89.1,330.0,8,2,113
2055.7,2079.8,5840,85.4,330.0,8,1,146
2035.8,2099.0,6352,88.6,330.0,8,1,148
1879.8,1798.3,8592,102.5,330.0,8,1,167
1943.6,1787.0,9232,162.5,330.0,8,1,255
1739.7,1830.0,9872,98.7,330.0,8,1,199
1911.2,1917.6,2576,145.5,336.0,8,1,135
1969.9,1952.3,2960,121.6,336.0,8,1,145
2036.2,1977.4,3728,100.9,336.0,8,1,139
2068.7,1955.2,3792,158.0,336.0,8,1,120
1890.9,1806.9,8528,95.1,336.0,8,1,255
1965.9,1760.1,8784,256.5,336.0,8,2,146
1933.1,1846.4,9424,180.0,336.0,8,1,150
1778.9,1823.8,9872,136.4,336.0,8,1,173
1746.5,1828.7,9936,101.9,336.0,8,1,157
1818.2,1710.0,10384,149.3,336.0,8,1,159
1723.9,1758.2,10448,106.8,336.0,8,1,182
1943.6,1493.3,10832,95.4,336.0,8,2,157
2195.9,971.7,11088,106.8,336.0,8,1,250
1776.6,1633.4,1680,204.3,342.0,8,1,187
1903.7,1965.3,2768,76.7,342.0,8,1,147
2017.1,2000.4,3600,89.1,342.0,8,1,151
2007.3,1992.5,3792,87.2,342.0,8,1,124
2039.9,2001.2,3984,102.2,342.0,8,1,148
2064.4,2017.9,4240,160.3,342.0,8,1,156
2092.5,2072.4,5584,119.8,342.0,8,1,152
1995.6,1952.7,7888,111.7,342.0,8,1,140
2042.8,1857.0,8144,159.7,342.0,8,1,230
1745.6,1849.7,9872,96.0,342.0,8,1,217
2020.4,1999.5,3536,93.6,348.0,8,1,143
2023.6,2008.6,3600,93.3,348.0,8,1,172
2040.8,2016.6,3664,103.8,348.0,8,1,162
2064.7,1992.8,3728,123.3,348.0,8,1,158
1986.7,1814.8,9104,171.6,348.0,8,2,142
1734.2,1778.7,10448,110.3,348.0,8,1,167
1959.9,1417.2,10896,74.9,348.0,8,1,132
1731.7,1725.3,1488,107.7,354.0,8,1,178
2009.3,2019.9,3600,77.3,354.0,8,1,152
2023.1,2018.1,3920,75.0,354.0,8,1,122
2042.0,2030.0,4752,124.1,354.0,8,1,143
1920.6,1525.3,10832,64.5,354.0,8,2,151
1726.0,1736.6,1488,101.4,0.0,9,1,176
2012.9,2019.2,3024,147.0,0.0,9,1,171
1731.7,1842.1,10064,126.0,0.0,9,1,139
1673.5,1831.3,1232,94.9,6.0,9,1,159
1722.0,1746.8,1488,97.9,6.0,9,2,147
1954.7,2002.1,2768,124.6,6.0,9,1,148
2045.5,2050.6,4112,100.0,6.0,9,1,121
2114.1,1136.8,11024,109.8,6.0,9,1,171
1719.8,1756.8,1488,97.3,12.0,9,2,132
1874.9,1951.6,2384,187.6,12.0,9,1,155
2056.2,2089.9,4624,168.0,12.0,9,1,138
2052.8,2160.8,6288,103.5,12.0,9,1,128
1774.4,1771.2,10704,130.4,12.0,9,1,147
2549.5,976.0,11152,173.5,12.0,9,1,160
2129.5,2166.9,6160,143.2,18.0,9,1,129
1960.1,1928.8,8144,72.7,18.0,9,1,142
1733.4,1833.1,1296,149.5,24.0,9,1,164
1713.4,1911.9,2128,135.9,24.0,9,1,136
1874.2,2019.5,2576,104.9,24.0,9,1,129
1941.7,2046.3,2704,135.4,24.0,9,1,133
2079.1,2085.8,3536,164.4,24.0,9,1,157
2106.9,2090.9,3728,178.2,24.0,9,1,121
2030.8,2074.0,3856,126.7,24.0,9,1,151
2106.8,2105.8,3984,179.6,24.0,9,1,152
2090.7,2183.6,6032,130.6,24.0,9,1,121
1933.7,1917.7,8912,197.8,24.0,9,2,182
1724.0,1845.8,1296,146.9,30.0,9,1,152
2007.1,2067.2,3792,95.5,30.0,9,1,163
1777.4,1941.2,10064,198.3,30.0,9,1,214
1769.6,1821.4,10384,101.3,30.0,9,2,164
1842.5,2022.6,2512,102.5,36.0,9,1,152
1965.6,2123.2,3216,165.8,36.0,9,2,144
2097.4,2147.9,3600,204.0,36.0,9,1,138
2024.3,2113.1,4496,137.5,36.0,9,1,128
2053.2,2185.6,5776,107.7,36.0,9,1,210
2080.9,2210.1,6032,135.5,36.0,9,1,164
1843.6,1948.7,8720,117.9,36.0,9,1,160
1870.1,1926.5,8976,151.1,36.0,9,1,171
1733.3,1946.0,9744,94.4,36.0,9,1,153
1821.7,1721.9,10768,120.6,36.0,9,1,189
1529.2,2177.1,912,100.9,42.0,9,1,156
1651.4,1939.0,2192,94.0,42.0,9,1,142
2005.4,2169.2,3472,160.3,42.0,9,1,108
2078.7,2187.2,4752,215.5,42.0,9,1,138
2058.2,2134.5,5008,127.4,42.0,9,1,183
2025.1,2205.5,6288,99.0,42.0,9,1,127
1757.5,1963.9,9936,140.1,42.0,9,1,223
1663.0,1801.3,1808,107.1,48.0,9,1,119
1639.2,1940.1,2192,86.2,48.0,9,1,136
1836.5,2041.5,2576,87.0,48.0,9,1,146
1994.9,2122.6,4304,112.1,48.0,9,1,110
2044.4,2167.7,5264,113.1,48.0,9,1,144
2010.3,2205.7,5968,97.7,48.0,9,1,148
2041.0,2111.0,7632,107.7,48.0,9,1,162
2017.7,2070.8,7696,94.5,48.0,9,1,143
1953.1,1975.4,8144,93.0,48.0,9,2,140
1661.0,1804.6,2000,95.8,54.0,9,1,170
2047.8,2217.7,6096,99.9,54.0,9,1,164
2010.3,2077.5,7696,95.0,54.0,9,1,122
1900.2,1948.6,8400,95.5,54.0,9,1,122
1703.3,1954.3,9744,78.9,54.0,9,1,124
1770.5,1934.5,10256,132.0,54.0,9,1,174
1691.6,1891.5,10448,111.1,54.0,9,1,116
1614.2,1983.9,1168,137.4,60.0,9,1,124
1643.4,1811.9,1808,104.1,60.0,9,1,162
1818.0,2045.6,2576,79.4,60.0,9,1,164
1890.8,2128.5,3216,118.6,60.0,9,1,144
2021.4,2152.3,3728,154.6,60.0,9,3,164
1969.2,2097.1,3792,89.7,60.0,9,1,126
1966.5,2120.1,4304,93.2,60.0,9,2,112
1983.6,2112.9,4368,100.3,60.0,9,1,102
2027.1,2193.4,5584,97.1,60.0,9,1,155
1993.0,2216.4,5968,96.1,60.0,9,1,105
2042.4,2291.4,6480,139.5,60.0,9,1,178
1936.5,2039.2,7952,88.2,60.0,9,1,152
1891.3,1953.2,8400,94.5,60.0,9,1,135
1864.0,1937.3,9168,91.4,60.0,9,1,125
1900.0,2009.5,9296,104.8,60.0,9,1,168
1643.7,1796.8,1424,84.6,66.0,9,1,130
1644.4,1815.4,1616,130.2,66.0,9,1,139
1622.6,1786.9,1680,98.9,66.0,9,1,127
1591.3,1794.6,1744,99.9,66.0,9,1,158
1802.2,2058.3,2512,105.0,66.0,9,1,129
1920.2,2139.7,2960,150.9,66.0,9,1,100
1958.5,2126.2,4304,95.1,66.0,9,2,125
2019.1,2196.3,5648,87.9,66.0,9,1,170
1980.6,2213.2,5968,87.6,66.0,9,2,215
2012.9,2210.7,6224,82.7,66.0,9,1,119
1996.0,2239.0,6288,109.2,66.0,9,1,181
2039.3,2242.9,6992,88.1,66.0,9,1,150
1985.8,2238.6,7120,115.3,66.0,9,1,160
1789.4,1931.2,8976,102.3,66.0,9,1,130
1766.4,1965.8,9616,83.5,66.0,9,2,165
1692.2,1964.5,9872,93.3,66.0,9,1,139
1702.0,1979.1,9936,119.3,66.0,9,2,171
1623.8,1821.5,1808,105.0,72.0,9,1,141
1884.6,2136.8,2832,158.1,72.0,9,1,124
1866.2,2132.6,3216,112.3,72.0,9,1,139
1937.2,2145.1,4240,81.7,72.0,9,1,160
2005.5,2184.2,5648,71.6,72.0,9,2,134
1999.7,2217.7,6032,91.7,72.0,9,2,164
2029.6,2242.7,6992,84.4,72.0,9,1,163
1971.9,2234.9,7120,106.9,72.0,9,1,154
2004.7,2151.8,7440,87.1,72.0,9,1,141
1935.7,2074.0,7824,86.2,72.0,9,1,135
1924.2,2074.1,8016,144.4,72.0,9,1,140
1866.9,1941.6,8400,73.9,72.0,9,1,150
1796.2,2072.3,8848,201.0,72.0,9,1,133
1761.3,1978.3,9616,93.4,72.0,9,1,152
1683.8,1970.1,9872,95.4,72.0,9,1,170
1899.0,1663.1,10832,137.7,72.0,9,1,165
1996.2,2190.4,5840,69.5,78.0,9,1,191
1955.2,2259.5,6800,92.4,78.0,9,1,120
1911.4,2052.3,7952,91.5,78.0,9,1,135
1887.8,1979.8,8208,83.2,78.0,9,1,147
1763.9,1953.2,8720,75.5,78.0,9,2,138
1828.4,1987.9,9232,122.3,78.0,9,1,132
1715.9,2007.3,9680,116.1,78.0,9,1,151
1645.4,1891.4,10448,91.7,78.0,9,1,167
1857.6,2185.3,3088,143.4,84.0,9,1,116
1857.9,2133.6,3152,115.1,84.0,9,1,132
1985.3,2214.9,5392,119.5,84.0,9,1,125
1949.3,2232.3,7120,99.6,84.0,9,1,140
1979.9,2144.4,7504,86.2,84.0,9,1,141
1890.9,2035.8,8080,119.4,84.0,9,1,147
1901.8,1971.0,8272,88.8,84.0,9,1,135
1763.8,1940.8,8912,104.1,84.0,9,1,157
1814.0,1973.7,9232,106.0,84.0,9,1,145
1768.6,1992.9,9488,92.9,84.0,9,1,162
1740.8,1968.8,9616,79.8,84.0,9,1,127
1662.8,1959.9,9872,81.0,84.0,9,1,160
1689.5,1947.9,10192,118.7,84.0,9,1,173
1636.5,1899.0,10448,97.9,84.0,9,1,148
1660.4,1867.9,10512,100.0,84.0,9,1,151
1591.3,1839.2,1808,117.5,90.0,9,1,145
1604.7,1820.2,2000,93.1,90.0,9,1,158
1891.9,2143.9,4624,88.9,90.0,9,1,128
1972.8,2213.3,5392,117.2,90.0,9,1,132
1970.9,2290.6,6608,106.5,90.0,9,1,136
1892.5,1963.8,8272,81.1,90.0,9,1,139
1752.9,1944.8,8912,107.5,90.0,9,1,149
1818.3,1927.7,9168,69.5,90.0,9,3,118
1732.4,1992.9,9616,103.4,90.0,9,1,122
1677.0,1938.1,10192,108.3,90.0,9,1,163
1655.0,1872.5,10320,78.8,90.0,9,1,162
1560.1,2001.8,1232,181.4,96.0,9,1,166
1870.1,2026.8,8016,90.6,96.0,9,1,153
1720.6,1969.2,8784,105.3,96.0,9,1,152
1678.2,2022.7,9680,129.7,96.0,9,1,155
1643.4,1983.6,9872,104.8,96.0,9,1,152
1587.8,2012.7,10064,171.5,96.0,9,1,184
1672.2,1862.6,10384,92.4,96.0,9,1,143
1839.9,1690.0,10832,158.8,96.0,9,1,147
1580.9,1853.1,1424,136.6,102.0,9,1,192
1568.2,1827.5,1552,114.0,102.0,9,1,170
1578.3,1838.3,1872,109.4,102.0,9,1,154
1863.4,2169.6,3472,110.1,102.0,9,1,134
1900.3,2129.0,4752,87.9,102.0,9,1,125
1962.9,2183.2,5584,75.4,102.0,9,1,130
1960.3,2144.1,7568,99.6,102.0,9,1,146
1875.6,1962.1,8272,81.2,102.0,9,1,153
1804.1,1924.7,9168,68.0,102.0,9,3,155
1778.7,1982.3,9232,116.6,102.0,9,1,142
1558.1,1948.2,2192,75.8,108.0,9,1,154
1821.7,2150.9,3344,121.5,108.0,9,1,140
1953.3,2172.9,5456,73.8,108.0,9,1,150
1954.6,2183.1,5584,77.5,108.0,9,1,165
1954.1,2206.3,5648,94.8,108.0,9,1,159
1938.7,2195.6,5712,80.5,108.0,9,2,148
1921.3,2287.5,6864,120.4,108.0,9,1,122
1955.7,2124.4,7568,81.8,108.0,9,1,136
1824.1,1932.9,8400,64.7,108.0,9,1,105
1781.7,1914.2,8528,72.2,108.0,9,1,132
1699.1,1964.5,8784,105.2,108.0,9,1,164
1734.1,1895.3,8912,61.0,108.0,9,1,146
1705.4,1972.5,9616,87.3,108.0,9,2,136
1632.3,1966.2,9744,79.6,108.0,9,1,165
1569.1,1971.8,10000,127.6,108.0,9,1,157
1622.4,1894.1,10320,105.6,108.0,9,1,181
2048.7,1167.9,11088,160.6,108.0,9,1,161
1545.3,1925.2,2064,100.9,114.0,9,1,125
1548.7,1949.9,2192,80.8,114.0,9,1,132
1847.5,2154.8,4624,109.2,114.0,9,1,194
1912.3,2140.5,4944,104.4,114.0,9,1,174
1896.5,2228.5,7120,104.3,114.0,9,1,125
1943.0,2131.9,7568,93.3,114.0,9,1,144
1856.5,2061.0,7888,80.8,114.0,9,1,121
1727.0,1895.4,8912,63.7,114.0,9,1,133
1694.6,1974.4,9616,93.0,114.0,9,1,167
1622.4,1968.0,9744,84.8,114.0,9,1,144
1610.7,1856.7,10512,96.6,114.0,9,1,155
2336.8,1036.4,11152,105.6,114.0,9,1,173
1869.2,2122.2,3536,119.2,120.0,9,1,149
1859.3,2158.8,4240,105.4,120.0,9,1,149
1912.1,2157.0,5072,115.4,120.0,9,1,142
1834.7,2062.8,7952,115.5,120.0,9,1,145
1698.2,1966.1,8720,100.1,120.0,9,1,137
1719.5,1895.1,8912,66.7,120.0,9,2,141
1600.0,1855.0,10512,99.9,120.0,9,1,141
1530.7,1984.2,2256,127.5,126.0,9,1,149
1779.4,2138.3,3024,147.3,126.0,9,1,132
1770.2,2123.4,3152,128.9,126.0,9,1,144
1856.4,2128.5,4752,105.8,126.0,9,1,136
1905.0,2195.1,5520,104.0,126.0,9,1,163
1873.0,2228.3,6928,99.9,126.0,9,1,118
1951.0,2234.7,6992,89.3,126.0,9,3,171
1918.9,2149.9,7440,100.1,126.0,9,1,152
1829.7,2069.3,7888,101.5,126.0,9,1,158
1832.2,1980.7,8080,78.6,126.0,9,1,127
1731.5,1932.6,8656,87.3,126.0,9,1,129
1754.2,1885.1,9040,88.1,126.0,9,1,146
1681.5,1959.6,9616,86.7,126.0,9,1,160
1621.9,1925.4,10256,120.8,126.0,9,1,185
1582.8,1832.2,10704,108.9,126.0,9,1,120
1395.9,2174.4,912,87.2,132.0,9,1,161
1544.9,1793.5,2000,89.4,132.0,9,1,194
1776.4,2141.2,3408,133.0,132.0,9,1,120
1865.5,2158.1,4048,140.7,132.0,9,1,149
1904.3,2179.7,5520,92.5,132.0,9,1,137
1888.6,2195.8,5968,84.3,132.0,9,1,154
1921.1,2186.2,6032,75.0,132.0,9,1,133
1937.3,2194.3,6096,77.4,132.0,9,1,155
1901.2,2195.3,6288,75.4,132.0,9,1,166
1914.6,2224.8,6416,91.3,132.0,9,1,154
1883.9,2078.9,7696,105.4,132.0,9,1,138
1824.2,1977.4,8080,81.1,132.0,9,1,133
1822.5,1951.8,8208,71.8,132.0,9,1,142
1483.5,1977.8,10064,182.6,132.0,9,1,166
1589.7,1807.5,10704,85.4,132.0,9,1,117
2297.1,1031.8,11152,123.6,132.0,9,1,158
1504.6,1813.9,1424,141.0,138.0,9,1,184
1511.2,1939.5,2192,94.7,138.0,9,1,162
1827.1,2121.8,4368,143.2,138.0,9,1,143
1834.5,2103.1,4496,105.7,138.0,9,1,140
1802.7,2145.9,4688,126.5,138.0,9,1,138
1837.0,2120.6,4816,121.4,138.0,9,1,133
1811.3,2174.4,4944,193.1,138.0,9,1,128
1922.1,2186.7,6224,77.0,138.0,9,1,140
1910.8,2230.9,6672,79.3,138.0,9,1,107
1879.7,2238.6,6736,96.5,138.0,9,1,125
1905.1,2117.9,7504,88.5,138.0,9,1,127
1824.9,1965.3,8080,72.0,138.0,9,1,153
1605.3,1971.5,9680,116.4,138.0,9,1,153
1569.7,1870.5,10320,114.8,138.0,9,1,172
1435.1,1945.1,1168,136.4,144.0,9,1,161
1812.6,2115.5,3472,91.1,144.0,9,1,112
1759.5,2157.5,4432,193.0,144.0,9,1,125
1896.0,2185.2,6032,93.1,144.0,9,1,120
1893.9,2216.3,6416,101.0,144.0,9,1,158
1888.5,2133.8,7440,110.4,144.0,9,1,185
1819.7,1959.7,8080,72.6,144.0,9,1,162
1729.8,1869.3,9040,94.3,144.0,9,1,157
1533.1,1957.6,9936,148.7,144.0,9,1,166
1562.0,1857.8,10384,148.1,144.0,9,1,172
1362.4,2162.6,912,106.0,150.0,9,1,156
1398.2,2105.9,976,112.2,150.0,9,1,140
1436.1,1786.1,1616,179.4,150.0,9,1,156
1530.4,1770.0,2000,85.8,150.0,9,1,136
1672.8,2061.7,2640,147.4,150.0,9,1,165
1824.0,2120.7,4944,151.0,150.0,9,2,155
1860.9,2181.7,5968,97.1,150.0,9,1,157
1868.4,2187.3,6288,96.1,150.0,9,1,164
1708.2,1954.6,9424,69.9,150.0,9,1,136
1835.8,2181.8,5968,119.5,156.0,9,1,137
1686.7,1956.1,9424,89.7,156.0,9,1,142
1531.7,1919.6,9808,155.9,156.0,9,1,157
1522.8,1928.4,9936,143.1,156.0,9,1,175
1544.1,1731.2,10768,197.1,156.0,9,1,161
1466.3,1737.1,1616,131.6,162.0,9,1,187
1500.2,1764.1,1872,106.1,162.0,9,2,171
1531.2,1751.0,2000,77.2,162.0,9,1,147
1773.3,2058.8,3280,76.1,162.0,9,1,112
1809.2,2057.8,3536,125.8,162.0,9,1,162
1757.1,2073.8,3856,166.1,162.0,9,1,115
1797.6,2069.9,4496,121.4,162.0,9,2,107
1388.8,1937.9,1104,141.4,168.0,9,1,152
1574.9,2080.3,3216,262.4,168.0,9,1,130
1787.6,2080.6,4176,143.7,168.0,9,1,134
1848.0,2065.2,4048,112.3,174.0,9,1,112
1780.4,2073.5,4688,116.9,174.0,9,1,126
1825.6,2050.8,4176,102.6,180.0,9,1,118
1802.4,2043.0,4752,116.2,180.0,9,1,115
1476.4,1768.5,10512,173.6,180.0,9,1,154
1591.4,2000.5,3216,241.4,186.0,9,1,146
1814.5,2025.1,3664,125.4,186.0,9,1,144
1865.7,2017.2,3920,83.2,186.0,9,1,138
1526.6,1876.8,9744,131.0,186.0,9,1,158
1413.8,1836.9,1168,134.6,192.0,9,1,167
1841.7,2008.7,3600,92.7,192.0,9,1,162
1768.1,2034.0,4688,131.4,192.0,9,1,103
1808.3,2085.6,5840,177.2,192.0,9,1,138
1882.9,2114.2,6096,108.6,192.0,9,1,149
1870.3,2122.0,6288,83.0,192.0,9,1,146
1785.7,1884.0,8144,107.6,192.0,9,1,152
1586.0,1844.8,8720,165.9,192.0,9,1,160
1714.8,1396.3,10896,175.7,192.0,9,1,173
1743.6,1211.3,10960,183.8,192.0,9,1,184
1456.2,1726.6,1296,147.8,198.0,9,1,166
1676.8,1957.7,3024,198.9,198.0,9,1,158
1832.4,1995.5,3600,105.1,198.0,9,1,107
1799.0,1984.8,3856,122.0,198.0,9,1,147
1923.1,2115.4,6096,69.4,198.0,9,2,131
1770.9,1866.1,8208,104.7,198.0,9,3,146
1673.0,1811.0,9168,152.8,198.0,9,2,139
1695.5,1833.4,9232,113.0,198.0,9,2,170
1500.1,1790.4,10128,130.2,198.0,9,1,136
1513.7,1747.8,10320,148.6,198.0,9,2,136
1602.9,1745.0,10384,83.1,198.0,9,1,161
1642.5,1916.4,2576,148.6,204.0,9,1,162
1682.1,1960.7,3408,200.6,204.0,9,1,112
1851.9,1992.3,3984,99.4,204.0,9,1,137
1808.2,1870.7,8208,68.2,204.0,9,1,144
1739.9,1815.3,9104,86.5,204.0,9,2,164
1711.5,1810.7,9168,116.8,204.0,9,1,143
1519.3,1808.6,9424,273.0,204.0,9,1,114
1546.4,1799.3,9808,139.8,204.0,9,1,143
1251.2,1992.3,912,234.5,210.0,9,1,132
1689.6,1917.1,2704,148.3,210.0,9,1,148
1757.1,1953.8,2896,101.2,210.0,9,1,134
1850.5,1973.7,3536,90.5,210.0,9,1,143
1822.4,1963.2,3984,139.0,210.0,9,1,104
1887.2,2014.2,5136,111.6,210.0,9,1,158
1860.4,2059.4,5712,119.2,210.0,9,1,141
1752.9,1863.6,8016,146.2,210.0,9,1,155
1726.7,1797.3,9104,106.5,210.0,9,3,144
1631.6,1831.3,9616,116.4,210.0,9,1,163
1489.8,1781.9,10000,137.0,210.0,9,1,165
1562.9,1678.3,10576,119.3,210.0,9,1,151
1536.0,1830.4,2256,86.1,216.0,9,1,153
1785.7,1991.8,3280,74.1,216.0,9,2,129
1844.6,1969.4,3664,117.1,216.0,9,1,137
1879.8,2058.2,5712,103.5,216.0,9,1,115
1889.7,2055.6,5840,113.7,216.0,9,1,107
1926.4,2106.5,6992,95.3,216.0,9,1,126
1649.1,1807.3,8720,122.5,216.0,9,1,124
1647.4,1819.4,9488,137.9,216.0,9,1,130
1553.6,1672.7,1488,95.5,222.0,9,1,189
1526.2,1663.1,1808,87.6,222.0,9,1,153
1855.9,1963.1,3664,112.2,222.0,9,1,126
1886.1,1966.2,3728,78.0,222.0,9,1,140
1854.2,1984.2,4176,99.5,222.0,9,1,116
1889.9,2081.0,6352,93.0,222.0,9,1,100
1696.7,1748.7,9168,163.6,222.0,9,1,102
1510.9,1697.7,10448,155.4,222.0,9,1,157
1475.7,1851.4,1104,76.8,228.0,9,1,127
1483.7,1796.3,1168,92.3,228.0,9,1,149
1631.7,1846.4,2384,89.1,228.0,9,2,151
1865.8,1931.4,3728,117.1,228.0,9,1,128
1935.9,2087.4,6992,101.0,228.0,9,1,131
1881.7,1962.2,7440,143.7,228.0,9,1,150
1854.7,1910.1,7760,114.0,228.0,9,1,142
1594.2,1812.5,9872,89.9,228.0,9,1,145
1874.9,1977.5,4304,76.5,234.0,9,1,126
1936.5,2051.5,5648,79.8,234.0,9,1,148
1884.0,2048.2,5904,101.5,234.0,9,1,134
1901.8,2094.9,6864,96.5,234.0,9,1,134
1888.6,1910.0,7696,112.0,234.0,9,1,144
1813.0,1826.9,8080,111.4,234.0,9,1,144
1728.8,1763.9,8592,105.8,234.0,9,1,148
1555.9,1773.5,10064,84.8,234.0,9,1,166
1537.8,1622.3,1552,108.2,240.0,9,1,129
1533.1,1611.2,1680,98.5,240.0,9,1,126
1551.9,1653.4,1808,78.8,240.0,9,1,138
1764.0,1873.4,2768,133.5,240.0,9,1,149
1875.8,1928.2,3664,127.0,240.0,9,1,130
1923.7,2048.0,6032,95.2,240.0,9,1,131
1947.8,2043.6,6160,91.2,240.0,9,1,138
1910.7,1954.6,7504,120.2,240.0,9,1,125
1680.2,1766.3,9424,177.0,240.0,9,1,141
1705.6,1808.1,9488,106.6,240.0,9,1,152
1574.4,1637.6,10512,151.1,240.0,9,1,149
1537.8,1728.5,1232,101.6,246.0,9,1,170
1545.4,1613.6,1680,90.8,246.0,9,2,175
1556.7,1644.0,1808,85.1,246.0,9,1,136
1547.5,1799.6,2192,83.7,246.0,9,1,174
1767.4,1873.8,3088,184.9,246.0,9,1,109
1911.7,2084.9,6736,97.6,246.0,9,1,140
1919.7,2085.7,6864,95.6,246.0,9,1,121
1912.9,1907.4,7696,102.1,246.0,9,1,124
1829.9,1807.3,8208,99.7,246.0,9,1,142
1814.7,1844.9,9296,80.8,246.0,9,1,168
1603.3,1764.6,9872,125.5,246.0,9,1,130
1692.2,1579.3,10768,78.5,246.0,9,1,178
1793.0,1389.6,10832,156.0,246.0,9,1,117
1548.5,1727.0,1232,99.2,252.0,9,1,165
1565.8,1600.4,1360,131.5,252.0,9,1,130
1597.1,1651.8,1488,89.2,252.0,9,1,170
1774.2,1907.1,2640,85.0,252.0,9,1,153
1903.1,1932.6,4368,98.2,252.0,9,1,141
1956.0,1991.0,5200,87.9,252.0,9,1,135
1957.3,2035.8,5648,84.4,252.0,9,1,135
1923.5,1905.4,7696,100.1,252.0,9,1,117
1850.7,1831.6,8080,89.8,252.0,9,1,162
1814.4,1780.1,8400,96.0,252.0,9,1,116
1798.3,1771.3,8464,101.4,252.0,9,1,153
1633.2,1636.2,10576,107.0,252.0,9,1,173
1848.1,1314.1,10896,124.8,252.0,9,2,137
1565.1,1798.8,2192,79.0,258.0,9,1,162
1738.5,1863.6,2512,101.0,258.0,9,1,127
1915.1,1939.6,4368,88.4,258.0,9,2,120
1874.8,1958.4,4688,105.2,258.0,9,1,140
1950.9,2000.0,5264,85.5,258.0,9,1,154
1949.3,1938.6,7632,94.5,258.0,9,1,139
1823.4,1774.2,8400,99.4,258.0,9,1,141
1830.4,1838.1,9296,82.5,258.0,9,1,145
1736.1,1793.3,9488,109.5,258.0,9,1,254
1573.7,1691.1,10064,154.3,258.0,9,1,121
1597.3,1705.4,10128,128.1,258.0,9,1,143
1614.1,1636.0,1488,101.1,264.0,9,1,149
1573.7,1614.4,1680,82.6,264.0,9,1,113
1573.3,1797.5,2192,79.1,264.0,9,1,156
1835.7,1922.2,3152,97.5,264.0,9,2,152
1819.6,1912.7,3216,113.7,264.0,9,1,148
1895.7,1866.9,4496,166.4,264.0,9,1,130
1974.3,2029.6,5648,86.9,264.0,9,1,156
1959.4,2044.2,6480,127.0,264.0,9,1,155
1959.4,2079.5,6672,98.9,264.0,9,1,150
1944.0,1901.6,7696,99.5,264.0,9,1,121
1875.6,1856.0,7888,131.9,264.0,9,1,136
1817.3,1749.7,8464,118.7,264.0,9,1,165
1642.0,1761.2,9936,109.5,264.0,9,1,159
1593.5,1725.6,10064,117.1,264.0,9,1,138
1613.7,1681.8,10448,120.5,264.0,9,1,200
1635.5,1631.2,10512,138.0,264.0,9,1,151
1582.3,1616.5,1680,80.0,270.0,9,1,162
1581.6,1797.0,2192,79.1,270.0,9,1,149
1933.5,1930.4,4368,95.6,270.0,9,1,149
1963.6,2036.6,5712,82.4,270.0,9,1,135
1966.0,2040.3,5776,82.0,270.0,9,1,152
1878.5,1836.2,8080,80.9,270.0,9,1,200
1806.0,1677.9,9040,135.9,270.0,9,1,148
1778.6,1747.8,9360,158.8,270.0,9,1,143
1653.4,1755.4,9936,114.7,270.0,9,2,142
1624.0,1717.6,10128,113.0,270.0,9,1,148
1655.0,1688.0,10320,105.7,270.0,9,1,246
1617.6,1620.0,1360,106.1,276.0,9,1,162
1591.0,1614.6,1680,82.3,276.0,9,1,157
1857.2,1911.2,3152,108.6,276.0,9,1,119
1979.7,1979.5,5264,104.7,276.0,9,1,134
1961.3,2080.3,6736,94.3,276.0,9,1,135
1977.5,2010.5,7312,99.1,276.0,9,1,154
1965.8,1892.9,7696,108.3,276.0,9,1,129
1921.2,1876.7,7824,116.0,276.0,9,1,133
1857.0,1829.1,9296,90.1,276.0,9,1,143
1729.6,1790.4,9552,112.6,276.0,9,1,255
1663.6,1773.9,9936,96.8,276.0,9,1,174
1549.9,1801.0,1104,109.9,282.0,9,1,160
1635.2,1590.2,1360,138.3,282.0,9,1,142
1604.5,1635.0,1616,62.8,282.0,9,2,129
1605.7,1741.8,2064,93.1,282.0,9,1,159
1999.9,2038.5,5648,79.3,282.0,9,2,126
1952.0,2071.8,7120,62.8,282.0,9,1,161
1747.9,1816.0,8848,66.7,282.0,9,1,134
1625.5,1770.6,10000,81.6,282.0,9,1,164
1677.6,1687.3,10320,108.8,282.0,9,1,234
1642.0,1727.8,10448,75.5,282.0,9,1,179
1624.7,1681.1,1232,147.5,288.0,9,1,165
1637.2,1620.1,1872,116.8,288.0,9,1,157
1909.9,1844.7,2960,165.2,288.0,9,1,142
1993.1,1872.6,3664,174.2,288.0,9,1,124
1990.7,2046.5,5776,79.7,288.0,9,1,144
1996.5,2018.9,7312,94.9,288.0,9,1,145
1999.5,1937.0,7632,98.9,288.0,9,1,160
1756.9,1811.0,8848,73.8,288.0,9,2,140
1776.9,1748.2,8976,94.1,288.0,9,1,173
1853.1,1751.0,9168,112.7,288.0,9,1,167
1781.5,1706.5,9552,206.0,288.0,9,1,160
1661.8,1802.1,2320,95.8,294.0,9,1,146
1861.9,1789.2,2576,205.4,294.0,9,1,122
1954.2,1972.6,4240,103.9,294.0,9,1,158
1999.1,2048.1,5776,81.2,294.0,9,1,127
1995.2,2004.7,6928,156.2,294.0,9,1,125
1965.7,2073.1,7120,65.8,294.0,9,1,140
1767.9,1805.1,8848,83.3,294.0,9,3,147
1848.1,1719.4,9040,103.4,294.0,9,1,136
1803.3,1730.2,9616,174.3,294.0,9,1,180
1669.6,1808.6,2320,93.5,300.0,9,1,128
1977.4,1939.7,4304,115.1,300.0,9,2,144
2012.0,2042.7,5776,91.9,300.0,9,1,174
2018.7,2058.5,5840,73.9,300.0,9,1,160
2009.0,2085.6,6864,100.9,300.0,9,1,145
1973.6,2073.2,7120,69.3,300.0,9,1,125
1961.1,1784.8,8144,140.4,300.0,9,1,123
1787.1,1812.1,8720,77.7,300.0,9,2,149
1776.3,1808.1,8848,84.4,300.0,9,1,131
1799.0,1749.0,8976,102.4,300.0,9,1,255
1879.2,1687.1,9040,146.3,300.0,9,1,159
1849.9,1742.9,9488,181.9,300.0,9,1,158
2069.0,1014.2,11024,128.3,300.0,9,1,126
1630.3,1772.5,2064,74.7,306.0,9,1,171
2032.5,2048.5,5648,83.5,306.0,9,1,147
2019.2,2049.1,5776,90.5,306.0,9,1,149
1917.5,1689.3,8528,193.1,306.0,9,1,111
1792.1,1819.0,8720,74.6,306.0,9,1,128
1911.5,1729.8,9168,158.6,306.0,9,1,204
1730.3,1649.8,10576,108.9,306.0,9,1,218
1657.1,1754.4,2064,105.6,312.0,9,1,136
2029.7,2051.7,5776,95.1,312.0,9,1,157
2029.7,2079.1,6224,75.5,312.0,9,1,255
2009.7,2087.1,6352,75.6,312.0,9,1,158
2033.5,2114.5,6608,93.6,312.0,9,1,144
2006.5,2058.1,7120,101.0,312.0,9,1,162
1873.9,1757.5,8592,123.9,312.0,9,1,198
1803.9,1780.6,8912,76.2,312.0,9,1,149
1979.4,1772.4,9296,197.0,312.0,9,1,113
1830.6,1777.2,9552,168.5,312.0,9,1,180
1714.7,1703.5,10448,132.1,312.0,9,1,188
1972.1,1337.9,10896,127.7,312.0,9,1,153
1639.3,1623.6,1744,119.2,318.0,9,1,142
1652.9,1799.4,2128,85.6,318.0,9,1,153
1939.8,1955.2,3088,130.8,318.0,9,1,136
1998.7,1968.4,4304,106.1,318.0,9,1,127
2040.9,2026.1,7376,95.1,318.0,9,1,122
1970.9,1854.5,8016,122.9,318.0,9,1,176
2066.7,1945.6,3664,157.5,324.0,9,1,160
2079.5,1966.4,4048,148.2,324.0,9,1,118
2038.1,1973.2,4112,113.8,324.0,9,2,151
2070.4,2018.6,5328,121.0,324.0,9,1,151
1835.2,1816.2,8720,107.5,324.0,9,1,155
1958.2,1755.5,9232,191.9,324.0,9,1,168
1859.7,1799.3,9552,175.3,324.0,9,1,255
1784.0,1785.1,9872,160.4,324.0,9,1,165
1570.7,2042.3,912,134.5,330.0,9,2,150
1636.8,1845.2,1104,126.7,330.0,9,1,144
1710.6,1666.0,2000,122.3,330.0,9,1,118
1952.4,1957.7,3152,122.9,330.0,9,1,147
1998.6,2017.5,4240,100.0,330.0,9,1,124
2023.0,1979.8,4304,119.1,330.0,9,1,133
2042.1,2095.3,6352,95.9,330.0,9,1,156
1751.0,1823.5,9872,111.6,330.0,9,1,188
1831.7,1747.6,10256,160.2,330.0,9,1,157
2082.1,1991.7,4240,186.3,336.0,9,1,136
2058.4,1977.7,4304,151.6,336.0,9,1,132
1972.1,1757.4,8784,263.3,336.0,9,1,174
1788.5,1819.6,9872,146.8,336.0,9,1,126
1761.1,1822.2,9936,117.9,336.0,9,1,170
1953.3,1489.0,10832,106.0,336.0,9,1,123
2001.0,1950.9,7888,117.4,342.0,9,2,142
2057.7,1837.6,8208,196.8,342.0,9,1,205
2010.4,1865.8,9296,171.2,342.0,9,1,147
1752.8,1847.3,9872,103.5,342.0,9,1,255
2031.7,1997.0,3536,105.2,348.0,9,1,115
1949.2,1826.6,8656,170.1,348.0,9,1,147
1991.5,1813.8,9104,176.5,348.0,9,1,160
1925.8,1517.3,10832,70.9,348.0,9,1,147
1967.8,1415.6,10896,83.0,348.0,9,2,100
2016.5,2019.1,3600,84.6,354.0,9,1,130
2029.1,2017.5,3920,81.0,354.0,9,1,107
2054.8,2028.6,4752,137.0,354.0,9,1,144
1823.9,1861.5,9872,170.6,354.0,9,1,209
1929.6,1524.4,10832,73.6,354.0,9,1,110
2042.6,1237.0,10960,119.8,354.0,9,1,164
1731.8,1736.6,1488,107.1,0.0,10,1,154
1909.8,1988.0,2640,109.3,0.0,10,1,162
2093.6,2061.3,4688,197.0,0.0,10,1,140
1958.1,1532.1,10832,101.6,0.0,10,1,172
1729.1,1747.6,1488,105.1,6.0,10,2,178
1784.8,1717.8,1680,203.6,6.0,10,1,128
1688.7,1858.9,10000,80.7,6.0,10,1,251
2122.1,1137.7,11024,117.9,6.0,10,1,159
1726.5,1758.3,1488,104.2,12.0,10,2,172
2067.8,2092.4,4624,179.8,12.0,10,1,136
1807.9,1884.6,9808,136.7,12.0,10,1,172
1817.7,1905.1,9936,167.9,12.0,10,1,161
1783.5,1773.1,10704,139.7,12.0,10,1,183
1710.2,1752.3,1424,106.0,18.0,10,1,121
2036.7,2106.8,4688,147.2,18.0,10,1,144
1718.3,1914.1,2128,141.2,24.0,10,1,140
1793.6,1967.1,2448,59.6,24.0,10,1,176
1894.6,2029.9,2640,103.1,24.0,10,1,124
2035.0,2075.8,3856,131.2,24.0,10,1,139
2098.6,2169.4,6160,115.2,24.0,10,1,124
1936.6,1930.4,8656,168.3,24.0,10,1,138
1944.5,1922.6,8912,209.7,24.0,10,1,146
1713.5,1897.2,10000,115.0,24.0,10,1,200
1783.8,1871.7,10448,172.3,24.0,10,1,146
1759.0,1794.0,10704,122.8,24.0,10,1,143
1696.0,1769.6,1424,100.0,30.0,10,1,145
2101.3,2151.2,4432,214.4,30.0,10,1,138
1772.1,1938.7,9936,137.0,30.0,10,1,190
1776.4,1825.3,10384,109.2,30.0,10,2,172
1623.9,2062.8,1040,147.1,36.0,10,1,139
1695.1,1781.9,1424,106.0,36.0,10,1,179
1969.2,2125.8,3216,170.3,36.0,10,2,130
2085.1,2213.1,6032,140.6,36.0,10,2,148
2029.5,2066.5,7760,121.8,36.0,10,1,142
1948.9,1947.6,8400,129.6,36.0,10,1,153
1788.3,1968.2,9936,166.7,36.0,10,1,150
1825.5,1724.7,10768,125.4,36.0,10,1,162
2494.4,1023.2,11152,141.7,36.0,10,1,162
1690.4,1793.7,1680,145.3,42.0,10,1,126
1939.7,2080.0,2832,139.9,42.0,10,1,138
2082.6,2163.2,3600,202.2,42.0,10,1,137
2086.7,2194.3,4752,226.2,42.0,10,1,100
1942.4,1960.0,8400,132.4,42.0,10,1,139
1911.7,1966.2,9232,146.3,42.0,10,1,150
1525.7,2189.0,912,106.8,48.0,10,1,167
1839.9,2045.2,2576,92.0,48.0,10,2,142
1965.2,2151.7,3152,178.3,48.0,10,1,133
1972.3,2134.4,4240,90.1,48.0,10,1,136
2034.4,2198.2,5776,102.1,48.0,10,1,164
2020.3,2216.8,5968,112.6,48.0,10,1,210
2022.4,2076.1,7696,101.5,48.0,10,1,134
1958.1,1981.0,8144,100.4,48.0,10,2,121
1780.3,1944.5,10192,154.3,48.0,10,1,153
1669.1,1801.8,1424,101.7,54.0,10,1,150
1773.2,1941.0,1488,252.7,54.0,10,1,156
1657.0,1812.0,1808,111.7,54.0,10,1,149
1646.9,1916.3,2064,103.0,54.0,10,1,163
1742.2,2053.9,2320,203.1,54.0,10,1,116
1972.9,2222.1,3088,221.7,54.0,10,1,152
2014.5,2169.6,4176,146.9,54.0,10,1,145
2009.2,2120.0,4944,92.6,54.0,10,1,140
2051.6,2222.9,6096,106.4,54.0,10,1,141
1865.4,1930.0,8528,104.4,54.0,10,1,126
1912.1,2007.6,9296,109.8,54.0,10,1,140
1774.3,1939.7,10256,138.5,54.0,10,1,161
1719.3,1882.3,10320,109.4,54.0,10,1,146
1755.8,1872.4,10384,125.7,54.0,10,1,156
1798.2,1930.1,10640,226.7,54.0,10,1,160
1979.3,1326.5,10960,95.1,54.0,10,1,168
1649.4,1943.0,1232,140.5,60.0,10,1,184
1647.9,1819.6,1808,113.0,60.0,10,1,163
1822.7,2053.7,2576,88.8,60.0,10,2,110
2025.1,2158.7,3728,162.0,60.0,10,2,159
2019.9,2158.0,4048,120.7,60.0,10,1,145
1970.7,2127.4,4304,101.7,60.0,10,3,160
1998.0,2120.0,4944,86.4,60.0,10,1,129
2014.7,2206.6,5776,97.4,60.0,10,1,129
2025.8,2215.7,6224,93.0,60.0,10,1,162
2039.6,2148.3,7568,117.3,60.0,10,1,143
1935.6,1957.3,8272,86.2,60.0,10,1,154
1912.8,1952.2,8336,102.0,60.0,10,1,145
1675.7,1963.3,10064,140.0,60.0,10,1,186
2000.3,1629.6,10896,227.2,60.0,10,1,159
1641.3,1821.5,1872,98.8,66.0,10,1,129
1860.2,2086.1,2704,103.8,66.0,10,1,113
1989.2,2154.5,3536,148.5,66.0,10,1,157
1962.4,2134.8,4304,104.5,66.0,10,2,126
1994.0,2133.2,4944,96.3,66.0,10,1,117
2023.7,2206.6,5648,99.1,66.0,10,1,255
2003.7,2207.0,5776,92.6,66.0,10,1,160
1984.8,2222.7,5968,98.0,66.0,10,1,128
2015.0,2228.6,6032,107.4,66.0,10,1,143
2025.1,2217.7,6096,88.5,66.0,10,1,150
2015.7,2217.1,6224,89.7,66.0,10,1,152
2013.7,2154.9,7504,105.3,66.0,10,1,160
1841.1,1928.8,8528,91.1,66.0,10,1,172
1851.0,1914.7,9040,110.4,66.0,10,1,150
1888.8,2011.3,9296,101.3,66.0,10,1,145
1770.2,1974.3,9616,92.9,66.0,10,2,165
1695.2,1971.2,9872,100.5,66.0,10,1,156
1704.8,1985.6,9936,126.3,66.0,10,1,181
1667.8,1981.6,10064,152.7,66.0,10,1,197
1939.9,2153.3,4240,90.2,72.0,10,2,147
2008.0,2191.9,5648,79.7,72.0,10,1,118
2001.8,2224.4,6032,98.7,72.0,10,1,126
1985.9,2280.2,6736,111.6,72.0,10,1,116
1973.6,2240.1,7120,112.4,72.0,10,1,128
1999.2,2231.6,7248,108.1,72.0,10,1,124
2002.3,2155.4,7504,101.7,72.0,10,1,160
1859.4,1959.3,8464,96.3,72.0,10,1,129
1712.2,1938.1,10192,113.8,72.0,10,1,127
1681.9,1876.6,10320,87.1,72.0,10,1,155
1614.4,1830.0,1808,110.8,78.0,10,1,162
1998.2,2199.9,5840,79.1,78.0,10,2,163
2006.7,2219.7,6096,84.8,78.0,10,1,153
1907.7,1985.0,8144,80.4,78.0,10,1,140
1765.7,1961.6,8720,84.1,78.0,10,1,171
1779.8,1998.7,9488,100.5,78.0,10,1,156
1604.1,1832.2,1552,116.9,84.0,10,1,154
1594.6,1813.5,1680,117.7,84.0,10,1,142
1603.2,1834.2,1808,113.1,84.0,10,1,151
1614.4,1819.8,2000,93.2,84.0,10,1,153
1591.1,1966.9,2192,91.3,84.0,10,1,136
1747.4,2020.9,2448,78.5,84.0,10,1,155
1871.0,2147.3,3344,112.6,84.0,10,1,151
1945.0,2172.8,3536,154.7,84.0,10,1,140
1970.5,2251.9,6352,109.3,84.0,10,1,131
1980.6,2151.7,7504,93.5,84.0,10,2,147
1904.2,2075.2,7952,113.0,84.0,10,1,131
1878.1,1970.7,8208,72.6,84.0,10,1,139
1902.5,1978.0,8272,95.9,84.0,10,1,124
1852.2,1948.5,8400,77.6,84.0,10,1,138
1756.1,1953.9,8720,74.9,84.0,10,1,167
1829.6,1952.8,9104,102.9,84.0,10,1,146
1827.5,1946.4,9168,88.7,84.0,10,1,126
1730.2,2019.7,9552,117.9,84.0,10,1,145
1692.0,2026.0,9808,170.7,84.0,10,1,155
1664.1,1972.1,9872,93.2,84.0,10,2,162
1676.1,1853.6,10640,107.5,84.0,10,1,164
1601.1,1837.3,1872,106.0,90.0,10,1,148
1604.7,1828.4,2000,101.3,90.0,10,1,166
1586.4,1937.8,2064,104.8,90.0,10,1,152
1739.2,2022.0,2448,79.2,90.0,10,1,137
1886.3,2173.7,3472,111.8,90.0,10,1,126
1915.6,2203.3,4432,159.3,90.0,10,1,152
1983.2,2207.9,5200,133.2,90.0,10,1,154
1938.9,2234.4,7120,101.2,90.0,10,1,111
1977.8,2148.5,7440,79.6,90.0,10,1,164
1731.6,1962.8,8784,98.3,90.0,10,1,131
1818.3,1935.3,9168,77.1,90.0,10,2,117
1847.6,2018.6,9296,99.9,90.0,10,1,168
1681.9,1879.1,10384,108.4,90.0,10,1,189
1611.9,1858.0,1488,122.1,96.0,10,1,135
1571.2,1802.8,1680,106.9,96.0,10,1,151
1575.6,1935.4,2064,103.0,96.0,10,1,158
1901.6,2141.2,4496,109.5,96.0,10,1,112
1941.6,2234.0,6288,95.2,96.0,10,1,168
1994.1,2251.5,6992,89.5,96.0,10,1,147
1925.9,2223.2,7184,88.2,96.0,10,1,166
1899.1,2087.4,7824,95.8,96.0,10,1,128
1835.3,1954.5,8400,83.5,96.0,10,1,255
1741.8,1943.2,8912,106.5,96.0,10,1,156
1498.9,2083.9,1168,223.9,102.0,10,1,201
1577.1,1844.1,1872,115.4,102.0,10,1,178
1839.3,2093.7,2960,93.9,102.0,10,1,163
1946.9,2201.6,5520,92.7,102.0,10,1,133
1964.7,2204.1,5648,90.0,102.0,10,1,147
1923.8,2223.8,5904,95.6,102.0,10,1,142
1976.4,2202.2,6160,81.4,102.0,10,1,150
1947.3,2216.1,7248,89.2,102.0,10,1,134
1781.6,1929.0,9040,117.7,102.0,10,1,130
1802.6,1931.8,9168,75.2,102.0,10,2,142
1558.0,2088.0,10000,242.8,102.0,10,1,132
1570.4,1827.7,1936,100.1,108.0,10,1,172
1555.7,1955.7,2192,83.7,108.0,10,2,147
1750.6,2062.1,2576,89.7,108.0,10,1,151
1854.1,2161.0,3472,104.2,108.0,10,1,163
1871.2,2180.8,4432,143.8,108.0,10,1,167
1950.8,2180.5,5456,81.8,108.0,10,2,160
1936.0,2203.9,5712,89.2,108.0,10,1,144
1914.6,2219.7,5904,94.0,108.0,10,1,148
1968.0,2200.8,6160,82.2,108.0,10,1,140
1904.3,2266.8,6800,102.7,108.0,10,1,139
1865.3,1966.3,8272,87.9,108.0,10,1,113
1833.5,1950.7,8336,91.4,108.0,10,1,123
1821.8,1940.0,8400,72.1,108.0,10,1,145
1778.7,1923.3,8528,81.8,108.0,10,2,155
1701.5,1984.5,9616,99.9,108.0,10,1,143
1618.0,1866.8,10512,103.3,108.0,10,1,153
1949.0,1297.3,11024,180.8,108.0,10,1,180
1508.5,1980.0,1232,173.7,114.0,10,1,163
1545.7,1956.6,2192,88.1,114.0,10,1,112
1775.6,2151.3,3216,137.4,114.0,10,1,144
1943.1,2176.8,5456,81.1,114.0,10,1,146
1908.3,2215.5,5968,90.1,114.0,10,1,124
1959.2,2199.3,6160,84.0,114.0,10,1,151
1940.1,2138.5,7568,100.5,114.0,10,1,152
1851.7,2071.8,7888,92.6,114.0,10,1,131
1838.3,2007.2,8080,98.7,114.0,10,1,116
1723.0,1904.4,8912,73.5,114.0,10,1,160
1617.3,1979.6,9744,97.5,114.0,10,1,158
1608.2,1862.3,10512,102.7,114.0,10,1,152
1936.7,1278.4,11024,167.6,114.0,10,1,126
2327.4,1057.6,11152,128.8,114.0,10,1,130
1555.7,1811.9,2000,97.9,120.0,10,1,186
1830.3,2158.8,3472,111.9,120.0,10,1,155
1909.0,2162.4,5072,121.6,120.0,10,1,120
1934.3,2175.2,5456,83.6,120.0,10,1,212
1939.5,2195.7,5840,84.5,120.0,10,1,132
1894.7,2215.2,5904,98.0,120.0,10,1,151
1935.2,2193.0,6032,72.2,120.0,10,1,148
1883.4,2231.0,6928,96.5,120.0,10,1,121
1810.7,1929.2,8400,66.7,120.0,10,1,107
1791.5,1933.8,8464,76.2,120.0,10,1,137
1737.5,1940.4,8656,90.6,120.0,10,1,141
1715.1,1902.7,8912,75.6,120.0,10,1,162
1572.7,2020.7,9872,163.2,120.0,10,1,149
1929.0,2195.1,5840,89.8,126.0,10,1,156
1947.1,2240.1,6992,96.0,126.0,10,2,141
1726.7,1939.2,8656,95.5,126.0,10,2,149
1695.8,1915.8,8912,97.1,126.0,10,1,169
1751.6,1888.8,9040,92.7,126.0,10,1,160
1613.6,1936.9,10256,135.0,126.0,10,1,159
1598.9,1884.9,10384,141.1,126.0,10,1,177
1391.2,2179.6,912,94.2,132.0,10,1,163
1677.1,2011.9,2448,92.9,132.0,10,1,137
1860.7,2163.3,4048,147.8,132.0,10,1,126
1804.3,2188.3,4176,185.1,132.0,10,1,138
1810.8,2146.0,4496,152.9,132.0,10,1,146
1899.2,2185.3,5520,100.1,132.0,10,1,143
1917.0,2194.4,5840,96.7,132.0,10,1,123
1916.9,2191.0,6032,81.4,132.0,10,1,153
1929.9,2202.6,6096,88.5,132.0,10,2,173
1895.2,2201.9,6288,84.2,132.0,10,1,163
1910.7,2229.1,6416,97.1,132.0,10,1,158
1882.0,2282.8,6608,132.8,132.0,10,1,129
1691.4,1905.5,8912,91.9,132.0,10,1,186
1584.2,1829.1,10576,122.7,132.0,10,1,150
1802.9,1525.8,10896,125.2,132.0,10,1,179
1833.7,2119.4,4752,114.2,138.0,10,1,112
1832.3,2124.8,4816,127.7,138.0,10,1,137
1915.5,2192.7,6160,104.8,138.0,10,1,117
1836.9,2225.1,7120,137.3,138.0,10,1,151
1892.8,2126.1,7568,118.7,138.0,10,1,149
1819.9,1969.8,8080,78.8,138.0,10,2,140
1832.1,1959.4,8144,79.2,138.0,10,1,158
1648.1,1939.6,8784,112.3,138.0,10,1,144
1597.9,1943.7,9744,79.4,138.0,10,1,154
1556.8,1882.2,10320,132.2,138.0,10,1,154
1499.4,1935.8,2192,101.6,144.0,10,1,146
1477.9,1973.9,2256,158.0,144.0,10,1,113
1807.7,2119.0,3472,97.1,144.0,10,1,151
1839.6,2094.3,4368,116.1,144.0,10,1,139
1825.4,2196.7,5328,181.8,144.0,10,1,146
1812.1,1965.3,8080,82.0,144.0,10,1,147
1827.3,1952.6,8144,78.7,144.0,10,1,148
1794.2,1953.9,8208,94.3,144.0,10,1,117
1669.2,1936.7,8720,97.6,144.0,10,1,135
1502.2,1927.7,10000,131.4,144.0,10,1,171
1475.6,1805.0,1936,145.2,150.0,10,1,182
1521.0,1775.4,2000,96.6,150.0,10,1,101
1405.2,1963.0,2128,212.6,150.0,10,1,162
1509.8,2075.3,2448,264.8,150.0,10,1,139
1807.5,2124.0,4880,163.2,150.0,10,1,148
1816.4,2125.1,4944,159.8,150.0,10,2,153
1853.2,2186.2,5968,106.0,150.0,10,2,143
1780.3,1950.5,8208,104.2,150.0,10,1,128
1703.3,1957.4,9424,75.5,150.0,10,1,162
1524.4,1954.3,9872,150.0,150.0,10,1,145
1562.7,1847.0,10320,106.6,150.0,10,1,172
1782.3,2079.4,3408,91.0,156.0,10,1,151
1838.6,2059.1,3536,98.8,156.0,10,1,148
1655.1,1923.9,9616,84.7,156.0,10,1,121
1461.3,1738.7,1616,136.8,162.0,10,1,176
1492.4,1766.6,1872,114.3,162.0,10,1,201
1798.1,2177.6,5904,153.1,162.0,10,1,138
1403.8,1895.0,1168,144.8,168.0,10,1,184
1410.4,1771.8,1872,195.0,168.0,10,1,164
1770.1,2052.7,3536,162.3,168.0,10,1,169
1828.1,2205.8,6544,148.7,168.0,10,1,246
1450.5,1754.9,1488,175.1,174.0,10,1,164
1763.4,2036.3,3536,166.4,174.0,10,1,140
1743.3,2057.9,4304,177.5,174.0,10,1,137
1838.0,2040.1,4112,108.0,180.0,10,1,160
1759.7,2003.8,4816,171.2,192.0,10,1,134
1528.5,1807.9,8656,260.0,192.0,10,1,163
1409.1,1767.3,10256,290.1,192.0,10,1,163
1450.8,1676.0,1808,147.7,198.0,10,1,140
1816.2,2014.4,4176,117.8,198.0,10,1,145
1918.0,2113.7,6096,74.7,198.0,10,1,138
1734.8,1870.4,8080,151.1,198.0,10,1,146
1765.9,1864.5,8208,110.0,198.0,10,2,133
1669.1,1809.7,9168,156.8,198.0,10,3,140
1688.9,1831.2,9232,119.9,198.0,10,1,173
1507.2,1745.7,10320,155.4,198.0,10,1,118
1257.0,2021.8,912,215.9,204.0,10,2,138
1530.8,1684.6,1424,85.9,204.0,10,1,134
1676.6,1958.3,3408,206.7,204.0,10,1,115
1846.4,1989.9,3984,105.4,204.0,10,2,128
1724.8,1959.0,4432,208.9,204.0,10,1,177
1834.2,1997.9,7504,149.6,204.0,10,1,122
1762.2,1865.3,8080,127.2,204.0,10,1,123
1736.2,1813.7,9104,90.5,204.0,10,1,141
1498.8,1550.7,10768,246.7,204.0,10,1,142
1458.4,1638.9,1552,154.2,210.0,10,1,136
1685.7,1914.9,2704,152.8,210.0,10,2,115
1852.1,1981.6,3600,92.7,210.0,10,1,135
1823.9,2016.6,4240,101.7,210.0,10,1,125
1889.3,2020.5,5200,108.4,210.0,10,1,122
1894.7,2086.3,6032,88.5,210.0,10,1,147
1723.0,1795.2,9104,110.7,210.0,10,2,132
1578.0,1566.7,10768,168.7,210.0,10,1,156
1486.2,1753.8,1232,114.9,216.0,10,1,159
1506.0,1652.5,1360,124.2,216.0,10,1,146
1708.1,1899.9,2768,151.6,216.0,10,1,126
1780.6,1988.0,3280,80.5,216.0,10,1,146
1859.7,2075.7,7120,97.9,216.0,10,1,169
1601.4,1784.9,8848,163.9,216.0,10,1,152
1599.2,1725.6,8912,190.0,216.0,10,1,135
1709.0,1778.8,9168,135.1,216.0,10,1,174
1644.6,1753.3,9232,195.7,216.0,10,1,124
1463.0,1850.8,1104,86.3,222.0,10,1,177
1880.2,1960.9,3728,85.9,222.0,10,1,164
1836.0,1999.1,4240,102.2,222.0,10,1,100
1850.2,1951.0,4368,112.1,222.0,10,1,110
1860.1,2055.0,5904,112.5,222.0,10,1,116
1884.6,2076.2,6352,100.2,222.0,10,2,148
1818.2,1840.9,8144,97.8,222.0,10,1,132
1386.7,1929.2,976,162.3,228.0,10,1,134
1491.3,1637.4,1744,88.8,228.0,10,1,151
1625.7,1839.7,2384,98.1,228.0,10,1,137
1908.1,1985.9,5136,113.3,228.0,10,1,110
1918.0,2042.1,5584,90.5,228.0,10,1,154
1910.0,2058.3,6224,103.5,228.0,10,1,145
1929.2,2080.0,6992,111.0,228.0,10,1,164
1465.6,1823.9,1104,104.6,234.0,10,1,160
1526.7,1626.2,1552,111.0,234.0,10,1,124
1543.4,1655.7,1808,81.6,234.0,10,1,143
1903.0,2035.7,5712,103.1,234.0,10,1,100
1925.3,2044.9,5840,96.0,234.0,10,1,135
1928.7,2065.6,6224,86.0,234.0,10,1,145
1897.1,2077.9,6672,123.6,234.0,10,1,146
1805.5,1809.0,8208,110.6,234.0,10,1,154
1818.2,1780.3,8272,126.5,234.0,10,1,160
1473.3,1815.4,1104,107.5,240.0,10,1,114
1550.8,1645.0,1936,100.9,240.0,10,1,153
1546.5,1782.6,2128,85.6,240.0,10,1,152
1760.8,1867.8,2768,140.0,240.0,10,2,161
1842.1,1858.4,3984,201.3,240.0,10,1,123
1938.8,2048.2,5840,85.8,240.0,10,1,138
1899.2,2024.5,6416,152.9,240.0,10,1,116
1911.2,2076.5,6672,117.0,240.0,10,1,156
1794.3,1785.1,8400,99.6,240.0,10,1,115
1738.9,1759.3,8592,104.2,240.0,10,1,152
1705.6,1755.4,8912,94.5,240.0,10,1,156
1724.5,1672.7,9040,163.0,240.0,10,1,166
1795.4,1828.4,9296,104.3,240.0,10,1,170
1731.7,1825.2,9360,93.9,240.0,10,1,146
1570.3,1630.4,10512,159.4,240.0,10,1,167
1546.0,1658.2,1296,124.9,246.0,10,1,129
1541.6,1604.9,1680,100.2,246.0,10,1,143
1773.2,1843.7,2896,175.9,246.0,10,1,171
1898.0,1915.0,4048,151.6,246.0,10,1,118
1946.1,2032.3,5648,91.7,246.0,10,1,141
1929.9,2041.2,5776,88.8,246.0,10,1,131
1924.1,2075.3,6672,112.2,246.0,10,1,143
1886.7,1895.3,7760,109.0,246.0,10,1,139
1842.4,1853.3,8016,91.3,246.0,10,1,153
1827.9,1802.8,8208,104.7,246.0,10,1,125
1842.2,1769.6,8272,123.7,246.0,10,1,158
1764.6,1756.9,8528,97.0,246.0,10,1,130
1706.9,1786.4,8720,101.7,246.0,10,1,122
1811.2,1837.1,9296,89.4,246.0,10,1,171
1708.4,1784.2,9424,148.2,246.0,10,1,151
1599.3,1755.7,9872,135.3,246.0,10,1,179
1689.7,1573.8,10768,84.5,246.0,10,1,253
1545.7,1718.5,1232,108.1,252.0,10,1,164
1564.2,1595.5,1360,136.7,252.0,10,1,133
1554.0,1609.3,1680,91.7,252.0,10,1,156
1561.6,1630.3,1808,96.1,252.0,10,1,153
1556.4,1798.8,2192,81.3,252.0,10,1,124
1769.8,1893.6,2640,99.2,252.0,10,1,160
1790.2,1881.5,3088,169.5,252.0,10,1,142
1952.1,1979.2,5200,100.4,252.0,10,1,148
1939.4,1989.7,5456,118.9,252.0,10,1,170
1934.5,2069.4,6672,114.1,252.0,10,1,126
1929.1,2082.3,6864,95.3,252.0,10,1,119
1930.3,1995.5,7312,119.4,252.0,10,1,132
1812.1,1773.0,8400,103.4,252.0,10,1,134
1754.5,1737.2,8592,118.1,252.0,10,1,186
1724.5,1749.7,8912,92.1,252.0,10,1,141
1653.0,1704.8,10256,129.2,252.0,10,1,211
1846.3,1308.5,10896,130.7,252.0,10,1,116
1737.5,1858.8,2512,105.9,258.0,10,1,111
1826.8,1929.5,3152,91.6,258.0,10,1,144
1901.6,1805.4,3920,225.4,258.0,10,1,174
1937.1,1947.6,4048,108.3,258.0,10,1,131
1892.4,1975.5,4240,94.1,258.0,10,1,115
1913.3,1931.1,4368,97.1,258.0,10,1,140
1949.2,1991.7,5264,94.0,258.0,10,2,117
1970.6,2049.7,6096,89.0,258.0,10,1,131
1950.8,2089.6,6608,96.6,258.0,10,1,154
1945.8,2065.3,6672,115.1,258.0,10,1,118
1902.4,2009.7,6928,140.8,258.0,10,1,105
1942.3,1992.1,7312,119.7,258.0,10,1,121
1952.6,2006.7,7376,84.9,258.0,10,1,142
1822.0,1767.5,8400,106.2,258.0,10,2,107
1657.4,1777.5,9808,80.5,258.0,10,1,146
1626.5,1743.3,9936,129.7,258.0,10,1,145
1571.9,1682.8,10064,162.8,258.0,10,1,167
1579.2,1760.3,2128,96.9,264.0,10,1,143
1731.0,1864.9,2448,78.4,264.0,10,1,152
1834.4,1909.4,3152,110.3,264.0,10,2,145
1984.5,2038.4,6160,84.6,264.0,10,1,128
1949.0,2082.5,6864,91.0,264.0,10,1,148
1958.6,1932.3,7632,99.2,264.0,10,1,131
1895.4,1861.8,7824,131.0,264.0,10,1,145
1881.1,1774.2,8272,109.0,264.0,10,1,127
1771.7,1755.9,8656,106.6,264.0,10,1,159
1739.0,1754.0,8976,84.2,264.0,10,1,160
1911.9,1139.6,10960,110.5,264.0,10,1,148
1591.3,1605.1,1808,116.6,270.0,10,1,180
1589.3,1752.7,2128,104.0,270.0,10,1,156
1866.0,1871.8,3024,147.4,270.0,10,1,151
1932.4,1837.0,3600,191.0,270.0,10,1,155
1963.6,2028.3,5712,90.7,270.0,10,1,142
1966.0,2033.2,5776,89.1,270.0,10,2,150
2003.5,2059.9,6992,102.6,270.0,10,1,127
1967.2,2001.4,7312,107.7,270.0,10,1,140
1892.4,1854.2,7952,108.6,270.0,10,1,147
1891.0,1800.5,8144,105.9,270.0,10,1,151
1892.5,1764.1,8272,118.5,270.0,10,1,147
1847.6,1822.5,9296,96.3,270.0,10,1,169
1653.4,1749.9,9936,120.2,270.0,10,1,147
1624.0,1708.3,10128,122.3,270.0,10,1,152
1692.9,1711.5,10256,116.1,270.0,10,1,255
1618.7,1630.5,1424,89.5,276.0,10,1,104
1560.6,1609.4,1744,94.5,276.0,10,1,168
1991.2,1989.5,5584,120.5,276.0,10,1,116
1980.6,2074.7,6672,103.7,276.0,10,1,146
1962.0,2073.1,6736,101.5,276.0,10,2,134
1967.9,2084.3,6864,89.1,276.0,10,1,150
2014.0,2062.4,6992,100.7,276.0,10,1,141
1966.3,1887.4,7696,113.8,276.0,10,1,152
1903.1,1861.5,7952,101.9,276.0,10,1,137
1904.7,1766.8,8272,116.5,276.0,10,1,143
1789.6,1802.5,9360,104.6,276.0,10,1,206
1693.0,1677.9,10192,152.8,276.0,10,1,186
1697.8,1619.1,10384,152.5,276.0,10,1,249
1899.5,1310.5,10896,123.0,276.0,10,1,170
1606.1,1627.4,1616,70.5,282.0,10,3,154
1608.6,1766.0,2128,92.7,282.0,10,1,202
1941.0,1924.5,4432,122.2,282.0,10,1,110
2001.5,2031.0,5648,86.9,282.0,10,1,141
1980.5,2039.8,5712,81.0,282.0,10,1,152
2024.0,2066.2,6992,98.4,282.0,10,1,128
1953.4,2065.0,7120,69.7,282.0,10,2,135
1993.9,1996.6,7248,135.1,282.0,10,1,126
1832.2,1712.9,8528,135.6,282.0,10,1,196
1817.0,1727.2,8592,125.1,282.0,10,1,163
1664.9,1638.2,10128,196.7,282.0,10,1,169
1679.4,1679.0,10320,117.3,282.0,10,1,204
1652.0,1799.6,2320,94.6,288.0,10,1,153
1966.5,1924.4,4368,106.9,288.0,10,1,156
2014.2,1968.6,5392,134.0,288.0,10,1,132
2021.8,1976.4,5584,139.8,288.0,10,1,129
2009.2,2036.8,5648,83.3,288.0,10,1,131
1989.0,2040.8,5712,82.2,288.0,10,1,153
1993.0,2039.2,5776,87.4,288.0,10,1,142
2004.4,2052.7,5840,73.4,288.0,10,1,150
2005.3,2078.2,6608,111.3,288.0,10,1,169
2006.3,2065.4,6672,118.3,288.0,10,1,126
2033.8,2069.2,6992,98.0,288.0,10,1,131
2005.3,1984.4,7440,88.9,288.0,10,1,134
2010.4,1937.2,7504,127.8,288.0,10,1,103
1941.3,1827.4,7888,168.1,288.0,10,1,162
1759.3,1803.4,8848,81.8,288.0,10,1,155
1786.1,1720.0,8976,123.8,288.0,10,1,180
1854.7,1746.1,9168,117.9,288.0,10,1,193
1600.6,1741.0,1168,135.6,294.0,10,1,150
1659.2,1564.9,1552,165.4,294.0,10,1,140
1625.8,1744.4,2064,96.9,294.0,10,1,141
1965.9,1913.7,4496,129.9,294.0,10,1,140
2019.3,2035.5,5648,88.2,294.0,10,1,140
2002.2,2041.0,5776,89.0,294.0,10,1,127
1969.2,2065.2,7120,74.4,294.0,10,2,144
1771.4,1797.4,8848,91.8,294.0,10,2,134
1704.1,1683.5,10320,120.6,294.0,10,1,196
1946.7,1297.9,10896,147.7,294.0,10,1,152
1662.2,1628.0,1424,105.7,300.0,10,1,160
1633.4,1780.3,2128,88.2,300.0,10,1,154
1674.3,1800.5,2320,102.9,300.0,10,1,158
1915.6,1898.4,3152,139.4,300.0,10,1,126
1972.9,1942.6,3536,88.1,300.0,10,1,167
1980.3,1934.7,4304,120.8,300.0,10,1,119
2033.5,2029.2,5648,100.3,300.0,10,1,144
2022.7,2051.5,5840,82.0,300.0,10,2,157
2048.5,1929.7,7568,135.1,300.0,10,1,137
1938.9,1779.9,8208,136.9,300.0,10,1,140
1791.0,1805.2,8720,85.6,300.0,10,1,140
1733.2,1624.3,10512,166.5,300.0,10,1,175
1962.3,1301.7,10896,151.4,300.0,10,1,154
1983.8,1145.0,10960,120.6,300.0,10,1,167
1611.7,1829.3,1040,181.7,306.0,10,1,130
1637.5,1762.6,2064,86.9,306.0,10,1,236
1686.1,1802.4,2320,107.8,306.0,10,1,145
1914.7,1877.7,2832,134.3,306.0,10,1,125
1929.0,1939.2,3344,118.8,306.0,10,1,153
2041.6,1884.1,3728,166.0,306.0,10,1,140
2040.3,2024.5,5584,104.9,306.0,10,1,138
2030.0,2065.3,6224,86.3,306.0,10,1,140
2038.6,1985.2,7440,103.5,306.0,10,1,146
1796.1,1813.5,8720,81.4,306.0,10,2,145
1792.7,1780.4,8784,103.9,306.0,10,1,190
1817.7,1748.1,8912,110.2,306.0,10,1,255
1806.6,1756.8,8976,100.1,306.0,10,1,232
1679.3,1728.7,10448,90.1,306.0,10,1,180
1992.4,1154.7,10960,117.3,306.0,10,1,153
1671.8,1607.1,1616,120.2,312.0,10,1,140
1821.6,1851.3,2448,123.2,312.0,10,1,103
1925.1,1931.1,3152,118.4,312.0,10,1,142
2044.9,2052.3,5840,94.5,312.0,10,1,159
2017.8,2052.3,5968,108.9,312.0,10,1,131
2016.5,2079.5,6352,85.8,312.0,10,2,164
2038.0,2109.6,6608,100.3,312.0,10,1,156
2041.3,1998.5,7440,94.8,312.0,10,1,153
2004.9,1779.7,8144,170.4,312.0,10,1,178
1695.1,1673.1,1488,94.9,318.0,10,1,160
1657.9,1794.9,2128,92.3,318.0,10,2,140
1944.0,1951.4,3088,136.4,318.0,10,1,147
2028.5,2080.7,6352,93.5,318.0,10,1,162
2065.8,2020.3,7312,132.7,318.0,10,1,149
1819.0,1744.6,9744,218.1,318.0,10,1,140
1937.8,1458.8,10832,109.4,318.0,10,1,164
1827.8,1878.4,2448,109.6,324.0,10,1,102
2018.9,1877.9,2896,215.2,324.0,10,1,110
2058.5,1935.2,4368,154.5,324.0,10,1,146
2050.3,2051.8,7184,142.4,324.0,10,1,150
1935.4,1765.9,9104,144.0,324.0,10,1,197
1644.4,1840.8,1104,135.4,330.0,10,1,202
1960.9,1952.7,3152,132.8,330.0,10,1,102
2122.7,2072.0,6416,169.8,330.0,10,1,137
1850.1,1781.2,8912,112.2,330.0,10,1,236
1705.9,1997.5,912,275.4,336.0,10,1,178
2107.5,1887.4,2896,287.6,336.0,10,1,135
2050.6,1971.0,3728,116.6,336.0,10,1,144
2068.8,1973.0,4304,163.0,336.0,10,2,168
2072.1,1882.8,7952,196.7,336.0,10,1,234
1977.5,1790.6,9232,191.0,336.0,10,1,202
1986.5,1856.9,9296,152.0,336.0,10,1,152
1778.0,1762.1,10128,168.6,336.0,10,1,198
1771.2,1638.0,1616,189.0,342.0,10,1,160
2006.5,1949.1,7888,123.1,342.0,10,1,119
1939.5,1817.2,8720,201.1,342.0,10,1,145
2000.9,1791.4,9104,191.3,342.0,10,1,133
2076.8,2004.2,3984,137.1,348.0,10,1,163
2018.7,2025.2,4560,144.9,348.0,10,1,145
2058.0,2019.7,4624,169.8,348.0,10,1,129
2222.1,2056.6,5520,261.6,348.0,10,1,114
1982.2,1890.1,9296,137.6,348.0,10,1,136
1975.7,1413.9,10896,91.0,348.0,10,1,144
2265.3,979.7,11088,170.7,348.0,10,1,172
2095.7,2024.4,4112,150.5,354.0,10,1,161
1919.4,1829.8,10192,242.3,0.0,11,1,158
1736.2,1748.3,1488,112.2,6.0,11,1,135
1785.9,1904.1,9744,129.7,6.0,11,1,234
1733.3,1759.7,1488,111.1,12.0,11,1,192
1983.1,2017.7,2832,150.7,12.0,11,1,112
2122.4,2116.3,5264,157.2,12.0,11,1,163
1974.1,2077.7,3408,114.3,18.0,11,1,158
2105.1,2189.2,6288,161.4,18.0,11,1,158
1685.7,1979.1,1104,173.6,24.0,11,1,170
1702.4,1761.0,1424,101.8,24.0,11,1,197
1765.4,1912.7,2064,196.0,24.0,11,1,162
1886.8,2025.1,2576,118.8,24.0,11,1,115
2045.2,2095.1,4304,137.2,24.0,11,1,115
2106.1,2172.8,6160,123.4,24.0,11,1,119
1725.9,1902.7,10000,128.5,24.0,11,1,220
1723.2,1793.5,1488,113.8,30.0,11,1,183
2133.9,2244.2,6352,201.9,30.0,11,1,140
2195.0,2188.2,7504,258.9,30.0,11,1,154
1780.3,1943.4,9936,146.5,30.0,11,1,190
1783.2,1829.2,10384,117.0,30.0,11,1,132
1941.9,2069.8,2768,137.4,36.0,11,1,156
1972.9,2128.5,3216,174.8,36.0,11,1,132
2047.2,2108.7,3792,151.8,36.0,11,1,174
2089.2,2216.1,6032,145.7,36.0,11,1,163
1753.9,1951.7,9872,123.1,36.0,11,1,180
1795.1,1973.1,9936,175.1,36.0,11,1,141
1540.1,2186.8,912,115.5,42.0,11,1,169
2087.7,2167.8,3600,209.0,42.0,11,1,151
1843.2,2048.9,2576,97.0,48.0,11,3,102
1989.6,2147.0,2960,195.4,48.0,11,1,116
1990.3,2177.5,3472,155.4,48.0,11,1,108
2040.3,2204.8,5776,110.9,48.0,11,1,155
1963.1,1986.5,8144,107.9,48.0,11,1,148
1786.0,1950.8,10192,162.8,48.0,11,1,163
1791.4,1887.2,10640,189.1,48.0,11,1,148
1679.6,1816.2,1424,119.5,54.0,11,1,255
1650.7,1921.5,2064,109.4,54.0,11,1,148
2023.0,2128.5,3920,126.8,54.0,11,1,157
2033.6,2181.9,5456,97.8,54.0,11,1,156
2063.1,2218.5,6160,118.6,54.0,11,1,161
2061.6,2184.3,7440,142.6,54.0,11,1,155
1698.0,1973.6,10000,152.3,54.0,11,1,209
1673.8,1935.7,10064,115.8,54.0,11,1,207
1631.2,1962.1,2192,99.2,60.0,11,1,156
1818.0,2063.6,2512,116.9,60.0,11,1,110
1827.4,2061.8,2576,98.2,60.0,11,1,131
1911.6,2149.4,3280,131.7,60.0,11,1,138
2028.7,2165.0,3728,169.3,60.0,11,1,159
2022.1,2161.7,4048,125.0,60.0,11,1,153
1975.0,2134.8,4304,110.2,60.0,11,2,133
2018.3,2212.8,5776,104.5,60.0,11,2,144
2030.4,2266.8,6352,142.7,60.0,11,1,159
1854.3,1932.7,8528,100.6,60.0,11,1,136
1813.3,2006.0,8784,163.5,60.0,11,1,151
1785.4,2019.4,9552,135.1,60.0,11,1,146
1685.2,1979.7,10064,158.9,60.0,11,2,193
2004.2,1636.3,10896,235.0,60.0,11,1,143
1636.3,1822.7,1808,110.6,66.0,11,1,145
1643.7,1827.0,1872,104.8,66.0,11,1,150
1638.5,1967.1,2128,120.9,66.0,11,1,138
1866.9,2101.1,2704,120.2,66.0,11,1,163
1950.1,2205.4,3472,157.0,66.0,11,1,160
1966.2,2143.4,4304,113.9,66.0,11,1,144
1973.4,2167.8,4496,148.3,66.0,11,1,151
1985.3,2170.0,4816,143.0,66.0,11,1,145
1997.3,2140.5,4944,104.4,66.0,11,1,134
2056.7,2233.5,5136,179.0,66.0,11,1,177
2035.7,2234.0,5264,164.6,66.0,11,1,132
2027.2,2222.4,6096,93.7,66.0,11,2,171
2045.0,2255.6,6992,101.9,66.0,11,1,134
2015.8,2159.7,7504,110.6,66.0,11,1,138
1774.0,1982.8,9616,102.2,66.0,11,1,154
1654.4,1953.6,10000,112.9,66.0,11,1,168
1697.9,1889.9,10320,105.3,66.0,11,1,154
1614.6,1795.9,1680,104.5,72.0,11,1,138
1858.9,2117.1,2704,132.3,72.0,11,1,121
1942.5,2161.4,4240,98.8,72.0,11,3,136
1986.7,2143.3,4944,103.2,72.0,11,1,131
2011.0,2212.6,5840,94.8,72.0,11,1,139
2025.6,2221.9,6160,104.4,72.0,11,1,137
2006.5,2219.1,6224,88.3,72.0,11,1,140
2008.6,2300.2,6608,122.1,72.0,11,1,136
2033.9,2255.9,6992,98.3,72.0,11,1,108
1699.2,2020.6,9744,136.8,72.0,11,1,162
1701.4,2017.6,9936,155.0,72.0,11,1,139
1861.3,2166.0,3216,143.4,78.0,11,1,143
1888.1,2148.9,3408,108.9,78.0,11,1,110
2017.5,2236.0,5200,165.0,78.0,11,1,146
1995.9,2195.9,5456,95.2,78.0,11,1,131
2000.2,2209.3,5840,88.8,78.0,11,1,161
1989.8,2217.4,6032,88.8,78.0,11,1,131
2008.1,2226.4,6096,91.6,78.0,11,2,160
1912.6,2096.7,7888,111.9,78.0,11,1,128
1848.8,1958.0,8464,92.2,78.0,11,1,130
1839.0,1969.0,9040,158.7,78.0,11,1,158
1841.6,1957.5,9104,109.4,78.0,11,1,159
1868.9,2018.9,9296,102.4,78.0,11,1,162
1595.4,1820.7,1680,124.8,84.0,11,1,161
1603.6,1838.6,1808,117.5,84.0,11,1,166
1748.6,2032.8,2448,90.5,84.0,11,2,161
1876.2,2144.9,3408,103.1,84.0,11,1,130
1893.2,2209.4,4560,155.0,84.0,11,1,133
1965.8,2149.4,4944,104.8,84.0,11,1,177
1954.6,2233.8,5904,104.0,84.0,11,1,120
1971.9,2299.8,6864,127.6,84.0,11,1,102
1981.4,2158.9,7504,100.7,84.0,11,1,142
1879.0,1979.3,8208,81.3,84.0,11,1,162
1706.7,2035.4,9680,142.5,84.0,11,1,170
1665.3,1984.2,9872,105.4,84.0,11,2,145
1589.3,1967.1,2128,110.4,90.0,11,1,121
1912.0,2166.5,4240,99.1,90.0,11,1,173
1948.8,2180.1,4880,137.6,90.0,11,1,149
1954.8,2151.0,4944,105.9,90.0,11,1,150
1983.9,2231.1,5136,161.0,90.0,11,1,145
1968.7,2268.5,5264,184.9,90.0,11,1,148
1983.4,2227.3,5648,111.2,90.0,11,1,145
1951.6,2224.0,6288,84.7,90.0,11,1,151
1967.2,2228.1,7312,119.0,90.0,11,1,131
1829.7,1953.5,8464,85.7,90.0,11,1,135
1818.3,1942.9,9168,84.7,90.0,11,1,154
1768.7,2015.6,9424,96.0,90.0,11,1,158
1681.9,1890.6,10384,119.8,90.0,11,1,148
1589.4,1842.9,1872,112.3,96.0,11,1,130
1574.8,1942.7,2064,110.4,96.0,11,1,139
1766.9,2085.8,2576,109.5,96.0,11,1,150
1830.6,2139.7,2896,136.0,96.0,11,1,145
1993.4,2258.2,6992,96.3,96.0,11,1,133
1954.0,2234.7,7312,126.3,96.0,11,1,132
1965.9,2181.9,7440,113.6,96.0,11,1,150
1765.4,2032.3,9360,126.5,96.0,11,1,124
1757.4,2026.9,9424,107.9,96.0,11,1,108
1640.1,2014.3,9872,135.7,96.0,11,1,146
1649.7,1895.8,10576,158.8,96.0,11,1,141
1563.4,1941.2,2064,110.7,102.0,11,1,139
1884.1,2229.3,3536,215.1,102.0,11,1,142
1974.8,2209.9,6160,89.2,102.0,11,2,158
1874.9,1981.7,8144,77.0,102.0,11,1,151
1873.0,1974.6,8272,94.0,102.0,11,1,123
1726.5,1981.5,8720,104.4,102.0,11,1,164
1801.1,1938.8,9168,82.4,102.0,11,1,170
1844.4,1631.5,10896,203.1,102.0,11,1,149
1553.3,1963.2,2192,91.5,108.0,11,1,142
1748.7,2068.1,2576,95.9,108.0,11,1,117
1831.4,2147.2,3408,110.2,108.0,11,1,140
1867.7,2191.6,4432,155.2,108.0,11,2,143
1948.4,2188.2,5456,89.8,108.0,11,2,156
1912.9,2225.0,5904,99.5,108.0,11,1,124
1950.6,2140.2,7568,98.4,108.0,11,1,139
1866.6,1981.2,8144,78.7,108.0,11,1,144
1775.8,1932.5,8528,91.4,108.0,11,1,150
1715.2,1981.2,8720,107.1,108.0,11,1,145
1689.1,2019.6,8848,145.5,108.0,11,1,165
1728.1,1913.5,8912,80.1,108.0,11,1,142
1794.3,1931.9,9168,77.5,108.0,11,1,146
1652.5,2014.7,9680,127.3,108.0,11,1,157
1611.1,2012.3,9872,139.8,108.0,11,1,178
1562.4,1822.1,2000,103.9,114.0,11,1,156
1701.0,2028.7,2448,94.0,114.0,11,1,150
1764.6,2217.8,3088,191.6,114.0,11,1,135
1925.8,2201.6,5520,99.2,114.0,11,1,160
1923.1,2218.7,5776,105.5,114.0,11,1,169
1899.9,2228.6,5904,107.5,114.0,11,1,125
1955.7,2207.2,6160,92.6,114.0,11,1,166
1942.9,2216.7,6224,89.3,114.0,11,1,227
1926.2,2217.8,7248,97.5,114.0,11,1,144
1806.7,1955.3,8400,91.9,114.0,11,1,172
1766.6,1929.6,8528,92.0,114.0,11,1,120
1702.4,1982.2,8720,112.6,114.0,11,1,145
1453.6,2038.7,1232,250.9,120.0,11,1,182
1520.5,1874.4,1360,171.9,120.0,11,1,178
1736.3,2099.0,2640,128.3,120.0,11,1,198
1789.5,2206.8,4560,174.9,120.0,11,1,150
1931.5,2199.5,6032,79.7,120.0,11,2,173
1945.8,2205.1,6160,95.2,120.0,11,1,149
1895.7,2234.7,7056,99.4,120.0,11,1,164
1915.9,2215.2,7248,99.8,120.0,11,1,136
1927.1,2139.9,7568,107.7,120.0,11,1,124
1880.9,2081.7,7760,100.2,120.0,11,1,141
1806.2,1936.9,8400,75.6,120.0,11,2,152
1788.1,1939.8,8464,83.1,120.0,11,2,168
1779.0,2037.5,9296,137.1,120.0,11,1,148
1857.8,1363.3,10960,131.3,120.0,11,1,119
1512.7,2041.2,2320,187.4,126.0,11,1,121
1803.0,2210.2,4816,211.2,126.0,11,1,140
1923.0,2212.5,6224,95.6,126.0,11,1,195
1917.1,2250.4,6672,89.6,126.0,11,1,129
1943.1,2245.5,6992,102.7,126.0,11,1,154
1794.5,1939.6,8400,84.3,126.0,11,1,130
1721.8,1945.9,8656,103.7,126.0,11,1,141
1644.1,2005.0,8848,153.0,126.0,11,1,158
1915.0,1248.9,11024,152.8,126.0,11,1,148
1458.9,1925.5,1296,206.1,132.0,11,1,174
1667.0,2023.0,2448,107.9,132.0,11,1,138
1757.8,2161.9,3408,160.9,132.0,11,1,156
1788.0,2175.3,3536,210.5,132.0,11,1,140
1785.1,2166.8,3856,194.2,132.0,11,1,192
1807.0,2150.2,4496,158.6,132.0,11,1,137
1874.6,2162.8,5072,142.3,132.0,11,1,169
1922.4,2210.8,6096,99.6,132.0,11,2,175
1910.3,2211.7,6224,103.0,132.0,11,1,169
1905.1,2131.7,7504,98.2,132.0,11,1,143
1839.8,1963.1,8144,76.4,132.0,11,1,136
1553.0,1907.0,10320,152.4,132.0,11,1,173
1658.8,2015.3,2448,108.2,138.0,11,1,145
1856.6,2228.6,7056,119.5,138.0,11,1,147
1893.6,2128.3,7504,103.9,138.0,11,1,149
1814.8,1974.4,8080,85.6,138.0,11,1,140
1827.1,1963.8,8144,85.9,138.0,11,1,160
1688.0,1992.3,9424,108.6,138.0,11,1,154
1594.9,1981.0,9680,130.4,138.0,11,1,164
1430.6,1893.1,1296,205.5,144.0,11,1,137
1449.4,1835.7,1424,197.7,144.0,11,1,172
1882.6,2224.5,6416,115.1,144.0,11,1,152
1653.7,1946.6,9616,97.2,144.0,11,1,124
1396.3,1951.0,1168,172.2,150.0,11,1,169
1469.8,1808.4,1936,151.8,150.0,11,1,173
1698.5,2065.4,2768,152.7,150.0,11,1,141
1710.8,2108.8,3024,179.2,150.0,11,1,138
1771.8,2119.4,4368,186.7,150.0,11,1,156
1776.3,2121.7,4624,133.5,150.0,11,1,152
1808.9,2129.4,4944,168.5,150.0,11,1,172
1826.7,2197.8,5904,135.0,150.0,11,1,134
1845.5,2190.6,5968,114.9,150.0,11,1,140
1848.5,2236.5,6864,127.0,150.0,11,1,152
1526.9,1761.7,2000,85.1,156.0,11,1,162
1666.9,2107.8,3024,217.9,156.0,11,1,154
1777.6,2081.5,3408,96.2,156.0,11,1,128
1841.4,2147.0,7376,141.0,156.0,11,1,155
1643.3,1929.1,9616,97.5,156.0,11,1,254
1560.5,1952.1,9680,143.7,156.0,11,1,166
1441.2,1784.5,1936,168.4,162.0,11,1,149
1402.8,1892.6,2064,193.0,162.0,11,1,130
1687.7,2006.3,2576,95.2,162.0,11,1,137
1836.3,2067.3,3984,112.0,162.0,11,1,154
1691.2,2128.1,4688,216.1,162.0,11,1,130
1508.3,1789.1,10704,145.7,162.0,11,1,156
1321.2,2137.9,912,136.0,168.0,11,1,175
1453.7,1772.9,1488,174.7,168.0,11,1,145
1813.1,2018.4,3728,131.0,180.0,11,1,157
1695.2,1882.7,8272,197.4,180.0,11,1,172
1823.0,1996.4,3536,108.2,192.0,11,1,116
1758.0,1874.5,8208,115.0,192.0,11,1,164
1393.9,1940.3,1040,116.7,198.0,11,1,114
1612.5,1954.6,3216,230.3,198.0,11,1,162
1803.8,2061.0,6160,199.3,198.0,11,1,145
1811.5,2080.7,6224,176.4,198.0,11,1,157
1728.1,1868.2,8080,158.1,198.0,11,2,135
1760.9,1862.8,8208,115.2,198.0,11,1,135
1510.2,1792.5,8784,232.7,198.0,11,2,161
1665.3,1808.5,9168,160.8,198.0,11,3,152
1396.7,1850.5,1104,142.7,204.0,11,1,155
1674.5,1942.8,3152,187.6,204.0,11,1,133
1749.6,2001.1,3472,149.6,204.0,11,1,143
1841.0,1987.4,3984,111.4,204.0,11,1,137
1701.9,1903.7,7888,205.2,204.0,11,1,113
1492.3,1547.8,10768,253.7,204.0,11,1,140
1681.9,1912.7,2704,157.2,210.0,11,3,153
1837.3,2073.3,6288,131.9,210.0,11,1,137
1754.6,1802.0,8336,123.8,210.0,11,1,157
1613.0,1801.3,8720,156.1,210.0,11,1,149
1715.8,1761.7,9040,104.2,210.0,11,1,141
1719.4,1793.0,9104,114.9,210.0,11,1,142
1701.5,1895.1,2768,159.7,216.0,11,1,138
1901.9,2015.6,5200,100.5,216.0,11,1,153
1854.3,2044.3,6224,154.5,216.0,11,1,135
1914.7,2098.0,6992,109.7,216.0,11,1,134
1597.3,1781.8,8848,169.1,216.0,11,1,152
1727.3,1831.4,9296,148.7,216.0,11,1,163
1458.8,1847.0,1104,91.9,222.0,11,2,191
1500.5,1622.8,1680,110.2,222.0,11,1,136
1903.5,2002.9,5200,107.2,222.0,11,1,141
1874.7,2039.0,5712,119.7,222.0,11,1,162
1879.2,2071.4,6352,107.4,222.0,11,3,124
1872.4,2001.6,7376,131.6,222.0,11,1,131
1379.0,1920.7,976,173.7,228.0,11,1,126
1516.3,1755.1,2064,104.8,228.0,11,1,134
1543.3,1811.8,2256,93.2,228.0,11,1,144
1723.2,1902.1,2640,115.5,228.0,11,1,139
1826.4,1944.9,4432,133.3,228.0,11,1,115
1902.5,2049.9,6224,114.7,228.0,11,1,143
1874.4,2049.3,6352,126.5,228.0,11,1,168
1895.1,2087.8,6544,117.3,228.0,11,1,148
1868.8,2063.5,7056,114.6,228.0,11,1,139
1880.6,2068.4,7120,87.2,228.0,11,1,157
1731.2,1764.7,8528,108.8,228.0,11,1,134
1513.2,1744.5,10000,142.5,228.0,11,1,148
1486.0,1548.0,10640,267.3,228.0,11,1,155
1393.9,1910.3,976,172.5,234.0,11,1,198
1520.5,1611.4,1680,105.2,234.0,11,1,126
1534.6,1639.8,1872,113.1,234.0,11,1,148
1708.6,1846.6,3280,233.3,234.0,11,1,155
1872.8,1920.2,3728,121.3,234.0,11,1,146
1842.8,1943.7,4432,123.9,234.0,11,1,122
1911.1,1969.8,5136,123.9,234.0,11,1,141
1899.4,2030.7,5712,109.2,234.0,11,1,111
1924.5,2059.8,6224,93.2,234.0,11,1,155
1880.1,2058.7,7056,111.1,234.0,11,1,122
1581.0,1741.1,9680,188.5,234.0,11,1,129
1907.3,991.2,11024,165.8,234.0,11,1,108
1545.9,1617.6,1616,91.1,240.0,11,1,134
1543.3,1638.4,1808,96.2,240.0,11,1,133
1545.0,1634.9,1936,112.6,240.0,11,1,144
1542.3,1775.2,2128,94.0,240.0,11,1,169
1757.5,1862.2,2768,146.4,240.0,11,3,106
1830.5,1965.3,3472,111.6,240.0,11,1,154
1838.6,1852.3,3984,208.3,240.0,11,1,137
1940.2,2030.4,6160,106.4,240.0,11,1,116
1915.9,1995.7,7376,108.6,240.0,11,1,137
1790.2,1778.1,8400,107.7,240.0,11,1,132
1724.9,1761.7,8656,115.8,240.0,11,1,151
1724.2,1812.3,9360,108.8,240.0,11,2,202
1587.6,1601.6,10576,157.4,240.0,11,1,152
1854.7,1130.5,10960,137.4,240.0,11,1,152
1578.1,1632.1,1488,114.3,246.0,11,1,150
1558.9,1637.2,1936,104.2,246.0,11,1,144
1582.8,1799.7,2320,98.4,246.0,11,1,135
1931.4,2003.4,5584,116.0,246.0,11,1,155
1943.6,2026.8,5648,97.8,246.0,11,1,151
1907.3,1894.8,7696,115.8,246.0,11,1,122
1801.5,1775.8,8400,104.6,246.0,11,1,151
1565.6,1754.1,10000,105.5,246.0,11,1,185
1593.6,1586.5,10640,175.3,246.0,11,1,135
1551.9,1602.8,1680,98.5,252.0,11,2,152
1787.6,1873.5,3088,177.9,252.0,11,1,122
1845.9,1937.7,3472,130.6,252.0,11,1,153
1860.5,1806.8,3600,232.6,252.0,11,1,145
1934.0,2027.9,5712,95.9,252.0,11,1,134
1955.2,2040.8,5840,85.9,252.0,11,1,164
1946.1,2033.1,6224,107.3,252.0,11,1,117
1904.0,2039.9,7184,100.6,252.0,11,1,136
1890.1,1869.0,7760,132.3,252.0,11,1,169
1748.0,1754.6,8656,112.8,252.0,11,1,138
1721.4,1740.3,8912,102.0,252.0,11,2,140
1715.5,1738.3,8976,104.5,252.0,11,1,135
1635.0,1700.4,10192,136.1,252.0,11,1,242
1565.4,1599.8,1808,124.6,258.0,11,1,165
1589.1,1802.9,2256,79.8,258.0,11,1,134
1601.5,1789.5,2320,102.3,258.0,11,1,158
1850.9,1895.4,3472,170.2,258.0,11,1,147
1890.6,1967.1,4240,102.6,258.0,11,2,100
1947.4,1983.3,5264,102.6,258.0,11,2,124
1943.0,2022.3,5712,98.9,258.0,11,1,147
1973.5,2029.2,6160,95.5,258.0,11,1,143
1915.0,2070.3,6800,101.1,258.0,11,1,138
1979.9,2051.6,6992,113.3,258.0,11,1,143
1905.5,1875.1,7760,122.5,258.0,11,1,134
1820.6,1760.8,8400,113.0,258.0,11,1,151
1765.7,1730.4,8592,121.8,258.0,11,1,153
1600.8,1681.7,10448,122.6,258.0,11,1,195
1572.5,1602.5,1680,94.6,264.0,11,1,164
1597.8,1806.2,2256,75.3,264.0,11,1,119
1612.2,1788.5,2320,101.6,264.0,11,1,164
1807.4,1890.0,2704,101.8,264.0,11,1,150
1833.0,1896.7,3152,123.1,264.0,11,1,131
1903.6,1929.8,4432,114.8,264.0,11,1,104
1934.1,2039.2,5904,91.6,264.0,11,1,132
1960.0,2080.3,6608,104.3,264.0,11,1,118
1881.7,1861.0,7952,102.4,264.0,11,1,154
1591.3,1592.8,1808,128.9,270.0,11,1,139
1586.4,1730.0,2064,103.0,270.0,11,1,138
1581.6,1781.0,2192,95.2,270.0,11,1,148
1622.8,1787.5,2320,102.1,270.0,11,1,138
1691.4,1783.5,2384,129.1,270.0,11,1,179
1842.6,1758.9,3088,283.9,270.0,11,1,142
1966.0,2026.1,5776,96.2,270.0,11,1,172
1989.1,2047.9,6096,88.9,270.0,11,1,138
1969.7,2065.5,6672,112.3,270.0,11,1,126
1938.9,2062.4,7120,70.8,270.0,11,1,157
1892.5,1754.0,8272,128.6,270.0,11,1,147
1861.8,1730.7,8336,133.1,270.0,11,1,146
1655.0,1668.7,10320,125.0,270.0,11,1,250
1599.8,1757.3,2128,100.0,276.0,11,1,141
1705.6,1777.0,2384,136.4,276.0,11,1,159
1923.7,1956.1,4240,112.0,276.0,11,1,163
1990.0,2043.5,5840,79.4,276.0,11,1,153
2002.7,2034.3,6160,88.8,276.0,11,1,115
1981.3,2068.0,6672,110.5,276.0,11,1,117
1962.8,2065.9,6736,108.7,276.0,11,1,106
1980.5,1991.3,7376,98.9,276.0,11,1,133
1923.0,1860.1,7824,132.7,276.0,11,1,146
1904.8,1844.9,7952,118.6,276.0,11,1,111
1881.7,1791.4,8208,107.7,276.0,11,1,137
1733.0,1758.6,9552,144.6,276.0,11,1,255
1900.5,1301.2,10896,132.3,276.0,11,1,133
1607.7,1619.9,1616,78.3,282.0,11,3,172
1604.9,1590.2,1680,108.7,282.0,11,1,151
1608.7,1728.0,2064,107.2,282.0,11,1,150
1610.7,1756.1,2128,102.8,282.0,11,2,135
1621.8,1804.9,2256,77.8,282.0,11,1,134
1993.7,2065.1,6672,115.3,282.0,11,1,112
2026.5,2054.1,6992,110.8,282.0,11,1,156
1954.8,2058.3,7120,76.6,282.0,11,1,126
1991.6,1924.7,7632,108.7,282.0,11,1,115
1922.5,1741.6,8272,144.2,282.0,11,1,157
1750.6,1803.3,8848,79.6,282.0,11,1,142
1646.4,1707.0,10448,96.7,282.0,11,1,227
1639.9,1613.7,1936,124.8,288.0,11,1,138
1621.5,1757.5,2128,104.3,288.0,11,1,145
1802.2,1830.9,2512,138.2,288.0,11,1,113
1920.1,1790.7,3152,240.2,288.0,11,1,134
1967.0,1885.9,4432,166.2,288.0,11,1,178
2011.4,2030.1,5648,90.4,288.0,11,2,138
2023.5,1915.8,7568,137.6,288.0,11,1,172
1539.8,1917.5,912,210.2,294.0,11,1,201
1686.4,1571.0,1296,220.4,294.0,11,1,154
1976.0,1913.3,4304,137.9,294.0,11,1,117
1976.2,1930.0,4368,105.1,294.0,11,1,136
2022.2,2029.0,5648,95.3,294.0,11,1,150
1972.7,2057.3,7120,83.0,294.0,11,1,140
2017.7,1979.4,7440,98.0,294.0,11,1,146
1774.8,1789.7,8848,100.2,294.0,11,1,139
1916.6,1763.7,9296,169.7,294.0,11,1,225
1741.3,1685.5,10192,158.0,294.0,11,1,242
1977.1,1935.4,3536,96.5,300.0,11,2,118
1988.8,1930.3,4368,110.6,300.0,11,1,138
2026.8,2044.5,5840,90.1,300.0,11,3,113
2013.1,2015.1,5968,136.3,300.0,11,1,130
2016.3,2000.9,6928,169.2,300.0,11,1,146
1784.2,1773.4,8784,105.2,300.0,11,1,147
1820.5,1720.2,8912,135.1,300.0,11,1,211
1695.8,1706.2,10128,143.7,300.0,11,1,176
1675.1,1717.2,10448,97.5,300.0,11,1,180
1736.7,1618.3,10512,173.4,300.0,11,1,105
1969.4,1289.5,10896,165.5,300.0,11,1,167
1677.5,1626.8,2000,124.0,306.0,11,1,172
2023.0,2037.3,5712,101.1,306.0,11,1,161
2019.7,2030.3,5968,127.2,306.0,11,1,131
2008.1,2075.8,6352,83.5,306.0,11,1,109
1964.3,1863.9,7952,122.3,306.0,11,1,255
1800.1,1808.0,8720,88.2,306.0,11,1,136
1842.7,1713.7,8912,152.7,306.0,11,1,255
1814.9,1745.3,8976,114.2,306.0,11,1,221
1760.8,1737.0,9808,147.4,306.0,11,1,149
1996.1,1149.5,10960,123.6,306.0,11,1,168
2083.2,1017.5,11024,133.3,306.0,11,1,154
2011.8,1857.2,3024,217.9,312.0,11,1,123
1967.0,1915.6,3344,161.1,312.0,11,1,127
2040.0,2067.6,6224,90.8,312.0,11,1,126
2023.3,2071.9,6352,96.0,312.0,11,1,154
2069.5,2013.6,7248,154.9,312.0,11,1,142
1818.6,1767.8,8784,130.1,312.0,11,1,217
1820.1,1762.6,8912,100.5,312.0,11,1,194
1931.5,1725.4,9104,168.3,312.0,11,1,188
1778.9,1796.9,9680,130.2,312.0,11,1,255
1662.9,1790.4,2128,99.0,318.0,11,1,168
1993.6,1880.4,2960,181.3,318.0,11,1,131
1839.6,1786.2,8848,142.0,318.0,11,1,180
1828.6,1735.9,9744,231.0,318.0,11,1,182
1930.9,1909.2,2704,139.5,324.0,11,1,128
2029.4,1870.2,2896,228.3,324.0,11,1,124
2043.8,1956.6,3920,117.9,324.0,11,1,156
2056.8,1941.4,4432,174.6,324.0,11,1,160
2013.8,1976.2,4688,144.8,324.0,11,1,134
2020.3,2074.0,7120,100.7,324.0,11,1,135
1965.7,1722.6,8592,215.9,324.0,11,1,233
1852.6,1803.5,8720,129.0,324.0,11,1,231
1876.5,1841.3,9424,133.2,324.0,11,1,143
1754.8,1735.6,10128,161.7,324.0,11,1,255
1714.4,1759.0,2064,147.8,330.0,11,1,177
2004.2,1864.7,8016,144.0,330.0,11,1,224
1853.5,1779.2,8912,116.1,330.0,11,2,230
1769.2,1813.0,9872,132.7,330.0,11,1,172
1977.7,1462.1,10832,140.0,330.0,11,1,183
1713.2,1994.3,912,283.5,336.0,11,1,123
1996.3,1961.1,3024,142.6,336.0,11,1,198
2079.2,1968.4,4304,174.4,336.0,11,1,122
2001.8,1779.7,9232,217.7,336.0,11,1,150
1989.7,1472.8,10832,145.8,336.0,11,1,166
2154.5,1058.7,11024,163.8,336.0,11,1,109
1776.4,1636.3,1616,194.5,342.0,11,1,170
2167.1,1986.1,4048,218.1,342.0,11,1,138
1987.3,1801.7,8720,251.3,342.0,11,2,173
2021.1,1389.1,10896,141.4,342.0,11,1,157
2024.1,2024.0,4560,150.5,348.0,11,1,136
2228.7,2055.2,5520,268.4,348.0,11,1,140
2284.6,975.6,11088,190.4,348.0,11,1,113
2031.1,2017.6,3600,99.3,354.0,11,1,154
2084.6,2025.5,4752,166.9,354.0,11,1,155
2031.9,1899.4,9296,185.4,354.0,11,1,142
1800.4,1905.6,9744,144.2,6.0,12,1,215
1958.9,1542.8,10832,103.0,6.0,12,1,162
1821.3,1745.3,1616,235.0,12.0,12,1,155
1917.2,2006.3,2576,142.0,12.0,12,1,140
2574.8,981.4,11152,199.4,12.0,12,1,210
1725.6,1757.3,1424,122.3,18.0,12,1,179
2090.6,2092.4,4816,171.8,18.0,12,1,141
1856.1,1915.3,9808,191.3,18.0,12,1,175
1709.5,1764.2,1424,109.7,24.0,12,1,166
2045.7,2133.2,3088,222.4,24.0,12,1,169
1984.2,1925.8,8528,197.3,24.0,12,1,134
1877.0,1973.2,9552,174.2,24.0,12,1,151
2196.6,2186.7,3664,297.1,30.0,12,1,137
2066.5,2109.9,3856,174.9,30.0,12,1,148
2028.1,2097.6,4816,116.5,30.0,12,1,148
2226.8,1253.5,11024,256.3,30.0,12,1,174
1706.2,1789.9,1424,119.8,36.0,12,1,166
2005.8,2108.6,2960,181.7,36.0,12,1,125
2128.6,2238.2,6096,172.5,36.0,12,1,148
2130.1,2222.0,6160,169.0,36.0,12,1,186
2236.7,1115.7,11088,171.0,36.0,12,1,152
2561.4,1103.5,11152,244.4,42.0,12,1,125
1846.6,2052.7,2576,102.0,48.0,12,3,119
1882.8,2079.4,2640,123.0,48.0,12,1,159
1981.1,2144.2,4240,103.3,48.0,12,1,166
1917.8,1995.8,9232,171.6,48.0,12,1,155
1665.7,1820.2,1872,110.0,54.0,12,1,178
1643.6,1961.4,2192,105.5,54.0,12,1,161
2034.3,2271.0,7056,151.3,54.0,12,1,108
1994.8,2082.8,7760,108.7,54.0,12,1,164
1709.1,1966.8,1296,224.6,60.0,12,1,108
1778.8,2064.1,2384,174.9,60.0,12,1,147
1979.2,2142.2,4304,118.7,60.0,12,1,133
2010.0,2285.8,4560,266.1,60.0,12,1,133
2060.5,2242.1,5328,175.9,60.0,12,1,132
2040.2,2216.1,5584,123.2,60.0,12,1,202
2021.9,2219.0,5776,111.7,60.0,12,1,164
2036.9,2244.1,6032,131.1,60.0,12,1,153
2044.9,2243.7,7312,155.4,60.0,12,1,132
1834.9,1952.2,8656,104.2,60.0,12,1,151
1694.6,1996.0,10064,177.8,60.0,12,1,182
1779.4,1977.5,10256,173.0,60.0,12,1,149
1638.4,1827.5,1808,115.8,66.0,12,1,160
1793.8,2065.5,2448,134.3,66.0,12,1,151
2029.3,2227.2,6096,98.9,66.0,12,1,161
2041.8,2231.3,6160,119.0,66.0,12,1,113
1859.2,1933.3,9040,130.8,66.0,12,1,132
1714.1,2006.4,9936,149.1,66.0,12,1,142
1920.4,1675.6,10832,157.1,66.0,12,1,120
1890.1,2155.1,3152,143.0,72.0,12,1,139
2007.2,2241.0,6032,116.2,72.0,12,1,118
2008.6,2225.3,6224,94.8,72.0,12,1,132
2011.7,2173.2,7440,109.7,72.0,12,1,139
1875.9,1969.3,8400,103.0,72.0,12,1,137
1869.8,2148.8,3280,116.1,78.0,12,1,140
1953.1,2154.6,3792,138.2,78.0,12,1,142
1997.5,2203.3,5456,102.8,78.0,12,1,136
1991.1,2223.4,6032,95.0,78.0,12,1,118
2009.6,2233.1,6096,98.4,78.0,12,1,121
1976.8,2293.3,6736,121.9,78.0,12,1,134
2026.4,2270.3,6992,110.2,78.0,12,1,150
1959.6,2250.9,7184,118.0,78.0,12,1,136
1992.8,2143.0,7632,114.5,78.0,12,1,136
1917.2,2079.4,7952,119.2,78.0,12,1,134
1605.5,1845.6,1552,130.3,84.0,12,1,149
1749.9,2044.7,2448,102.4,84.0,12,1,174
1860.4,2156.8,3152,138.4,84.0,12,1,143
1955.1,2238.9,5904,109.2,84.0,12,1,141
1972.4,2305.1,6864,132.9,84.0,12,1,144
2014.7,2269.4,6992,107.5,84.0,12,1,149
1957.0,2259.0,7056,111.0,84.0,12,1,135
1839.0,1956.3,8464,89.0,84.0,12,1,136
1693.6,2041.1,9808,185.9,84.0,12,1,138
1666.6,1996.3,9872,117.6,84.0,12,1,173
1695.5,1899.9,10384,129.9,84.0,12,1,153
1591.9,1846.8,1552,130.8,90.0,12,1,169
1605.7,2018.1,2256,137.1,90.0,12,1,108
1835.7,2194.2,2832,207.8,90.0,12,1,152
1951.6,2234.0,6288,94.8,90.0,12,2,153
1951.4,2287.8,6736,113.8,90.0,12,1,129
1977.8,2161.8,7440,92.9,90.0,12,1,154
1891.0,1988.2,8144,81.9,90.0,12,1,160
1626.3,1927.3,10448,125.7,90.0,12,1,149
1591.0,1872.3,1360,147.6,96.0,12,1,169
1610.2,1873.9,1488,138.1,96.0,12,1,178
1536.6,1837.5,1744,134.8,96.0,12,1,126
1829.7,2147.5,2896,143.9,96.0,12,1,147
1942.5,2162.2,4944,117.6,96.0,12,1,155
1956.4,2185.1,5072,128.7,96.0,12,1,143
1959.3,2276.9,6672,99.6,96.0,12,1,159
1939.9,2283.7,6736,110.3,96.0,12,1,132
1926.7,2249.6,7120,117.1,96.0,12,1,164
1882.5,1986.6,8144,80.7,96.0,12,1,136
1861.6,1983.4,8208,85.5,96.0,12,1,149
1819.7,1962.3,8464,95.0,96.0,12,1,145
1735.7,1952.8,8976,115.7,96.0,12,1,141
1807.0,1963.3,9104,113.4,96.0,12,1,129
1638.9,2026.4,9872,147.9,96.0,12,1,155
1643.7,1901.0,10320,107.9,96.0,12,1,171
1943.8,2216.4,5520,107.8,102.0,12,1,139
1973.2,2217.6,6160,97.1,102.0,12,2,156
1984.8,2250.5,6992,90.0,102.0,12,1,136
1914.7,2247.0,7120,116.3,102.0,12,1,166
1911.4,2247.1,7184,114.1,102.0,12,1,144
1873.7,1987.7,8144,83.2,102.0,12,2,151
1724.7,1990.3,8720,113.4,102.0,12,1,160
1643.7,1986.6,10192,160.3,102.0,12,1,146
1827.8,2158.2,3408,121.8,108.0,12,1,129
1864.2,2202.4,4432,166.6,108.0,12,2,130
1913.8,2202.2,5008,160.9,108.0,12,1,142
1945.9,2195.8,5456,97.8,108.0,12,1,132
1932.3,2215.3,5520,109.7,108.0,12,1,140
1913.7,2229.5,5968,101.3,108.0,12,1,163
1963.0,2216.0,6160,98.2,108.0,12,1,156
1918.5,2275.2,6736,106.3,108.0,12,1,117
1971.9,2259.5,6992,102.1,108.0,12,1,132
1948.5,2146.6,7568,105.1,108.0,12,1,156
1864.2,1988.6,8144,86.5,108.0,12,1,135
1829.2,1964.0,8336,105.3,108.0,12,1,154
1815.8,1958.3,8400,91.4,108.0,12,1,255
1792.1,1938.7,9168,84.7,108.0,12,1,158
1624.1,1991.5,9744,106.2,108.0,12,1,158
1766.8,2141.2,2832,169.5,114.0,12,1,140
1840.4,2170.7,4624,126.7,114.0,12,1,132
1966.3,2246.0,6992,91.4,114.0,12,1,137
1926.0,2159.5,7504,110.3,114.0,12,1,135
1794.7,1946.4,8464,86.1,114.0,12,1,138
1548.3,1824.7,2000,112.7,120.0,12,1,160
1510.5,2045.9,2256,190.4,120.0,12,1,166
1860.4,2175.4,3984,164.8,120.0,12,1,171
1804.5,2236.5,4432,222.2,120.0,12,1,148
1879.0,2195.6,5008,169.0,120.0,12,1,120
1927.7,2206.0,6032,87.2,120.0,12,3,140
1892.9,2239.6,7056,105.1,120.0,12,1,142
1801.8,1944.6,8400,84.6,120.0,12,1,137
1784.6,1945.7,8464,90.0,120.0,12,1,145
1772.7,1937.2,9168,91.2,120.0,12,1,120
1709.1,1986.7,9488,99.6,120.0,12,1,136
1583.3,1883.9,10512,133.3,120.0,12,1,174
1709.8,2071.2,2576,116.6,126.0,12,1,162
1832.1,2161.9,4752,147.1,126.0,12,1,147
1798.4,2216.7,4816,219.1,126.0,12,1,151
1897.6,2156.5,5072,122.9,126.0,12,1,255
1916.5,2221.5,6224,106.7,126.0,12,1,129
1876.5,2251.1,6800,101.3,126.0,12,1,118
1815.9,2088.3,7888,125.0,126.0,12,1,152
1638.3,2013.0,8848,162.9,126.0,12,1,158
1428.2,1995.1,1168,175.2,132.0,12,1,107
1778.5,2174.1,3856,204.1,132.0,12,1,136
1885.8,2200.2,5520,120.1,132.0,12,1,224
1915.0,2219.1,6096,110.7,132.0,12,1,208
1922.7,2252.2,6992,120.7,132.0,12,1,142
1835.2,1968.2,8144,83.3,132.0,12,1,144
1809.5,1966.2,8208,91.2,132.0,12,1,140
1737.1,1919.8,8528,100.0,132.0,12,1,134
1687.7,2009.6,9424,121.1,132.0,12,1,154
1549.0,1911.4,10320,158.4,132.0,12,1,165
1906.0,1235.1,11024,147.6,132.0,12,1,172
1806.6,2125.5,3792,158.5,138.0,12,1,112
1702.7,1955.1,9104,156.3,138.0,12,1,158
1890.9,1227.9,11024,153.3,138.0,12,1,104
1796.7,2127.0,3472,110.7,144.0,12,1,159
1516.4,1846.8,10576,185.3,144.0,12,1,126
1391.5,1953.8,1168,177.8,150.0,12,1,144
1752.1,2139.4,3472,154.9,150.0,12,1,146
1521.8,1764.0,2000,90.7,156.0,12,2,166
1838.4,2197.9,6224,154.2,156.0,12,1,156
1544.0,1800.5,10640,132.3,156.0,12,1,159
1680.3,2008.7,2576,103.1,162.0,12,2,124
1774.7,2069.0,3536,162.1,162.0,12,1,162
1442.3,1889.7,10128,191.0,162.0,12,1,166
1501.8,1791.2,10704,152.5,162.0,12,1,149
1322.4,1952.0,1104,209.3,168.0,12,1,128
1756.7,2055.5,3536,176.0,168.0,12,1,155
1766.5,2133.0,7376,208.3,168.0,12,1,130
1472.9,1806.1,10512,181.0,168.0,12,1,182
1758.2,2057.1,4816,170.0,174.0,12,1,149
1784.2,2021.9,3664,156.0,186.0,12,1,146
1776.2,2034.8,4176,152.8,186.0,12,1,143
1584.3,2009.2,4432,333.1,186.0,12,1,134
1291.2,2074.9,912,166.7,192.0,12,1,171
1728.5,1963.6,2832,109.7,192.0,12,1,132
1816.3,1995.0,3536,115.1,192.0,12,2,111
1408.9,1820.5,1168,143.6,198.0,12,1,158
1792.3,2028.6,4240,125.8,198.0,12,1,144
1721.3,1866.0,8080,165.2,198.0,12,2,152
1661.5,1807.2,9168,164.9,198.0,12,2,147
1523.6,1847.2,9744,140.2,198.0,12,1,158
1587.3,1740.0,10384,99.4,198.0,12,1,152
1233.9,2011.5,912,241.2,204.0,12,1,166
1554.1,1748.8,10320,110.5,204.0,12,1,158
1402.2,1836.4,1104,144.2,210.0,12,1,152
1678.0,1910.4,2704,161.6,210.0,12,2,136
1747.9,1937.7,2960,128.1,210.0,12,1,182
1826.7,1976.8,4048,153.5,210.0,12,1,122
1865.7,2001.8,5136,136.5,210.0,12,1,134
1614.8,1821.6,9616,135.8,210.0,12,1,120
2244.2,861.7,11152,156.6,210.0,12,1,166
1475.5,1746.1,1232,128.1,216.0,12,1,151
1722.4,1914.9,3024,177.4,216.0,12,1,103
1848.9,2040.5,6224,161.1,216.0,12,2,134
1547.8,1759.1,9424,273.0,216.0,12,1,153
1454.6,1843.3,1104,97.5,222.0,12,1,148
1460.8,1714.8,1232,159.2,222.0,12,1,158
1541.6,1658.6,1424,91.1,222.0,12,1,141
1462.8,1624.2,1744,118.4,222.0,12,1,132
1873.9,2066.6,6352,114.6,222.0,12,2,149
1868.7,1998.3,7376,136.6,222.0,12,1,117
1718.5,1760.1,9104,135.1,222.0,12,1,124
1541.0,1643.9,10384,189.6,222.0,12,1,172
1768.8,1931.5,3472,175.6,228.0,12,1,148
1907.9,1991.1,5200,112.4,228.0,12,1,138
1897.7,2004.8,5264,106.1,228.0,12,1,141
1875.8,2063.1,7120,94.3,228.0,12,1,155
1723.5,1780.9,9296,185.4,228.0,12,1,220
1592.5,1671.4,10384,133.6,228.0,12,1,186
1557.1,1643.7,1488,114.9,234.0,12,1,136
1518.7,1615.2,1552,124.5,234.0,12,1,134
1535.0,1644.2,1808,95.8,234.0,12,1,157
1552.9,1793.3,2320,119.0,234.0,12,1,124
1709.9,1858.5,3216,206.8,234.0,12,1,149
1807.3,1846.4,3984,230.3,234.0,12,1,138
1880.3,1933.8,5072,152.3,234.0,12,1,142
1746.2,1752.9,8464,141.9,234.0,12,1,144
1694.5,1719.0,9232,184.5,234.0,12,1,142
1483.2,1677.9,10000,213.3,234.0,12,1,115
1564.2,1788.1,2320,117.2,240.0,12,1,162
1879.2,1906.0,3728,129.7,240.0,12,1,130
1857.7,1868.7,3920,181.6,240.0,12,1,114
1936.8,2024.6,6160,113.1,240.0,12,2,180
1905.4,2080.9,6864,106.3,240.0,12,1,126
1896.8,1987.2,7312,140.7,240.0,12,1,155
1912.7,1990.0,7376,115.1,240.0,12,1,136
1821.1,1835.4,8016,117.0,240.0,12,1,141
1775.3,1793.6,9296,144.5,240.0,12,1,166
1716.7,1799.3,9360,123.8,240.0,12,1,143
1519.2,1695.7,10000,178.7,240.0,12,1,156
1873.0,1856.3,3920,185.6,246.0,12,1,133
1868.3,1937.7,4432,116.4,246.0,12,1,147
1925.0,2026.4,6032,113.9,246.0,12,1,140
1892.1,2038.9,7184,105.7,246.0,12,1,140
1909.7,1921.3,7504,150.4,246.0,12,1,130
1833.5,1830.4,7952,144.9,246.0,12,1,148
1835.9,1838.6,8016,107.4,246.0,12,1,106
1540.1,1504.4,10704,262.4,246.0,12,1,153
1682.3,1557.1,10768,102.8,246.0,12,1,185
1420.5,1819.7,976,242.0,252.0,12,1,156
1549.8,1596.3,1680,105.3,252.0,12,1,130
1931.7,2020.9,5712,103.2,252.0,12,1,139
1913.7,2051.0,7056,102.6,252.0,12,1,152
1818.1,1729.6,8336,141.2,252.0,12,1,151
1746.2,1749.2,8656,118.5,252.0,12,1,156
1813.8,1814.9,9296,109.2,252.0,12,1,200
1679.8,1727.6,9616,170.1,252.0,12,1,130
1567.4,1753.6,2128,105.3,258.0,12,1,174
1587.1,1793.5,2256,89.5,258.0,12,1,138
1734.5,1844.5,2512,120.5,258.0,12,1,141
1915.5,1883.8,3728,137.6,258.0,12,1,122
1847.2,1915.2,4560,143.3,258.0,12,1,112
1945.6,1974.9,5264,111.2,258.0,12,1,136
1940.5,2055.9,6352,89.4,258.0,12,1,146
1913.9,2065.2,6800,106.3,258.0,12,1,145
1978.6,2045.4,6992,119.7,258.0,12,1,163
1758.6,1748.2,8656,116.3,258.0,12,1,169
1726.3,1711.9,8912,128.1,258.0,12,1,150
1911.8,1894.6,4176,157.0,264.0,12,1,166
1933.2,2030.9,5904,99.9,264.0,12,2,142
1931.6,2006.1,5968,127.8,264.0,12,1,115
1925.0,2063.9,6800,105.8,264.0,12,1,143
1924.4,2033.3,7184,102.7,264.0,12,1,121
1967.3,1969.2,7440,100.3,264.0,12,1,141
1866.4,1240.1,10896,193.8,264.0,12,1,126
1986.9,954.7,11024,171.6,264.0,12,1,151
1596.8,1543.6,1296,228.7,270.0,12,1,104
1589.3,1725.9,2128,130.7,270.0,12,1,150
1581.6,1773.9,2192,102.2,270.0,12,1,147
1691.4,1777.0,2384,135.6,270.0,12,1,180
1858.8,1818.6,2960,183.1,270.0,12,1,128
1963.6,2014.5,5712,104.6,270.0,12,1,140
1973.6,2062.3,6544,112.6,270.0,12,1,171
1938.9,2055.8,7120,77.4,270.0,12,2,110
1970.2,1986.0,7376,103.7,270.0,12,1,120
1878.5,1805.7,8080,111.4,270.0,12,1,137
1804.0,1718.6,8528,126.9,270.0,12,1,112
1734.1,1781.9,8848,99.3,270.0,12,1,129
1802.9,1730.9,9232,137.3,270.0,12,1,164
1626.3,1627.6,10448,174.0,270.0,12,1,210
1620.3,1614.7,1424,105.4,276.0,12,1,112
1562.1,1594.7,1744,109.3,276.0,12,1,166
1601.1,1744.6,2128,112.7,276.0,12,1,175
1593.9,1758.6,2192,118.1,276.0,12,1,185
1943.6,1903.6,4176,148.0,276.0,12,1,166
1983.9,1981.2,5328,109.2,276.0,12,1,149
1974.4,2016.5,5712,103.1,276.0,12,1,129
1990.8,2036.5,5840,86.5,276.0,12,1,138
1982.4,2074.5,6608,110.2,276.0,12,1,107
1979.5,1992.0,7312,117.7,276.0,12,1,134
1713.7,1685.6,9680,209.2,276.0,12,1,150
1685.8,1548.2,10640,199.6,276.0,12,1,152
1609.3,1612.3,1616,86.1,282.0,12,2,113
1612.8,1746.2,2128,113.0,282.0,12,1,161
1953.6,1902.6,3536,118.9,282.0,12,1,122
1927.1,1809.7,7888,181.4,282.0,12,1,128
1751.8,1797.6,8848,85.5,282.0,12,1,136
1849.3,1712.3,9168,149.2,282.0,12,1,196
1699.0,1583.8,10576,157.5,282.0,12,1,155
1950.2,1123.5,10960,128.8,282.0,12,1,168
1625.3,1746.0,2128,116.3,288.0,12,1,159
1633.8,1794.4,2256,91.1,288.0,12,1,156
1923.8,1841.3,3024,187.0,288.0,12,1,141
2013.6,2023.3,5648,97.5,288.0,12,1,116
2009.2,2037.8,5840,89.1,288.0,12,1,124
2011.1,2059.3,6544,121.5,288.0,12,1,127
2043.0,2041.0,6992,127.7,288.0,12,1,136
2014.4,1924.7,7504,140.9,288.0,12,1,118
1802.4,1684.9,8912,160.2,288.0,12,1,126
1745.8,1497.8,10640,261.7,288.0,12,1,180
1970.1,1926.4,3536,101.3,294.0,12,1,135
2021.9,2060.8,6672,128.2,294.0,12,1,113
2009.8,2000.7,7376,97.4,294.0,12,1,119
2021.4,1971.0,7440,107.2,294.0,12,1,153
1772.0,1506.2,10640,263.2,294.0,12,1,178
1675.0,1605.8,1424,131.4,300.0,12,1,139
1639.7,1612.9,1616,96.5,300.0,12,1,134
1874.2,1810.7,2576,191.8,300.0,12,1,142
1959.8,1805.2,2896,230.0,300.0,12,1,129
1945.0,1847.6,3152,198.1,300.0,12,1,134
1981.3,1928.1,3536,104.9,300.0,12,1,134
2030.8,2037.4,5840,98.2,300.0,12,2,133
2018.3,2049.2,6032,93.9,300.0,12,1,146
2020.1,2066.3,6864,123.1,300.0,12,1,154
2023.0,1998.2,7376,105.7,300.0,12,1,128
1678.1,1711.9,10448,103.6,300.0,12,1,191
1693.1,1604.2,1424,142.6,306.0,12,1,120
1653.5,1777.1,2192,122.4,306.0,12,1,160
2005.4,1921.6,4304,145.6,306.0,12,1,142
2026.5,2032.5,5712,107.0,306.0,12,1,133
2013.4,2068.5,6352,92.5,306.0,12,1,166
1902.2,1697.6,8656,203.1,306.0,12,1,154
2004.9,1934.4,3536,113.7,312.0,12,1,108
2062.4,1979.5,5264,140.1,312.0,12,1,108
2042.3,2031.6,5712,117.7,312.0,12,1,111
2021.9,2073.7,6800,128.4,312.0,12,1,123
1829.9,1751.7,8912,115.1,312.0,12,2,213
1942.6,1713.1,9104,185.0,312.0,12,2,207
2003.2,1303.4,10896,174.1,312.0,12,1,171
1713.5,1630.0,1872,151.3,318.0,12,1,160
2029.0,2069.6,6288,104.1,318.0,12,1,140
2059.4,1937.9,4304,172.5,324.0,12,1,109
2024.8,2070.8,7120,106.1,324.0,12,1,134
2084.7,1991.3,7440,132.2,324.0,12,1,138
1881.0,1838.0,9424,138.8,324.0,12,2,146
1745.4,1645.8,2000,162.6,330.0,12,1,149
1856.9,1777.2,8912,120.1,330.0,12,1,193
1734.7,1777.6,10000,145.7,330.0,12,1,162
2117.3,1944.2,4368,201.2,336.0,12,1,154
1977.7,1775.2,8656,213.3,336.0,12,1,158
1797.6,1623.2,1744,259.6,342.0,12,1,161
1786.5,1767.9,2064,210.4,342.0,12,1,140
2035.0,1786.2,8720,301.6,342.0,12,1,160
2049.0,1961.4,2960,194.5,348.0,12,1,131
1884.6,1842.1,9744,232.7,348.0,12,1,170
1871.7,1788.4,10192,199.0,348.0,12,1,186
1953.1,1511.5,10832,98.8,348.0,12,1,168
1910.3,1771.8,10448,285.5,354.0,12,1,183
2064.6,2063.3,3408,200.3,6.0,13,1,134
1971.5,1544.2,10832,115.7,6.0,13,1,158
1827.4,1746.6,1616,241.2,12.0,13,2,131
1974.1,2024.9,2640,177.5,12.0,13,1,143
1737.3,1950.3,1168,210.0,24.0,13,1,178
2094.7,2067.7,7760,179.2,24.0,13,1,149
2075.2,2044.2,7952,200.1,24.0,13,1,152
1990.3,1928.5,8528,203.9,24.0,13,1,158
1882.2,1975.5,9552,179.9,24.0,13,2,154
2016.2,2127.6,4240,120.3,30.0,13,1,136
2031.7,2099.7,4816,120.7,30.0,13,1,155
1757.4,1856.1,1488,178.6,42.0,13,1,163
2024.4,2133.5,4304,140.7,42.0,13,1,144
2108.2,2251.2,6224,173.5,42.0,13,1,187
1849.9,2056.4,2576,107.0,48.0,13,2,130
1985.4,2149.0,4240,109.8,48.0,13,1,144
2066.5,2301.8,6736,171.9,48.0,13,1,143
2000.2,2110.3,7888,165.7,48.0,13,1,136
1884.3,2039.7,9488,187.4,48.0,13,1,152
1771.8,2009.9,9872,175.6,48.0,13,1,120
1837.8,1988.6,10256,216.6,48.0,13,1,151
1521.7,2202.4,912,114.8,54.0,13,1,140
1898.1,1999.3,9232,162.0,54.0,13,1,150
1815.9,2064.5,9680,211.1,54.0,13,1,167
1793.0,2019.8,9808,202.2,54.0,13,1,188
1758.8,2023.2,9872,177.8,54.0,13,1,140
1676.2,1835.3,1424,133.7,60.0,13,1,255
1968.8,2188.2,4624,153.9,60.0,13,1,135
2083.9,2243.2,5136,200.0,60.0,13,1,125
2063.4,2213.7,5200,160.5,60.0,13,1,152
2032.3,2243.8,7248,132.8,60.0,13,1,255
2048.3,2249.7,7312,162.3,60.0,13,1,136
1735.1,1915.9,10512,170.2,60.0,13,1,179
1762.9,1916.4,10640,196.0,60.0,13,1,158
2093.6,1279.0,11024,177.5,60.0,13,1,122
1828.6,2089.8,2576,123.7,66.0,13,1,134
1931.0,2241.4,3088,217.5,66.0,13,1,154
1996.9,2182.5,3792,178.5,66.0,13,1,111
1983.8,2257.0,4688,214.2,66.0,13,1,125
2044.9,2238.3,6160,126.6,66.0,13,1,113
1998.6,2267.3,7120,146.7,66.0,13,1,125
1636.2,1824.1,2000,102.0,72.0,13,1,174
1633.8,1993.7,2128,144.1,72.0,13,1,149
1910.0,2205.1,2896,211.1,72.0,13,1,139
1987.3,2198.8,3536,189.1,72.0,13,1,141
1947.8,2177.7,4240,115.9,72.0,13,1,137
1980.7,2243.1,5968,115.6,72.0,13,1,142
1995.0,2308.3,6736,141.2,72.0,13,1,147
2013.6,2223.2,7376,140.4,72.0,13,1,154
1957.4,2175.1,3792,159.2,78.0,13,1,145
1963.0,2266.8,4432,227.8,78.0,13,1,128
1978.8,2267.4,6288,131.0,78.0,13,1,158
1772.4,1993.1,8720,116.3,78.0,13,1,154
1651.5,1920.1,10448,121.2,78.0,13,1,172
1702.6,1923.9,10640,181.2,78.0,13,1,150
1507.4,2164.6,976,115.4,84.0,13,1,123
1950.3,2222.9,3536,205.1,84.0,13,1,150
1984.8,2199.8,5072,143.5,84.0,13,1,147
1978.5,2249.3,7248,121.2,84.0,13,1,136
1901.3,2004.6,8144,98.8,84.0,13,1,145
1880.6,1994.9,8208,97.0,84.0,13,1,138
1606.5,1875.8,1360,150.3,90.0,13,1,184
1586.4,1967.8,2064,134.9,90.0,13,1,151
1976.1,2201.5,5456,98.8,90.0,13,1,139
1945.0,2242.5,5968,109.4,90.0,13,1,138
1951.6,2244.0,6288,104.8,90.0,13,2,168
1931.7,2253.8,6928,106.4,90.0,13,1,143
1861.8,1967.5,8336,103.7,90.0,13,1,126
1654.3,2028.8,9872,149.5,90.0,13,1,174
1507.8,2092.5,1104,185.0,96.0,13,1,127
1589.5,1844.8,1936,113.0,96.0,13,1,157
1955.9,2189.9,5072,133.6,96.0,13,1,162
1955.1,2216.4,5520,106.0,96.0,13,1,152
1969.4,2249.5,5648,134.1,96.0,13,1,148
1636.1,1900.7,10512,132.9,96.0,13,1,159
1521.8,1839.3,1744,138.9,102.0,13,1,152
1711.2,2074.4,2448,134.5,102.0,13,1,158
1906.6,2202.9,3984,173.9,102.0,13,1,101
1949.2,2234.8,6032,106.7,102.0,13,1,162
1971.6,2225.3,6160,104.9,102.0,13,1,140
1908.6,2255.8,6928,110.8,102.0,13,1,136
1954.5,2171.5,7568,127.6,102.0,13,1,160
1872.4,1993.7,8144,89.3,102.0,13,1,146
1744.5,2033.5,9424,116.5,102.0,13,1,139
1574.6,2062.8,10128,237.4,102.0,13,1,166
1654.6,2007.7,10256,184.1,102.0,13,1,150
1643.8,2059.0,2384,153.9,108.0,13,1,163
1781.3,2180.2,3216,162.4,108.0,13,1,113
1860.6,2213.2,4432,177.9,108.0,13,1,136
1926.3,2244.2,6352,106.1,108.0,13,1,152
1941.6,2261.8,6416,110.3,108.0,13,1,142
1910.6,2320.6,6864,155.2,108.0,13,1,144
1827.4,1969.6,8336,111.2,108.0,13,2,165
1720.8,1935.9,8912,103.8,108.0,13,1,152
1707.8,1960.9,8976,129.5,108.0,13,1,143
1535.3,2058.7,10064,227.8,108.0,13,1,178
1837.5,2177.2,4624,133.8,114.0,13,1,168
1949.6,2220.9,6160,107.6,114.0,13,1,146
1915.5,2299.0,6480,140.6,114.0,13,1,143
1825.9,2035.0,8080,129.1,114.0,13,1,110
1863.8,1383.6,10960,146.7,114.0,13,1,101
1879.4,2238.3,5264,178.7,120.0,13,1,128
1924.0,2212.5,6032,94.8,120.0,13,2,255
1899.0,2308.5,6608,143.6,120.0,13,1,142
1816.1,2114.1,7888,146.6,120.0,13,1,114
1825.8,2008.2,8080,105.2,120.0,13,1,144
1712.8,2016.4,9424,111.7,120.0,13,1,142
1588.5,1879.1,10640,152.9,120.0,13,1,164
1407.1,2171.2,976,150.1,126.0,13,1,149
1675.1,2031.0,2448,109.0,126.0,13,1,145
1634.8,2134.1,2512,212.2,126.0,13,1,140
1857.0,2125.9,4304,107.0,126.0,13,1,132
1893.7,2161.8,5072,129.5,126.0,13,1,167
1888.0,2235.9,7248,132.5,126.0,13,1,126
1773.2,1945.4,8464,96.0,126.0,13,1,153
1557.0,1867.8,10704,152.9,126.0,13,1,161
1420.8,2003.3,1168,186.3,132.0,13,2,185
1878.5,2225.8,7248,130.6,132.0,13,1,138
1758.1,2071.6,8016,181.5,132.0,13,1,145
1678.3,2006.7,9232,186.3,132.0,13,1,106
1900.9,1240.8,11024,155.3,132.0,13,1,151
1801.6,2129.9,3792,165.2,138.0,13,1,124
1788.5,2132.5,3600,177.8,144.0,13,1,160
1859.6,2154.8,7440,146.0,144.0,13,1,127
1693.1,2119.0,3024,199.7,150.0,13,1,160
1799.1,1959.4,8144,106.0,150.0,13,1,146
1899.5,1186.2,11024,121.6,150.0,13,1,167
1516.8,1766.3,2000,96.2,156.0,13,3,126
1818.6,2126.5,7504,166.6,156.0,13,1,182
1785.5,1310.9,10960,151.0,156.0,13,1,162
1725.3,2045.2,2960,140.4,162.0,13,1,143
1633.8,2049.6,2960,230.1,168.0,13,1,143
1631.5,2104.4,4432,290.5,168.0,13,1,127
1803.1,2069.9,4048,157.3,174.0,13,1,150
1754.0,2057.6,4816,174.2,174.0,13,1,138
1798.1,2050.8,4176,130.1,180.0,13,1,152
1722.4,1962.3,2832,115.9,192.0,13,1,140
1809.6,1993.6,3536,122.0,192.0,13,1,127
1822.3,1999.1,3920,129.0,192.0,13,1,173
1734.2,2007.0,5072,240.9,192.0,13,1,144
1724.1,1870.9,8144,170.6,192.0,13,1,152
1700.5,1823.5,8528,105.8,192.0,13,1,111
1388.7,1863.6,1104,145.5,198.0,13,1,137
1397.3,1816.8,1168,155.7,198.0,13,1,149
1796.6,2058.7,6160,206.9,198.0,13,1,152
1714.6,1863.8,8080,172.2,198.0,13,1,149
1799.6,1876.7,8144,96.1,198.0,13,1,150
1657.6,1806.0,9168,168.9,198.0,13,1,159
1583.7,1886.9,2704,256.5,204.0,13,1,104
1737.8,1995.8,3472,162.5,204.0,13,1,140
1746.2,1858.2,8080,144.7,204.0,13,1,148
1686.3,1799.4,9168,144.5,204.0,13,1,156
1401.8,1758.4,10000,226.2,204.0,13,1,143
1674.2,1908.2,2704,166.1,210.0,13,1,148
1710.6,1788.0,9104,125.1,210.0,13,1,154
1611.5,1819.6,9616,139.7,210.0,13,2,159
1596.1,1830.0,2704,274.3,216.0,13,1,136
1743.7,1931.0,2896,124.9,216.0,13,1,160
1890.8,2007.6,5200,114.1,216.0,13,1,161
1868.1,2010.5,5264,124.4,216.0,13,1,134
1798.2,2026.5,5968,181.5,216.0,13,1,116
1843.6,2036.6,6224,167.7,216.0,13,1,139
1841.4,2062.4,7120,120.5,216.0,13,1,124
1733.3,1767.0,8272,196.9,216.0,13,1,146
1688.2,1763.7,9168,160.8,216.0,13,1,177
1498.6,1638.2,1808,124.7,222.0,13,1,157
1631.1,1825.7,3152,289.1,222.0,13,1,150
1859.3,1942.0,3728,114.1,222.0,13,1,121
1868.6,2061.8,6352,121.8,222.0,13,1,151
1776.8,1927.2,4624,172.0,228.0,13,1,123
1904.2,2026.7,5584,111.2,228.0,13,1,153
1871.1,2019.1,6032,149.9,228.0,13,1,149
1890.8,2095.1,6608,119.7,228.0,13,1,151
1705.1,1775.6,8656,116.2,228.0,13,1,135
1582.6,1660.4,10384,148.4,228.0,13,2,204
1834.2,935.9,11024,254.9,228.0,13,1,129
1513.6,1601.9,1680,117.0,234.0,13,1,170
1530.2,1637.5,1808,104.1,234.0,13,1,143
1503.2,1768.3,2192,133.3,234.0,13,1,179
1549.5,1788.7,2320,124.7,234.0,13,2,145
1706.9,1854.3,3216,211.9,234.0,13,1,136
1903.6,2091.6,6608,114.4,234.0,13,1,143
1675.7,1731.0,8912,131.4,234.0,13,1,161
1893.9,972.7,11024,188.7,234.0,13,1,176
1497.9,1601.1,1296,197.8,240.0,13,1,128
1533.9,1760.7,2128,110.9,240.0,13,1,146
1745.6,1834.7,3408,239.7,240.0,13,1,140
1855.8,1865.4,3920,185.4,240.0,13,1,126
1901.2,1972.1,5392,143.2,240.0,13,1,138
1915.0,1999.2,5584,127.2,240.0,13,1,128
1881.4,2022.5,5904,124.5,240.0,13,1,140
1933.5,2018.8,6160,119.8,240.0,13,1,127
1784.1,1767.5,8400,119.9,240.0,13,1,149
1654.0,1720.9,9424,229.4,240.0,13,1,158
1537.7,1723.6,2064,119.7,246.0,13,1,159
1675.3,1799.2,2448,157.2,246.0,13,1,160
1758.2,1857.0,2704,147.0,246.0,13,1,128
1870.5,1850.7,3920,191.8,246.0,13,1,107
1923.0,1981.0,5264,112.4,246.0,13,1,125
1899.0,2043.6,7120,98.1,246.0,13,1,163
1833.0,1832.1,8016,114.5,246.0,13,2,138
1829.4,1768.1,8144,151.4,246.0,13,1,150
1820.2,1785.4,8208,123.7,246.0,13,1,145
1755.3,1736.1,8528,119.8,246.0,13,1,170
1656.2,1718.2,9616,187.4,246.0,13,1,153
1790.6,1848.8,3152,179.1,252.0,13,1,154
1876.9,1884.7,4816,162.6,252.0,13,1,160
1934.4,1978.1,5264,111.0,252.0,13,1,149
1907.1,2017.8,5904,118.3,252.0,13,1,120
1911.3,2050.6,6736,129.8,252.0,13,1,132
1922.2,2061.0,6864,117.7,252.0,13,1,140
1862.5,1848.7,7824,150.7,252.0,13,1,142
1787.1,1736.8,8464,137.7,252.0,13,1,132
1809.7,1802.0,9296,122.7,252.0,13,2,238
1551.1,1449.3,10704,309.9,252.0,13,1,116
1562.3,1719.9,2064,115.6,258.0,13,1,141
1887.1,1950.3,4240,119.8,258.0,13,1,119
1934.7,2060.9,6864,114.6,258.0,13,1,144
1817.9,1748.5,8400,125.7,258.0,13,1,164
1660.5,1675.1,10256,155.9,258.0,13,1,199
1593.1,1645.2,10448,160.0,258.0,13,1,255
1594.4,1629.4,2000,98.3,264.0,13,1,145
1932.4,2022.6,5904,108.3,264.0,13,1,129
1941.3,1875.9,7696,125.4,264.0,13,1,142
1550.7,1577.8,1744,125.6,270.0,13,1,137
1601.3,1621.2,1936,111.3,270.0,13,1,149
1968.7,1952.9,5264,130.7,270.0,13,1,142
1978.6,1931.6,5584,177.8,270.0,13,1,125
1983.4,1998.7,5648,117.4,270.0,13,1,153
1969.7,2055.5,6672,122.4,270.0,13,1,124
1945.4,2049.0,7056,99.7,270.0,13,1,140
1938.9,2049.3,7120,83.9,270.0,13,2,148
1861.8,1716.4,8336,147.4,270.0,13,1,149
1944.5,1895.7,4176,155.9,276.0,13,1,151
1981.4,2034.6,6032,96.4,276.0,13,1,138
2004.3,2018.9,6160,104.3,276.0,13,1,121
1970.0,2063.6,6864,109.9,276.0,13,1,171
1624.2,1701.4,10000,149.8,276.0,13,1,140
1610.9,1604.7,1616,93.8,282.0,13,1,144
1887.9,1821.6,3152,202.0,282.0,13,1,159
1937.1,1949.5,4240,120.6,282.0,13,1,139
1986.0,2013.6,5712,107.8,282.0,13,1,159
1957.9,2043.8,7120,91.4,282.0,13,1,143
1999.0,1973.0,7248,159.3,282.0,13,1,145
1912.1,1783.8,8016,156.4,282.0,13,1,121
1590.4,1581.3,1744,128.4,288.0,13,1,167
2000.5,1818.2,3600,220.5,288.0,13,1,116
1999.7,2018.8,5776,108.9,288.0,13,1,148
1699.5,1728.6,9936,148.9,288.0,13,1,155
1988.5,2029.6,5904,110.3,294.0,13,1,149
2017.5,2049.2,6224,94.1,294.0,13,1,141
2022.1,2069.0,6608,126.0,294.0,13,1,135
1780.6,1776.6,8848,114.5,294.0,13,1,128
1785.7,1584.2,9872,323.1,294.0,13,1,164
1777.8,1493.1,10640,277.7,294.0,13,1,159
1717.9,1562.6,1296,242.2,300.0,13,1,119
1876.3,1807.0,2576,196.0,300.0,13,1,142
2034.9,2030.4,5840,106.3,300.0,13,1,151
1980.7,1750.9,8144,179.5,300.0,13,1,124
1703.5,1778.5,2320,137.2,306.0,13,1,158
1942.8,1872.6,3216,189.3,306.0,13,1,113
2064.5,2024.7,6160,121.1,306.0,13,1,115
2051.7,2067.4,6544,132.9,306.0,13,1,133
1661.6,1759.1,1104,201.0,312.0,13,1,130
1699.3,1622.1,2000,141.4,312.0,13,1,156
1736.8,1762.9,2320,170.4,312.0,13,1,138
2091.7,1969.7,6928,239.2,312.0,13,1,142
1839.7,1740.9,8912,129.7,312.0,13,1,188
1953.8,1700.7,9104,201.6,312.0,13,1,144
1768.7,1742.1,9936,172.3,312.0,13,1,151
2010.5,1295.3,10896,185.1,312.0,13,1,156
1626.1,1867.2,1040,163.1,318.0,13,1,178
1928.5,1938.4,3216,130.6,318.0,13,1,157
2143.5,2016.8,6480,229.8,318.0,13,1,139
2021.5,2058.8,7120,111.2,318.0,13,1,152
2074.7,2013.8,7376,129.2,324.0,13,1,153
1885.5,1834.7,9424,144.4,324.0,13,2,125
1829.3,1627.3,10640,203.2,324.0,13,1,147
1592.1,2030.0,912,159.2,330.0,13,3,130
2078.2,1947.9,4304,182.8,330.0,13,1,117
2062.2,1960.0,4752,165.9,330.0,13,1,146
2122.7,1941.8,4368,207.2,336.0,13,1,118
2111.8,1865.1,7952,240.2,336.0,13,1,160
1682.6,2035.4,912,240.1,342.0,13,1,151
1802.2,1621.7,1744,264.4,342.0,13,2,192
2052.6,1774.6,9104,245.7,342.0,13,1,129
1965.3,1833.4,9488,217.1,342.0,13,1,156
1808.5,1829.2,9872,162.1,342.0,13,1,167
1945.0,1655.7,10640,294.5,342.0,13,1,150
2077.9,2012.3,3920,130.1,354.0,13,1,131
2249.8,2102.7,5200,268.1,6.0,14,1,135
2070.5,1892.2,8656,289.3,6.0,14,1,142
1833.4,1747.9,1616,247.4,12.0,14,1,171
2235.7,2080.4,3728,298.1,12.0,14,1,148
1738.8,1761.6,1424,136.1,18.0,14,1,166
2153.5,2116.5,4048,203.9,18.0,14,1,138
1887.4,1977.9,9552,185.6,24.0,14,3,128
2091.3,1523.9,10896,224.0,24.0,14,1,140
2121.5,2238.5,6224,175.8,36.0,14,1,117
1922.6,2061.3,9680,285.3,36.0,14,1,132
1797.1,1832.9,10576,161.7,36.0,14,1,140
1853.3,2060.1,2576,112.1,48.0,14,1,161
2060.1,2149.9,3920,166.8,48.0,14,1,150
1781.7,2020.8,9872,190.4,48.0,14,1,164
1845.1,1996.7,10256,227.5,48.0,14,1,149
1526.1,2208.5,912,122.2,54.0,14,2,176
2052.6,2242.4,6032,138.3,54.0,14,1,150
2068.5,2246.1,6096,135.0,54.0,14,1,156
1905.6,2009.5,9232,174.6,54.0,14,1,135
1869.4,2052.5,9488,188.0,54.0,14,1,133
2044.3,2191.9,3920,191.6,60.0,14,1,130
1797.9,2041.0,9552,160.1,60.0,14,1,162
1789.5,1995.0,10256,193.2,60.0,14,1,128
1698.6,1932.4,1360,226.5,66.0,14,1,176
1903.5,2165.1,3280,142.1,66.0,14,1,147
2152.3,1136.3,11088,132.6,66.0,14,1,158
1975.3,2227.7,4432,193.1,72.0,14,1,134
2014.3,2220.2,5456,123.5,72.0,14,1,154
1982.6,2248.9,5968,121.7,72.0,14,1,120
1981.5,2264.2,7120,137.7,72.0,14,1,161
1990.8,2112.6,7696,117.8,72.0,14,1,127
1715.2,1901.4,10640,162.6,72.0,14,1,166
2422.6,1071.7,11152,138.5,72.0,14,1,135
1645.5,1889.6,1424,173.8,78.0,14,1,157
2021.0,2252.8,5200,182.1,78.0,14,1,120
2012.5,2246.8,6096,112.4,78.0,14,1,142
1978.3,2112.9,7696,114.8,78.0,14,1,159
1889.6,1994.8,8336,133.9,78.0,14,1,166
1681.4,1917.6,10320,126.7,78.0,14,1,169
1653.1,1927.6,10448,128.8,78.0,14,1,149
2412.0,1091.7,11152,155.1,78.0,14,1,171
1890.7,2254.8,3024,237.0,84.0,14,1,126
1988.7,2247.0,5392,151.8,84.0,14,1,142
1992.5,2224.8,5840,102.9,84.0,14,1,135
2000.1,2241.6,6096,105.4,84.0,14,1,112
2006.8,2250.0,6160,128.1,84.0,14,1,138
1990.5,2340.0,6480,170.3,84.0,14,1,118
1979.3,2257.0,7248,128.9,84.0,14,1,133
1762.3,1975.4,8976,138.4,84.0,14,1,128
1589.3,1996.6,2128,139.9,90.0,14,1,150
1605.7,2034.1,2256,153.1,90.0,14,1,111
1978.6,2219.3,5584,109.9,90.0,14,1,219
1951.6,2254.0,6288,114.8,90.0,14,1,158
1967.2,2244.8,7312,135.7,90.0,14,1,120
1891.0,2002.9,8144,96.6,90.0,14,1,178
1443.7,2210.3,912,101.3,96.0,14,1,147
1592.4,1843.8,2000,117.4,96.0,14,1,177
1812.1,2210.8,3216,186.0,96.0,14,1,149
1964.6,2212.3,5456,110.2,96.0,14,1,146
1967.7,2213.3,5584,104.4,96.0,14,1,162
1960.0,2238.4,6032,108.5,96.0,14,1,129
1920.3,2318.8,6800,150.5,96.0,14,1,142
1739.1,1968.4,8912,131.9,96.0,14,1,159
1650.0,1888.1,10640,142.2,96.0,14,1,155
1520.1,1847.6,1744,147.4,102.0,14,1,144
1959.7,2226.1,5840,105.9,102.0,14,1,137
1922.8,2237.6,5968,106.7,102.0,14,1,154
1982.0,2263.6,6992,103.4,102.0,14,1,135
1779.1,1962.8,8528,119.9,102.0,14,1,135
1699.9,2013.3,8784,152.2,102.0,14,1,134
1676.3,2152.9,8848,277.7,102.0,14,1,158
1743.0,2040.5,9424,123.6,102.0,14,1,121
1653.2,2014.6,10256,191.1,102.0,14,1,149
1637.2,1877.2,10640,133.4,102.0,14,1,179
1574.6,1890.5,1488,161.9,108.0,14,1,147
1555.8,2034.6,2256,161.4,108.0,14,1,135
1850.0,2184.0,4624,135.6,108.0,14,1,168
1937.2,2235.6,6032,110.5,108.0,14,1,151
1926.7,2249.2,7248,126.6,108.0,14,1,153
1937.5,2193.0,7440,130.4,108.0,14,1,123
1825.5,1975.3,8336,117.2,108.0,14,1,150
1618.6,2008.6,9744,124.2,108.0,14,1,142
1794.2,2181.4,3344,159.9,114.0,14,1,146
1936.8,2223.3,5840,110.4,114.0,14,1,115
1831.3,2100.1,7952,150.3,114.0,14,1,149
1693.8,1959.0,8976,132.7,114.0,14,1,139
1601.5,1889.2,10640,155.9,114.0,14,1,168
1876.5,2243.4,5264,184.5,120.0,14,1,133
1918.9,2201.9,5456,114.4,120.0,14,1,129
1920.2,2219.1,6032,102.3,120.0,14,1,133
1925.4,2247.2,6096,127.4,120.0,14,1,156
1932.2,2228.5,6160,122.3,120.0,14,1,177
1875.0,2258.9,6352,142.9,126.0,14,1,131
1899.0,2275.2,6672,120.4,126.0,14,1,127
1738.2,1907.3,9040,115.5,126.0,14,1,133
1413.4,2011.5,1168,197.4,132.0,14,1,103
1807.0,2194.5,4112,207.7,132.0,14,1,126
1883.6,2273.6,6672,128.8,132.0,14,1,125
1834.5,2249.2,7120,156.1,132.0,14,1,147
1874.0,2230.7,7248,137.2,132.0,14,1,121
1892.9,2145.3,7504,116.5,132.0,14,1,132
1669.5,2016.4,9232,199.4,132.0,14,1,129
1725.4,2204.9,4624,224.0,138.0,14,1,110
1845.0,2099.2,7696,147.3,138.0,14,1,154
1600.9,2007.8,9616,176.9,138.0,14,1,130
1560.5,1958.5,9808,152.9,138.0,14,1,188
1801.6,2069.6,7760,149.4,150.0,14,1,129
1888.7,1192.4,11024,134.1,150.0,14,1,152
1511.7,1768.5,2000,101.8,156.0,14,2,176
1503.3,1749.4,10768,241.8,156.0,14,1,176
1414.8,1793.0,1936,196.1,162.0,14,1,189
1717.5,2047.7,2960,148.6,162.0,14,1,148
1583.9,1932.8,8720,172.8,162.0,14,1,169
1747.5,1052.0,11088,352.8,174.0,14,1,129
1792.2,2050.8,4176,136.0,180.0,14,1,116
1630.7,2009.0,4880,319.9,186.0,14,1,146
1354.2,1646.0,1616,242.6,192.0,14,1,118
1725.8,2005.2,5072,249.5,192.0,14,2,142
1693.5,1822.0,8528,112.9,192.0,14,1,118
1793.4,2057.6,6160,210.3,198.0,14,1,147
1791.6,1874.1,8144,104.4,198.0,14,2,145
1579.6,1885.1,2704,260.9,204.0,14,2,156
1814.1,1966.1,3920,147.2,204.0,14,1,151
2161.9,842.9,11152,238.5,204.0,14,1,126
1436.1,1636.0,1872,190.5,210.0,14,1,176
1785.7,2023.4,6224,223.6,210.0,14,1,118
1822.2,2064.6,6288,149.4,210.0,14,1,110
1705.4,1785.0,9104,131.1,210.0,14,1,164
1608.1,1817.7,9616,143.6,210.0,14,1,155
1760.2,1918.1,4816,206.4,216.0,14,1,159
1836.3,2058.6,7120,126.9,216.0,14,1,144
1392.4,1693.4,10000,267.1,216.0,14,1,160
1467.7,1773.6,2192,153.2,222.0,14,1,194
1627.4,1822.4,3152,294.0,222.0,14,1,122
1828.1,1935.1,4048,176.9,222.0,14,1,123
1865.1,1990.4,5264,139.4,222.0,14,1,152
1814.9,2027.3,7184,161.8,222.0,14,1,123
1659.5,1681.9,9040,197.1,222.0,14,1,149
1482.5,1714.1,1232,144.3,228.0,14,1,164
1513.6,1610.0,1616,116.4,228.0,14,1,253
1572.7,1649.4,10384,163.2,228.0,14,1,200
1818.3,918.2,11024,278.8,228.0,14,1,146
1462.6,1750.8,1168,141.0,234.0,14,1,105
1511.5,1605.4,1552,136.7,234.0,14,1,146
1546.2,1784.1,2320,130.4,234.0,14,1,169
1836.8,1865.3,7760,160.2,234.0,14,1,158
1458.6,1789.8,1104,137.0,240.0,14,1,140
1555.5,1773.0,2320,134.6,240.0,14,1,173
1747.9,1845.5,2768,165.7,240.0,14,2,146
1901.2,2009.1,6032,140.2,240.0,14,1,126
1684.7,1719.0,8912,136.5,240.0,14,1,138
1535.7,1719.0,2064,124.7,246.0,14,1,156
1896.6,2051.0,6736,134.7,246.0,14,1,151
1830.1,1825.6,8016,121.6,246.0,14,2,139
1574.3,1611.7,1424,113.4,252.0,14,1,102
1582.0,1605.4,1488,138.0,252.0,14,1,170
1643.8,1766.2,2384,153.9,252.0,14,1,220
1935.5,1938.7,7440,136.9,252.0,14,1,167
1805.5,1789.2,9296,136.2,252.0,14,2,189
1421.3,1701.9,976,355.7,258.0,14,1,141
1584.6,1632.6,2000,96.6,258.0,14,1,141
1708.7,1799.6,2448,146.5,258.0,14,1,115
1969.1,2008.3,6160,116.9,258.0,14,1,127
1943.1,2053.4,6608,133.6,258.0,14,2,145
1919.0,2024.5,7056,126.9,258.0,14,1,135
1769.7,1642.8,9040,174.9,258.0,14,1,154
1697.4,1724.7,9616,168.4,258.0,14,1,165
1619.5,1532.9,10640,218.6,258.0,14,1,166
1946.2,2055.5,6864,118.1,264.0,14,1,152
1891.5,1824.6,7824,168.4,264.0,14,1,147
1739.2,1713.0,9488,188.5,264.0,14,1,173
1606.5,1513.5,1360,212.0,270.0,14,1,152
1550.7,1573.0,1744,130.5,270.0,14,1,162
1913.1,1822.2,4496,210.1,270.0,14,1,132
1963.6,2004.2,5712,114.8,270.0,14,1,139
1938.9,2042.7,7120,90.5,270.0,14,1,160
1639.9,1590.8,1488,146.6,276.0,14,1,134
1615.6,1622.8,2000,104.9,276.0,14,1,130
1882.2,1816.7,3344,219.8,276.0,14,1,137
1996.8,1699.4,4048,356.0,276.0,14,1,100
1977.6,2012.4,5776,110.5,276.0,14,1,158
1983.0,1968.0,7376,122.4,276.0,14,1,160
1897.9,1762.3,8016,175.4,276.0,14,1,129
1676.6,1703.8,9744,187.8,276.0,14,1,177
1701.5,1584.1,10384,187.6,276.0,14,1,161
1790.5,1816.6,2512,149.0,282.0,14,1,139
2008.1,2000.0,5648,118.6,282.0,14,1,121
1960.3,2054.9,6800,116.8,282.0,14,1,151
1754.5,1785.1,8848,98.2,282.0,14,1,143
1692.2,1618.7,10320,179.0,282.0,14,1,178
1650.8,1686.6,10448,117.6,282.0,14,1,190
2018.3,2008.6,5648,113.0,288.0,14,1,129
2005.3,1981.8,7376,113.4,288.0,14,1,145
2011.2,2012.1,5712,117.1,294.0,14,1,157
2022.7,2030.4,5840,100.9,294.0,14,1,149
1986.1,2056.8,6800,123.0,294.0,14,1,143
2065.7,2022.6,6992,153.1,294.0,14,1,148
1914.6,1635.5,9104,235.4,294.0,14,1,130
1689.5,1653.8,10064,206.0,294.0,14,1,175
1653.0,1746.3,2128,127.4,300.0,14,1,167
2054.2,1914.3,7504,166.8,300.0,14,1,134
1579.9,1936.6,912,213.8,306.0,14,1,250
1978.2,1915.9,4560,172.3,306.0,14,1,118
2068.9,2018.6,6160,128.5,306.0,14,1,158
2054.8,2031.2,6224,128.5,306.0,14,1,137
1667.5,1752.6,1104,209.8,312.0,14,2,165
1702.2,1618.8,2000,145.8,312.0,14,1,132
1689.4,1745.5,2128,149.6,312.0,14,1,187
1740.0,1759.4,2320,175.1,312.0,14,1,158
2083.3,2005.2,5648,149.2,312.0,14,1,132
1773.2,1737.2,9936,178.9,312.0,14,1,164
1773.6,1638.1,10448,220.0,312.0,14,1,178
1707.5,1634.5,2000,138.4,318.0,14,1,122
1932.7,1934.7,3216,136.2,318.0,14,1,165
2058.4,2052.1,6032,117.2,318.0,14,1,150
1740.0,1704.4,1232,198.9,324.0,14,1,145
1755.1,1571.0,1680,213.5,324.0,14,1,168
2029.3,1945.9,3536,124.2,324.0,14,1,119
2130.4,1929.4,4048,211.2,324.0,14,1,104
1890.0,1831.5,9424,150.0,324.0,14,1,144
2084.0,1944.5,4304,189.6,330.0,14,1,131
2041.4,1783.5,8400,216.0,336.0,14,1,247
1904.2,1850.6,9360,137.4,336.0,14,1,148
1687.5,2033.8,912,245.3,342.0,14,2,133
1806.7,1620.2,1744,269.2,342.0,14,1,202
1841.5,1650.2,2000,249.0,342.0,14,1,106
2079.3,1925.5,7888,199.7,342.0,14,1,152
2208.3,1146.7,11024,204.6,6.0,15,1,148
2158.7,2118.2,4048,209.4,18.0,15,2,137
1729.2,1772.9,1424,131.2,24.0,15,1,157
1892.6,1980.2,9552,191.3,24.0,15,2,145
2007.7,1963.1,8528,235.2,30.0,15,1,134
1756.5,1983.7,10000,199.1,42.0,15,1,190
1530.5,2214.5,912,129.7,54.0,15,1,189
1685.4,1988.9,2128,163.4,54.0,15,1,137
2051.9,2189.0,4368,201.4,54.0,15,1,158
1699.1,1875.1,1424,179.6,60.0,15,1,182
1926.5,2175.2,3280,161.5,60.0,15,1,120
2092.5,2258.1,5136,217.2,60.0,15,1,134
2054.2,2248.0,5840,145.0,60.0,15,1,160
1949.4,2007.5,8144,116.9,60.0,15,1,148
1954.0,1989.1,8272,122.9,60.0,15,1,157
1661.0,1852.7,1616,171.0,66.0,15,1,176
1642.2,1831.0,1680,147.2,66.0,15,1,142
1844.2,1999.8,8656,150.9,66.0,15,1,153
1745.9,1984.5,10192,169.3,66.0,15,1,160
1976.8,2232.3,4432,198.0,72.0,15,1,114
2013.7,2260.9,6032,137.1,72.0,15,1,126
2000.3,2289.2,6288,157.6,72.0,15,1,169
1930.7,2000.3,8272,123.7,72.0,15,1,145
2425.8,1081.7,11152,149.0,72.0,15,1,132
2014.0,2253.8,6096,119.6,78.0,15,1,123
2008.6,2361.8,6608,181.7,78.0,15,1,171
1914.8,2018.4,8144,114.6,78.0,15,1,139
1814.2,2009.8,8656,151.1,78.0,15,1,158
1626.5,1916.0,1360,191.5,84.0,15,1,146
1860.7,2178.2,3280,143.7,84.0,15,1,135
1925.6,2197.1,4240,130.4,84.0,15,1,118
1988.5,2271.7,5264,189.1,84.0,15,1,149
2000.8,2248.1,6096,111.9,84.0,15,2,157
1816.1,1960.9,8528,116.0,84.0,15,1,150
1777.3,2075.4,9488,176.0,84.0,15,1,143
1630.8,2062.5,10000,213.3,84.0,15,1,124
1891.9,2201.1,4624,146.2,90.0,15,1,127
1968.7,2297.0,5264,213.4,90.0,15,1,133
1748.2,2024.3,8720,144.9,90.0,15,1,156
1978.6,2236.3,6096,100.0,96.0,15,1,161
1961.9,2287.7,6416,131.5,96.0,15,1,142
1955.4,2335.1,6480,165.5,96.0,15,1,146
1937.7,2304.8,6736,131.5,96.0,15,1,137
1989.5,2295.8,6992,134.1,96.0,15,1,159
1922.1,2259.1,7184,124.2,96.0,15,1,111
1941.6,2123.0,7696,123.1,96.0,15,1,157
1894.7,2129.0,7824,137.7,96.0,15,1,116
1432.1,2213.8,912,106.5,102.0,15,1,127
1458.9,2192.7,1040,221.2,102.0,15,1,149
1555.5,1978.1,2064,148.4,102.0,15,1,136
1763.2,2163.2,2640,179.1,102.0,15,1,131
1820.7,2216.6,3344,185.3,102.0,15,1,180
1938.4,2340.4,6544,169.2,102.0,15,1,154
1637.8,2014.4,10192,188.7,102.0,15,1,163
1619.2,1913.1,10512,147.8,102.0,15,1,156
1798.4,1805.4,10832,279.4,102.0,15,1,156
1420.0,2215.0,912,110.9,108.0,15,1,159
1612.0,2047.7,9808,201.3,108.0,15,1,144
1815.5,1651.9,10896,230.3,108.0,15,1,154
1894.2,2302.5,6736,140.6,114.0,15,1,144
1880.4,2294.0,6800,136.7,114.0,15,1,124
1919.5,2174.1,7504,126.3,114.0,15,1,136
1827.9,1994.2,8208,104.8,114.0,15,1,138
1736.1,1972.8,8592,134.9,114.0,15,1,157
1703.1,1949.2,8912,122.5,114.0,15,1,165
1531.5,1853.3,1936,139.5,120.0,15,1,176
1742.5,2179.9,3216,178.0,120.0,15,1,152
1511.0,1856.1,2000,159.4,126.0,15,1,169
1865.5,2237.9,5904,133.0,126.0,15,1,154
1857.8,2095.6,7760,124.5,126.0,15,1,136
1520.9,2063.0,9872,227.0,126.0,15,1,164
1524.8,1940.8,10512,213.0,126.0,15,1,167
1777.5,2182.7,3472,162.6,132.0,15,1,138
1828.1,2143.4,4752,135.2,132.0,15,1,130
1862.8,2225.7,5520,154.4,132.0,15,1,149
1856.6,2237.9,5712,159.9,132.0,15,1,168
1869.9,2229.9,6288,122.0,132.0,15,1,145
1689.1,1943.7,9040,174.7,132.0,15,1,161
1464.8,2007.4,10128,237.8,132.0,15,1,162
1532.5,1871.1,10704,171.0,132.0,15,1,174
1329.4,2052.2,1104,244.4,144.0,15,1,110
1861.6,2220.7,6224,145.5,144.0,15,1,168
1855.5,2206.6,6224,142.8,150.0,15,1,150
1556.1,1965.7,8784,202.6,150.0,15,1,169
1506.6,1770.8,2000,107.3,156.0,15,1,145
1514.9,2094.1,2576,288.3,156.0,15,1,162
1668.4,2086.6,2960,208.4,156.0,15,1,168
1587.0,1953.8,9104,253.9,156.0,15,1,155
1657.9,2016.0,2576,126.7,162.0,15,2,152
1739.8,1052.9,11088,360.5,174.0,15,1,129
1701.4,1859.5,8080,186.2,198.0,15,1,132
1783.7,1871.5,8144,112.8,198.0,15,1,125
1575.6,1883.3,2704,265.4,204.0,15,3,164
1781.9,2021.2,6224,227.8,210.0,15,2,154
1818.6,2062.5,6288,153.5,210.0,15,2,155
1788.2,2046.2,7120,174.0,210.0,15,1,143
1419.4,1712.5,10128,236.2,210.0,15,1,149
1499.1,1639.4,1424,136.2,216.0,15,1,146
1734.1,1924.0,2896,136.8,216.0,15,1,158
1462.0,1768.4,2192,160.9,222.0,15,2,141
1744.5,1914.1,2896,135.0,222.0,15,1,139
1613.5,1836.4,3088,308.3,222.0,15,1,112
1520.5,1776.0,2320,152.8,228.0,15,1,162
1892.4,2023.3,5840,133.5,228.0,15,1,137
1467.2,1656.5,10128,234.3,228.0,15,1,163
1542.7,1627.9,1424,113.3,234.0,15,1,144
1534.7,1630.8,2000,119.0,234.0,15,1,129
1790.3,1823.0,3984,259.3,234.0,15,1,153
1525.5,1727.6,2064,121.7,240.0,15,1,152
1744.7,1839.9,2768,172.2,240.0,15,1,139
1926.0,2005.9,6160,134.8,240.0,15,1,156
1810.8,1767.4,8144,160.4,240.0,15,1,138
1783.9,1728.9,8336,155.8,240.0,15,1,122
1713.2,1741.3,8656,139.3,240.0,15,1,131
1538.4,1577.4,1616,130.3,246.0,15,1,141
1752.5,1809.4,3152,229.6,246.0,15,1,128
1866.5,1841.8,3920,201.6,246.0,15,1,137
1933.8,2014.9,5840,117.8,246.0,15,1,133
1827.2,1819.1,8016,128.7,246.0,15,1,145
1812.5,693.4,11024,472.8,246.0,15,1,146
1774.0,1760.9,3408,295.9,252.0,15,1,100
1850.0,1824.4,4304,226.0,252.0,15,1,119
1941.8,1988.1,5648,134.6,252.0,15,1,122
1930.7,1968.1,7376,127.8,252.0,15,1,130
1801.3,1776.4,9296,149.7,252.0,15,1,192
1632.4,1641.4,10256,195.9,252.0,15,1,188
1582.9,1624.8,2000,104.6,258.0,15,1,157
1940.6,2041.7,6608,145.6,258.0,15,1,136
1946.2,1920.1,7440,152.2,258.0,15,1,129
1924.4,1859.4,7696,144.4,258.0,15,1,145
1803.1,1849.3,2704,142.7,264.0,15,1,138
1581.6,1749.4,2192,126.7,270.0,15,1,156
1622.8,1749.5,2320,140.1,270.0,15,1,173
1818.0,1842.2,2704,149.0,270.0,15,1,152
1866.0,1812.1,3024,207.0,270.0,15,1,147
1845.7,1705.3,3280,330.0,270.0,15,1,153
1870.5,1755.4,8208,143.0,270.0,15,1,151
1892.5,1720.7,8272,162.0,270.0,15,1,156
1983.7,1961.3,7376,129.1,276.0,15,1,150
1885.4,1756.4,8208,142.9,276.0,15,1,125
1646.3,1545.8,1424,177.7,282.0,15,1,156
1907.4,1824.3,3024,199.2,282.0,15,1,144
1991.0,2005.0,5776,119.9,282.0,15,1,120
2035.6,2011.5,6992,154.3,282.0,15,1,125
1791.6,1631.6,8976,210.7,282.0,15,1,149
1651.9,1681.5,10448,122.8,282.0,15,1,181
1628.5,1582.3,1616,120.0,288.0,15,1,147
2016.5,2015.5,5840,112.5,288.0,15,1,156
1981.0,2015.4,5904,120.8,288.0,15,1,135
2020.2,1938.3,7440,137.3,288.0,15,1,148
1762.9,1674.8,9680,230.2,288.0,15,1,150
1658.7,1642.5,1232,195.7,294.0,15,1,120
2025.5,2024.1,5840,107.8,294.0,15,2,153
1686.9,1582.6,1872,171.6,300.0,15,1,140
2041.7,2018.6,5840,120.0,300.0,15,1,129
1768.3,1502.8,1360,275.3,306.0,15,1,136
1673.9,1740.3,2128,143.9,306.0,15,1,158
1976.6,1788.3,2768,248.1,306.0,15,1,122
1958.2,1864.6,3152,191.0,306.0,15,1,141
1980.8,1912.3,4560,176.7,306.0,15,1,146
2065.4,1991.7,7248,169.4,306.0,15,1,138
2070.2,1941.8,7440,157.2,306.0,15,1,162
1673.3,1746.1,1104,218.5,312.0,15,2,126
1695.8,1738.4,2128,159.2,312.0,15,1,138
2069.7,1858.0,3792,217.2,312.0,15,1,145
2044.2,1903.5,4752,187.7,312.0,15,1,225
2042.1,2025.3,5968,145.1,312.0,15,1,201
1710.9,1631.5,2000,142.9,318.0,15,2,130
2112.9,1879.5,3984,229.0,318.0,15,1,137
2055.5,1938.2,4240,193.2,318.0,15,1,150
2065.0,2046.1,6032,126.1,318.0,15,1,128
2136.3,1006.9,11024,177.0,318.0,15,1,177
1743.3,1702.0,1232,203.0,324.0,15,1,146
1827.5,1597.9,1360,255.2,330.0,15,1,100
1692.5,2032.2,912,250.5,342.0,15,3,153
1846.4,1648.6,2000,254.2,342.0,15,1,105
2065.9,1974.4,3536,144.1,342.0,15,1,160
2118.2,1912.8,7888,240.7,342.0,15,1,154
2043.9,1512.4,10832,188.5,354.0,15,1,177
2154.3,1225.3,10960,232.1,354.0,15,1,158
1966.2,1808.9,1872,373.3,12.0,16,1,150
2164.0,2119.9,4048,214.9,18.0,16,1,124
1897.8,1982.5,9552,197.0,24.0,16,1,151
2152.5,2164.8,4048,222.7,30.0,16,1,133
1871.9,1988.9,10256,240.9,42.0,16,1,153
1886.5,1985.6,8912,199.6,48.0,16,1,153
1853.7,2024.5,8720,179.5,54.0,16,1,135
1737.1,2108.7,2256,263.0,60.0,16,1,148
2058.0,2254.7,5840,152.6,60.0,16,1,138
1653.1,1848.8,1936,127.4,66.0,16,1,129
2028.7,2265.2,5712,160.0,66.0,16,1,129
2040.7,2248.0,7376,173.3,66.0,16,1,131
1622.6,1868.9,1808,150.5,78.0,16,1,169
1865.6,2153.0,2768,167.6,78.0,16,1,151
1944.8,2304.0,4624,254.6,78.0,16,1,115
1998.0,2255.9,6032,128.2,78.0,16,1,149
2004.7,2254.9,6224,122.4,78.0,16,1,154
1999.1,2172.7,7632,144.9,78.0,16,1,111
1701.6,2096.7,9936,231.5,78.0,16,1,157
1615.2,1864.8,1936,133.1,84.0,16,1,158
1927.3,2213.0,4240,146.3,84.0,16,2,143
1994.3,2242.0,5840,120.2,84.0,16,1,125
2001.5,2254.6,6096,118.5,84.0,16,1,154
1991.6,2253.0,6224,118.5,84.0,16,1,114
1643.5,1965.0,10448,164.2,84.0,16,1,163
1601.3,1868.8,1936,136.4,90.0,16,1,176
1800.5,2162.1,2640,174.1,90.0,16,1,147
1971.3,2256.0,6032,125.6,90.0,16,1,146
1989.1,2239.8,6096,103.0,90.0,16,1,151
1979.3,2258.8,6224,123.6,90.0,16,1,140
1931.7,2276.4,6928,129.0,90.0,16,1,158
1829.7,2009.6,8464,141.8,90.0,16,1,115
1569.7,1991.2,2064,159.1,96.0,16,1,188
1810.6,2224.8,3216,200.1,96.0,16,1,155
1953.1,2216.5,5072,160.3,96.0,16,1,140
1966.2,2227.8,5584,119.1,96.0,16,1,163
1979.7,2253.1,6160,131.2,96.0,16,1,155
1923.1,2283.6,7120,151.2,96.0,16,1,147
1916.4,2133.6,7760,139.5,96.0,16,1,112
1573.6,1863.0,1936,133.5,102.0,16,1,164
1561.2,1988.9,2128,135.2,102.0,16,1,130
1934.2,2257.4,5712,141.4,102.0,16,1,131
1923.8,2269.9,6288,133.6,102.0,16,1,159
1948.7,2283.9,6416,129.8,102.0,16,1,170
1905.9,2272.9,7184,140.5,102.0,16,1,140
1806.1,1978.7,8464,113.4,102.0,16,1,121
1636.7,2019.5,10192,193.9,102.0,16,1,178
1796.2,1815.4,10832,289.7,102.0,16,2,159
1546.4,1988.8,2128,138.9,108.0,16,1,148
1816.4,2193.1,3408,158.5,108.0,16,1,176
1904.8,2256.9,5968,130.1,108.0,16,1,158
1943.2,2246.1,6224,116.7,108.0,16,1,183
1915.6,2250.1,6288,116.5,108.0,16,1,164
1901.9,2347.4,6864,183.4,108.0,16,1,149
1933.8,2204.3,7440,142.3,108.0,16,1,150
1843.4,2221.4,4240,168.5,114.0,16,1,137
1902.2,2209.0,5072,166.4,114.0,16,1,155
1955.7,2269.8,6992,117.5,114.0,16,1,178
1431.7,2076.6,1232,294.7,120.0,16,1,160
1528.0,1859.5,1936,146.7,120.0,16,1,146
1698.6,2114.8,2576,159.3,120.0,16,1,166
1792.9,2240.5,4496,240.4,120.0,16,2,101
1877.9,2249.3,5968,134.1,120.0,16,1,157
1801.5,2139.4,7888,175.8,120.0,16,1,131
1782.8,1977.5,8400,122.6,120.0,16,1,150
1633.0,1919.1,10832,446.9,120.0,16,1,146
1692.5,2095.0,2576,146.1,126.0,16,1,159
1805.4,2219.7,4176,208.9,126.0,16,1,154
1836.0,2224.7,5008,216.9,126.0,16,1,155
1869.4,2238.3,5392,175.9,126.0,16,1,134
1850.5,2286.9,6800,145.5,126.0,16,1,138
1890.4,2169.4,7504,136.8,126.0,16,1,158
1759.2,1988.2,8400,144.4,126.0,16,1,159
1521.5,1945.3,10512,218.6,126.0,16,1,166
1762.7,2203.5,3536,248.4,132.0,16,1,150
1749.5,2228.5,4432,248.3,132.0,16,1,168
1823.8,2148.2,4752,141.6,132.0,16,1,161
1880.9,2244.4,6224,147.0,132.0,16,1,153
1814.4,1991.4,8144,114.4,132.0,16,1,132
1633.8,2067.4,9360,216.4,132.0,16,1,148
1778.0,2217.0,4048,244.3,138.0,16,1,143
1841.6,2234.4,5776,167.5,138.0,16,1,152
1481.5,2018.0,10256,284.5,138.0,16,1,146
1872.1,2257.9,6992,162.4,144.0,16,1,182
1311.0,2192.3,912,165.4,150.0,16,1,152
1479.3,1895.2,10320,202.9,150.0,16,1,130
1510.8,2095.9,2576,292.8,156.0,16,1,135
1581.0,1956.4,9104,260.4,156.0,16,1,160
1492.6,1951.3,9872,177.0,156.0,16,1,135
1218.7,2139.7,976,290.8,162.0,16,1,167
1650.4,2018.4,2576,134.5,162.0,16,1,164
1730.5,2106.1,4240,185.6,168.0,16,1,138
1549.2,1920.5,8848,189.0,168.0,16,2,128
1308.9,1797.5,10128,316.8,186.0,16,1,162
1786.1,1991.4,3920,166.0,192.0,16,1,150
1770.5,2013.3,4048,193.4,192.0,16,1,109
1476.8,1949.1,4752,451.6,192.0,16,1,163
1694.8,1857.4,8080,193.1,198.0,16,1,135
1555.3,1729.6,10384,133.1,198.0,16,1,172
1571.5,1881.5,2704,269.8,204.0,16,3,162
1698.1,1890.1,4368,271.8,210.0,16,1,151
1716.8,1906.8,5008,284.9,210.0,16,1,157
1778.2,2019.1,6224,232.1,210.0,16,1,174
1815.0,2060.4,6288,157.7,210.0,16,3,157
1477.7,1638.6,10640,216.2,210.0,16,1,194
1728.6,1920.0,2896,143.6,216.0,16,1,145
1482.1,1598.0,1616,147.2,222.0,16,1,135
1456.2,1763.2,2192,168.7,222.0,16,1,137
1736.8,1907.2,2896,145.3,222.0,16,1,156
1410.4,1714.9,1168,201.8,228.0,16,1,132
1523.9,1624.7,1424,127.6,228.0,16,1,128
1676.3,1847.2,3280,253.1,228.0,16,1,130
1471.7,1594.6,1744,134.5,234.0,16,1,140
1534.3,1589.6,1424,150.0,240.0,16,1,128
1515.7,1583.3,1872,170.9,240.0,16,1,163
1523.3,1723.7,2064,126.1,240.0,16,1,164
1807.0,1843.8,4304,225.7,240.0,16,1,121
1561.2,1751.1,2320,151.5,246.0,16,1,162
1748.2,1799.7,3152,240.2,246.0,16,1,128
1865.0,1838.4,3920,205.3,246.0,16,1,146
1931.2,2008.9,5840,124.3,246.0,16,2,134
1721.2,1631.0,9104,240.2,246.0,16,1,163
1566.7,1682.6,9872,215.3,246.0,16,1,136
1772.5,1756.3,3408,300.8,252.0,16,1,150
1922.3,2032.0,6672,153.4,252.0,16,1,134
1892.5,2035.1,6800,140.9,252.0,16,1,127
1944.2,1980.1,6992,191.7,252.0,16,1,149
1737.4,1722.3,8656,146.9,252.0,16,1,132
1934.7,1983.0,5712,139.1,258.0,16,1,135
1944.9,1913.9,7440,158.5,258.0,16,1,112
1954.9,2036.5,6672,142.2,264.0,16,1,195
1733.2,1699.2,8976,139.3,264.0,16,1,152
1954.4,1834.1,7696,166.5,270.0,16,1,152
1892.5,1714.9,8272,167.7,270.0,16,2,142
1748.2,1733.4,8720,146.0,270.0,16,1,151
1991.4,1939.3,7440,130.4,276.0,16,1,138
1886.2,1748.7,8208,150.5,276.0,16,1,126
1649.1,1584.8,10448,218.0,276.0,16,1,192
2009.6,1919.2,7440,153.1,282.0,16,1,122
1902.7,1747.0,8208,154.8,282.0,16,1,153
1642.8,1766.7,2256,120.2,288.0,16,1,150
2016.9,2042.5,6608,148.9,288.0,16,1,130
2023.7,1927.7,7440,148.5,288.0,16,1,149
1643.5,1579.5,1616,128.0,294.0,16,1,181
2019.1,1994.4,5712,136.4,294.0,16,1,123
2028.3,2017.7,5840,114.7,294.0,16,1,147
2016.2,2043.4,6864,141.8,294.0,16,1,158
1801.0,1730.9,8848,164.5,294.0,16,1,145
1635.6,1556.5,1744,169.7,300.0,16,1,138
1926.7,1822.9,2768,191.9,300.0,16,1,142
1963.5,1905.4,4560,173.1,300.0,16,1,147
2056.7,1963.2,5456,161.2,300.0,16,1,138
2071.5,1889.9,7568,181.0,300.0,16,1,145
1901.9,1688.9,9424,266.5,300.0,16,1,144
1920.6,1781.0,2576,242.1,306.0,16,1,161
1967.1,1852.3,3152,206.2,306.0,16,1,139
2033.8,1874.5,3536,178.5,306.0,16,1,116
2033.5,1893.0,4816,180.9,306.0,16,1,173
1679.2,1739.6,1104,227.3,312.0,16,1,163
1870.7,1729.5,8848,204.2,312.0,16,1,137
1844.2,1511.5,1360,319.9,318.0,16,1,144
1714.2,1628.5,2000,147.4,318.0,16,1,144
1876.6,1745.8,2384,249.3,318.0,16,1,149
2030.4,1847.3,2960,230.8,318.0,16,1,133
2113.5,2048.9,6544,188.3,318.0,16,1,144
1943.9,1673.2,8784,285.8,318.0,16,1,151
1812.9,1736.5,9872,213.4,318.0,16,1,140
2142.9,1001.1,11024,185.8,318.0,16,2,181
1875.6,1731.6,9744,270.3,324.0,16,1,168
1792.8,1739.2,2128,235.0,330.0,16,1,157
2077.4,1972.0,4240,191.0,330.0,16,1,133
2165.2,1109.9,10960,279.1,330.0,16,1,162
2061.4,1774.6,8400,237.9,336.0,16,1,255
1777.7,1789.4,1168,244.2,342.0,16,1,176
2042.4,1957.2,3216,221.8,342.0,16,1,121
2070.1,1768.9,9104,264.1,342.0,16,1,144
2104.5,1731.9,10768,388.9,12.0,17,1,169
2090.5,2079.4,3856,184.4,18.0,17,1,156
2120.4,2114.0,7824,244.0,30.0,17,1,143
1725.4,1811.9,1360,147.0,36.0,17,1,150
2118.7,2301.9,6800,225.7,36.0,17,1,144
2019.4,2164.2,4240,144.5,42.0,17,1,138
1686.1,1852.1,1808,161.2,54.0,17,1,163
2093.7,2240.5,3984,256.8,54.0,17,1,140
2068.0,2262.8,5712,177.6,54.0,17,1,146
1921.0,2030.7,9232,200.8,54.0,17,1,144
1980.7,2208.8,4624,177.7,60.0,17,1,114
1899.0,2036.5,8592,215.9,60.0,17,1,154
1937.5,2074.5,9296,179.8,60.0,17,1,170
1851.2,2144.0,2640,164.1,72.0,17,1,135
1998.3,2135.6,7696,141.9,72.0,17,1,124
1812.9,2055.7,9424,143.1,72.0,17,1,127
1627.9,1857.6,1936,128.0,78.0,17,1,146
1629.8,1845.5,2000,121.0,78.0,17,1,148
1999.3,2261.9,6032,134.4,78.0,17,1,132
1975.1,2303.4,7120,174.0,78.0,17,1,140
2000.7,2292.7,7248,167.6,78.0,17,1,147
1703.9,2107.5,9936,242.7,78.0,17,1,146
1928.9,2228.9,4240,162.3,84.0,17,1,141
2001.7,2251.1,5200,177.4,84.0,17,1,134
1862.8,2063.9,9296,145.9,84.0,17,1,160
1624.6,1911.0,1488,174.4,90.0,17,1,152
1981.7,2243.7,5840,121.2,90.0,17,1,168
1966.6,2255.8,6224,121.3,96.0,17,1,133
1709.8,2104.9,9616,216.6,96.0,17,1,157
1575.8,1863.1,2000,139.0,102.0,17,1,129
1932.7,2264.5,5712,148.7,102.0,17,1,186
1904.5,2279.2,7184,146.9,102.0,17,1,138
1924.3,2142.3,7696,144.9,102.0,17,1,132
1863.1,2020.9,8272,141.3,102.0,17,1,148
1804.0,1988.4,8464,123.3,102.0,17,1,144
1692.8,2075.8,9616,190.5,102.0,17,1,151
1615.2,1931.9,10512,167.1,102.0,17,1,153
1794.1,1825.4,10832,299.9,102.0,17,1,164
1903.5,2203.2,4944,166.2,108.0,17,1,169
1933.6,2286.5,6416,136.3,108.0,17,1,155
1905.4,2315.8,6736,149.0,108.0,17,1,148
1918.2,2275.5,7248,154.2,108.0,17,1,149
1874.0,2272.8,7184,150.3,114.0,17,1,129
1582.6,2029.2,9936,174.1,114.0,17,1,148
1790.7,2244.4,4496,244.9,120.0,17,1,108
1656.2,2118.5,9360,244.8,120.0,17,1,158
1836.5,2154.1,4304,141.9,126.0,17,1,102
1884.4,2177.7,7504,147.0,126.0,17,1,145
1696.5,2204.9,3088,218.2,132.0,17,1,103
1745.4,2233.1,4432,254.5,132.0,17,1,132
1335.2,2216.8,912,160.2,138.0,17,1,152
1853.9,2248.8,6992,172.7,150.0,17,1,164
1732.0,2115.7,4368,220.5,156.0,17,1,186
1794.2,2081.0,3984,156.2,162.0,17,1,138
1593.4,2148.6,4752,341.9,162.0,17,1,108
1704.3,2107.7,4048,261.0,168.0,17,1,128
1542.3,1922.0,8848,196.1,168.0,17,1,103
1397.4,1895.3,10000,215.8,168.0,17,1,155
1744.4,2049.9,4240,168.5,186.0,17,1,139
1316.8,1736.1,1232,275.8,198.0,17,1,124
1395.6,1707.0,1296,211.6,198.0,17,1,132
1769.6,1866.9,8144,127.6,198.0,17,1,137
1567.5,1879.7,2704,274.3,204.0,17,2,181
1516.2,1888.6,3280,360.6,204.0,17,1,159
1681.6,1981.7,5648,330.4,204.0,17,1,124
1386.5,1598.5,1360,254.1,210.0,17,1,155
1712.5,1904.3,5008,289.8,210.0,17,1,168
1593.6,1809.3,9616,160.3,210.0,17,1,201
1377.8,1743.1,1168,207.3,216.0,17,1,134
1439.3,1719.7,1232,172.9,216.0,17,1,139
1457.2,1591.1,1360,200.8,222.0,17,1,128
1640.2,1850.3,3280,276.5,222.0,17,1,126
1396.7,1626.1,10128,305.7,222.0,17,1,118
1681.2,1733.1,9232,181.9,228.0,17,1,154
1767.8,1782.9,8016,190.1,234.0,17,1,144
1760.6,1724.6,8336,172.1,234.0,17,1,158
1899.9,1973.1,5584,157.3,240.0,17,1,131
1911.2,2000.4,5840,140.9,240.0,17,1,131
1919.5,1994.7,6160,147.7,240.0,17,1,130
1864.3,1844.4,7696,180.3,240.0,17,1,138
1768.8,1741.0,8400,150.5,240.0,17,1,105
1879.8,1874.1,3728,157.9,246.0,17,1,144
1928.5,2003.0,5840,130.8,246.0,17,1,140
1819.0,1789.7,7824,221.6,246.0,17,1,152
1923.3,1938.2,5328,159.4,252.0,17,1,119
1769.9,1620.0,9104,235.7,258.0,17,1,161
1921.5,2030.6,6800,139.3,264.0,17,1,111
1955.9,1954.0,7376,136.5,264.0,17,1,146
1603.4,1635.0,10128,196.8,264.0,17,1,182
1908.0,1103.0,10960,147.3,264.0,17,1,153
1605.7,1740.0,2256,141.0,270.0,17,1,219
1892.5,1709.2,8272,173.5,270.0,17,1,150
1565.7,1560.8,1744,143.4,276.0,17,1,144
1890.1,1730.5,2832,261.6,282.0,17,1,157
1982.3,1957.3,5968,179.7,282.0,17,1,126
1996.4,2012.6,6032,120.5,282.0,17,1,132
1638.1,1706.6,2128,157.7,288.0,17,1,157
1948.0,1720.5,3280,331.0,288.0,17,1,147
2003.1,1997.6,5712,127.7,288.0,17,1,141
2024.9,2016.9,6544,166.1,288.0,17,1,103
1716.5,1530.3,1488,225.9,294.0,17,1,158
1995.6,1864.3,4432,196.7,294.0,17,1,149
1956.7,1763.5,8016,189.7,294.0,17,1,151
1666.2,1723.5,2128,153.8,300.0,17,1,159
1931.2,1815.1,2768,200.8,300.0,17,1,135
2060.3,1783.8,3792,272.0,300.0,17,1,150
2012.8,2032.0,7056,134.7,300.0,17,1,140
2036.7,1959.5,7184,203.2,300.0,17,1,163
2046.5,1971.8,7312,158.6,300.0,17,1,131
2021.1,1727.2,8144,221.4,306.0,17,1,135
1765.8,1641.3,10320,188.4,306.0,17,1,150
2055.3,1103.1,10960,197.1,312.0,17,1,159
1832.4,1524.4,1936,310.9,318.0,17,1,161
2124.0,1839.6,3792,268.7,318.0,17,1,109
2149.4,995.2,11024,194.6,318.0,17,2,168
1866.3,1769.6,9744,241.7,330.0,17,1,144
1702.4,2028.9,912,260.9,342.0,17,3,108
2074.4,1767.5,9104,268.7,342.0,17,2,166
2207.9,2184.5,4368,316.8,30.0,18,1,131
2149.8,1701.4,10832,338.7,30.0,18,1,142
2105.3,2160.7,3856,235.1,36.0,18,1,115
2031.7,2154.5,4240,148.0,36.0,18,1,156
1862.0,1959.4,10512,285.3,42.0,18,1,175
2086.2,2178.9,3920,205.9,48.0,18,1,178
1691.2,1855.3,1872,153.3,54.0,18,1,158
1948.4,2170.7,2704,221.8,54.0,18,1,129
1962.7,2085.9,8592,292.1,54.0,18,1,136
1982.9,2212.6,4624,182.0,60.0,18,2,126
1860.7,2036.8,8656,191.4,66.0,18,1,146
1759.0,2046.7,9808,208.5,66.0,18,1,130
1640.5,1853.0,1936,126.7,72.0,18,1,130
1627.9,2018.7,2192,149.9,72.0,18,1,104
1998.8,2234.1,3536,226.3,72.0,18,1,124
1875.6,2092.0,9232,235.2,72.0,18,1,165
1715.4,2060.9,9936,200.6,72.0,18,1,143
1528.8,2207.5,976,161.2,78.0,18,1,137
1994.4,2275.6,3984,248.3,78.0,18,1,148
1970.3,2242.1,4816,207.3,78.0,18,1,144
1965.3,2305.4,6928,161.5,78.0,18,1,139
1895.7,2023.4,8336,163.1,78.0,18,1,125
1687.4,1945.9,10320,155.6,78.0,18,1,166
1992.1,2279.1,5392,184.1,84.0,18,1,144
1993.8,2254.4,5584,145.8,84.0,18,1,132
1604.7,1881.8,2000,154.6,90.0,18,1,154
1945.0,2279.8,5968,146.7,90.0,18,1,128
1977.8,2230.2,7440,161.3,90.0,18,1,120
1655.0,1947.8,10320,154.1,90.0,18,1,176
1681.9,1959.5,10384,188.8,90.0,18,1,162
1572.4,1901.8,1552,186.8,96.0,18,1,171
1808.9,2240.8,3216,216.2,96.0,18,1,154
1929.9,2276.5,5968,144.1,96.0,18,1,145
1954.6,2355.0,6544,181.1,96.0,18,1,169
1801.7,2014.2,9104,164.6,96.0,18,1,162
1633.1,2081.2,9872,203.0,96.0,18,1,157
1599.5,2063.5,10128,234.1,96.0,18,1,147
1574.7,1868.2,2000,144.2,102.0,18,1,139
1845.9,2191.6,7888,209.0,102.0,18,1,152
1448.2,2151.3,1104,255.3,108.0,18,1,182
1762.5,2238.0,3216,223.2,108.0,18,1,130
1734.3,2011.3,8656,157.0,108.0,18,1,166
1915.9,2255.1,6032,136.4,114.0,18,1,134
1879.4,2296.8,7056,162.2,114.0,18,1,144
1903.8,2228.0,5456,144.6,120.0,18,1,149
1861.2,2341.6,6864,194.8,120.0,18,1,150
1858.8,2281.2,6352,170.5,126.0,18,1,134
1685.5,1998.6,9104,199.3,132.0,18,1,125
1648.7,2052.9,9424,179.3,132.0,18,1,159
1530.7,2030.7,9744,188.6,132.0,18,1,155
1365.2,1870.5,1744,249.6,138.0,18,1,128
1827.4,2261.8,6352,177.2,138.0,18,1,149
1500.9,1819.7,10640,179.5,156.0,18,1,146
1445.7,1977.3,9360,340.3,168.0,18,1,132
1180.4,1725.5,1360,426.1,180.0,18,1,152
1379.4,1866.8,9552,340.4,186.0,18,1,158
1770.6,1968.1,3920,187.0,198.0,18,1,135
1751.0,2015.2,4240,169.3,198.0,18,1,157
1763.5,1864.9,8144,134.0,198.0,18,1,115
1563.4,1877.9,2704,278.7,204.0,18,1,215
1807.8,2056.3,6288,166.0,210.0,18,3,138
1589.7,1807.0,9616,164.8,210.0,18,2,199
1364.9,1733.7,1168,223.2,216.0,18,1,165
1435.6,1717.1,1232,177.4,216.0,18,1,191
1817.7,1973.9,5264,186.7,216.0,18,1,128
1458.2,1601.8,1808,179.1,222.0,18,1,144
1635.8,1846.3,3280,282.5,222.0,18,2,134
1712.9,1924.4,6288,321.2,222.0,18,1,135
1775.2,1991.6,7184,215.1,222.0,18,1,143
1510.0,1749.3,2256,162.8,234.0,18,1,156
1654.2,1736.6,2832,308.8,234.0,18,1,128
1805.5,1921.0,4240,181.1,234.0,18,1,131
1879.8,1973.4,5584,168.0,234.0,18,1,119
1889.7,2011.9,6224,152.4,234.0,18,1,134
1828.9,1989.4,7184,180.6,234.0,18,1,146
1511.4,1557.9,1616,160.0,240.0,18,1,115
1839.7,1836.7,7760,182.6,240.0,18,1,142
1551.6,1729.5,2320,175.2,246.0,18,1,166
1789.1,1782.5,3024,248.9,252.0,18,1,136
1842.8,1802.0,4304,249.5,252.0,18,1,158
1910.1,1992.6,6352,158.4,252.0,18,1,133
1589.9,1573.3,1488,167.0,258.0,18,1,145
1774.7,1699.3,2832,293.5,258.0,18,1,150
1927.4,2026.6,6864,149.6,258.0,18,1,159
1912.8,2010.3,7120,125.7,258.0,18,1,116
1940.2,1948.5,7376,144.3,258.0,18,1,142
1943.0,1905.0,7440,167.6,258.0,18,1,188
1714.4,1720.2,8720,162.7,258.0,18,1,104
1668.8,1671.7,9552,235.9,258.0,18,1,103
1591.0,1741.4,2256,140.4,264.0,18,1,216
1901.7,1760.3,3536,260.1,264.0,18,1,141
1965.9,1949.6,5648,167.4,264.0,18,1,139
1955.3,1948.3,7376,142.2,264.0,18,1,125
1945.4,2015.2,7056,133.4,270.0,18,1,140
1638.9,1736.9,2320,153.5,276.0,18,1,167
1886.6,1775.1,3344,261.7,276.0,18,1,110
1985.0,1932.2,5520,179.7,276.0,18,1,136
1950.8,2028.3,6800,141.6,276.0,18,1,148
1992.8,1925.9,7440,143.9,276.0,18,1,133
2009.4,1708.4,3664,337.2,282.0,18,1,160
1979.0,1929.1,7184,211.1,282.0,18,1,147
1880.6,1628.2,8464,244.9,282.0,18,1,169
1922.5,1706.6,2768,296.9,288.0,18,1,103
1951.7,1709.0,3280,343.1,288.0,18,1,159
2004.9,1992.1,5712,133.5,288.0,18,2,149
1733.7,1654.3,9744,248.3,288.0,18,1,170
2002.8,1075.4,10896,375.8,288.0,18,1,179
1717.9,1527.1,1488,229.3,294.0,18,1,155
2053.5,1987.7,6160,147.7,294.0,18,1,118
1714.2,1537.8,1424,209.8,300.0,18,1,136
2015.0,2028.1,7056,139.1,300.0,18,1,135
2122.1,1883.5,5200,236.3,306.0,18,1,150
2024.1,1723.0,8144,226.6,306.0,18,2,151
2111.6,1832.3,3728,250.4,312.0,18,1,161
2156.0,989.3,11024,203.4,318.0,18,1,149
2098.4,1935.7,4624,238.5,330.0,18,1,145
2362.6,862.6,11088,305.2,330.0,18,1,163
1975.3,1539.2,10768,275.0,336.0,18,1,168
2078.7,1766.1,9104,273.2,342.0,18,2,151
2155.9,2146.0,4560,293.3,18.0,19,1,124
1924.7,2045.1,9744,309.2,30.0,19,1,164
1802.8,2001.1,1296,307.8,48.0,19,1,156
1703.9,1846.4,1936,153.3,48.0,19,1,166
1808.4,1964.1,10320,229.2,48.0,19,1,148
1685.5,1884.8,1808,188.4,60.0,19,1,157
1985.1,2216.3,4624,186.3,60.0,19,1,112
1948.8,2036.3,8144,142.3,66.0,19,1,128
1807.5,1838.2,10768,204.9,66.0,19,1,172
1708.0,1956.9,10320,171.6,72.0,19,1,164
1979.2,2297.3,5904,170.7,78.0,19,1,146
2019.7,2280.8,6096,147.2,78.0,19,1,133
1769.9,2044.8,8784,184.4,78.0,19,1,173
1575.5,2151.0,1168,287.7,84.0,19,1,159
1879.7,2230.5,3344,196.2,84.0,19,1,147
1990.8,2285.3,7376,196.7,84.0,19,1,130
1836.1,2027.5,9168,170.2,84.0,19,1,141
1635.0,2102.8,10000,253.7,84.0,19,1,118
1963.5,2265.3,5008,216.1,90.0,19,1,150
1969.0,2193.8,7632,162.8,90.0,19,1,152
1829.7,2032.3,8464,164.6,90.0,19,1,154
1572.0,2021.0,2128,165.2,96.0,19,1,165
1948.2,2296.8,7248,168.9,96.0,19,1,160
1625.4,1948.1,10704,205.2,96.0,19,1,169
1920.4,2285.8,6288,149.8,102.0,19,1,144
1912.4,2233.9,5072,185.9,108.0,19,1,146
1910.4,2265.9,6288,133.2,108.0,19,1,138
1516.8,2115.9,10064,287.9,108.0,19,1,154
1886.6,2277.5,7376,205.6,114.0,19,1,154
1863.5,2146.4,7760,165.9,114.0,19,1,118
1816.0,2020.9,8208,134.1,114.0,19,1,144
1737.7,2296.5,4560,278.5,120.0,19,1,132
1842.6,2331.0,6800,186.9,120.0,19,1,147
1888.4,2276.9,6416,148.4,126.0,19,1,148
1847.1,2283.9,7056,167.2,126.0,19,1,146
1657.4,2111.1,2576,180.7,132.0,19,1,134
1795.7,2012.1,8144,142.3,132.0,19,1,122
1734.6,2193.0,4496,240.1,138.0,19,1,135
1785.1,2126.2,7760,196.3,138.0,19,1,146
1677.5,2001.4,8144,233.7,156.0,19,1,139
1582.2,2060.2,2896,268.5,168.0,19,1,134
1420.6,1882.8,9808,254.9,174.0,19,1,148
1362.1,1796.7,10192,316.7,186.0,19,1,148
1515.1,1923.0,3216,332.7,198.0,19,1,161
1676.7,1907.3,2896,194.1,210.0,19,1,159
1804.2,2054.2,6288,170.1,210.0,19,2,137
1585.7,1804.7,9616,169.4,210.0,19,2,198
1777.8,1920.8,3664,199.7,216.0,19,1,128
1812.7,1970.3,5264,192.8,216.0,19,1,149
1631.3,1842.3,3280,288.5,222.0,19,1,162
1749.8,1863.5,4112,264.0,222.0,19,1,140
1769.9,1986.8,7184,222.2,222.0,19,1,146
1500.7,1598.9,1424,162.3,228.0,19,1,160
1508.5,1576.8,1488,197.5,234.0,19,1,153
1490.9,1576.9,1552,171.9,234.0,19,1,119
1476.9,1538.7,1616,194.9,234.0,19,1,182
1495.5,1589.8,1808,163.0,234.0,19,1,148
1806.4,1855.3,3664,226.0,234.0,19,1,111
1802.6,1917.0,4240,186.0,234.0,19,1,129
1872.6,1963.5,5584,180.3,234.0,19,1,117
1723.2,1690.0,3856,383.9,240.0,19,1,112
1780.0,1741.8,8208,180.9,240.0,19,1,156
1512.7,1540.1,1680,171.2,246.0,19,1,175
1511.0,1717.7,2192,173.4,246.0,19,1,142
1864.8,1840.5,4048,233.2,246.0,19,1,113
1507.4,1570.0,1744,140.3,252.0,19,1,151
1558.3,1584.5,2000,149.9,252.0,19,1,158
1761.9,1794.4,3088,261.1,252.0,19,1,149
1930.8,1954.0,5648,170.4,252.0,19,1,141
1670.8,1677.4,8784,196.7,252.0,19,1,125
1937.6,1925.6,5328,167.8,258.0,19,1,167
1959.1,1961.3,6160,164.9,258.0,19,1,125
1715.9,1663.1,8912,178.1,258.0,19,1,128
1965.4,1944.9,5648,172.1,264.0,19,1,136
1620.3,1741.5,2256,140.2,276.0,19,1,172
1959.3,2016.8,7056,132.6,276.0,19,1,142
1993.6,1918.5,7440,151.3,276.0,19,1,123
2006.7,2004.8,5840,120.3,282.0,19,1,149
2018.7,1997.6,6096,142.3,282.0,19,1,160
2044.1,1738.1,4112,317.6,288.0,19,1,135
2006.7,1986.5,5712,139.3,288.0,19,1,148
1819.2,1622.3,9616,280.9,288.0,19,1,169
2036.2,2000.1,5840,134.0,294.0,19,1,142
2048.4,1861.3,4432,225.8,306.0,19,1,142
2028.3,1880.1,4688,224.0,306.0,19,1,126
2027.2,1718.8,8144,231.8,306.0,19,1,102
1742.6,1553.8,1808,226.0,312.0,19,1,170
1883.1,1569.8,1936,325.3,330.0,19,1,148
2367.2,859.9,11088,310.5,330.0,19,2,144
2097.1,1944.0,3536,184.2,336.0,19,1,123
2171.3,2078.3,6864,232.8,336.0,19,1,137
1913.3,1843.6,1040,429.4,342.0,19,1,146
2083.0,1764.7,9104,277.7,342.0,19,1,100
2145.2,1982.7,3600,217.6,348.0,19,1,152
2159.4,1199.4,10960,241.3,348.0,19,1,134
2135.2,2170.3,4176,239.0,30.0,20,1,116
1876.9,2024.9,8656,188.2,60.0,20,1,132
2045.7,2308.1,7248,196.3,66.0,20,1,144
1942.0,2059.1,8208,175.8,66.0,20,1,140
1668.3,2136.4,10064,300.9,78.0,20,1,160
1513.2,2219.8,976,170.9,84.0,20,1,138
1632.5,2111.7,1296,341.2,84.0,20,1,154
1986.2,2265.7,5008,217.7,84.0,20,1,144
1982.9,2302.3,5712,184.3,84.0,20,1,151
1647.7,2004.7,10448,204.2,84.0,20,1,157
1818.3,2030.5,9168,172.3,90.0,20,1,131
1915.1,2334.0,4112,295.5,96.0,20,1,201
1881.6,2356.3,4240,290.5,96.0,20,1,127
1902.0,2306.8,7120,177.4,102.0,20,1,154
1532.8,1997.8,2064,173.3,108.0,20,1,134
1837.3,2052.5,8272,178.6,108.0,20,1,149
1922.9,2285.5,6096,162.8,114.0,20,1,140
1574.7,2114.6,2384,233.2,120.0,20,1,137
1898.7,2293.4,6096,180.8,120.0,20,1,129
1867.0,2302.7,6352,184.1,120.0,20,1,140
1666.7,2060.1,9488,184.4,120.0,20,1,160
1804.4,2315.3,7184,222.3,126.0,20,1,139
1616.0,2049.7,9616,198.1,126.0,20,1,129
1559.0,2025.3,9744,166.6,126.0,20,1,149
1481.4,1793.4,1424,147.8,150.0,20,1,169
1621.0,2211.4,4624,312.8,150.0,20,1,154
1742.9,1991.8,8144,171.0,150.0,20,1,140
1587.1,1984.3,9104,267.6,150.0,20,1,135
1821.0,1231.5,11024,212.3,150.0,20,1,148
1752.5,1861.3,8144,145.6,198.0,20,1,111
1766.5,2037.7,6096,243.6,204.0,20,1,118
1800.7,2052.1,6288,174.3,210.0,20,1,136
1581.7,1802.5,9616,174.0,210.0,20,1,196
1795.1,2028.7,7120,177.7,216.0,20,1,128
1461.1,1577.0,1808,194.6,228.0,20,1,128
1441.2,1498.1,1360,281.1,234.0,20,1,160
1532.3,1518.0,10320,301.8,246.0,20,1,156
1936.6,1920.6,5328,173.0,258.0,20,1,181
1581.6,1706.9,2192,169.2,270.0,20,1,162
1919.9,1765.3,4304,274.0,270.0,20,1,120
1655.0,1578.4,10320,215.3,270.0,20,1,161
1925.7,1738.3,3024,287.1,282.0,20,1,120
1992.8,1746.6,4176,311.0,282.0,20,1,130
1888.5,1605.0,9232,276.8,288.0,20,1,157
2062.4,1878.9,7440,208.0,294.0,20,1,163
2093.7,1771.2,3984,302.0,300.0,20,1,124
2106.8,1845.6,7440,257.9,300.0,20,1,137
2015.2,1820.7,3344,265.3,306.0,20,1,110
1748.0,1741.4,2128,196.1,324.0,20,1,146
2168.3,1868.8,3984,278.9,324.0,20,1,128
2125.3,1911.9,4560,286.7,330.0,20,1,141
2371.8,857.3,11088,315.8,330.0,20,1,172
1885.9,1922.9,976,410.7,342.0,20,1,106
2366.8,1202.3,11024,370.1,12.0,21,1,160
2083.3,1978.7,8784,369.8,18.0,21,1,142
2138.5,2172.2,4176,242.9,30.0,21,1,139
2058.8,2066.5,9104,322.9,42.0,21,1,143
1618.7,2292.2,912,245.7,48.0,21,1,164
1991.9,2228.1,4624,199.9,60.0,21,1,134
1911.5,2221.1,3152,212.4,72.0,21,1,149
1796.2,2085.7,9616,206.3,72.0,21,1,168
2018.7,2282.3,5648,169.9,78.0,21,1,139
2022.4,2278.6,7440,214.3,78.0,21,1,138
1786.2,2126.5,8848,250.8,78.0,21,1,131
1983.7,2278.0,5520,168.0,84.0,21,1,135
1890.9,2092.9,8208,195.6,84.0,21,1,156
1679.8,2121.4,9936,252.6,84.0,21,1,141
1859.2,2241.6,3344,206.2,90.0,21,1,150
1954.8,2233.3,4944,188.1,90.0,21,1,130
2003.5,2340.9,6992,178.4,90.0,21,1,137
1969.0,2206.3,7632,175.3,90.0,21,1,152
1806.0,2043.1,9040,229.2,90.0,21,1,154
1608.5,2147.9,10000,297.4,90.0,21,1,147
1591.4,2188.5,2320,300.6,96.0,21,1,140
1811.2,2276.7,3024,263.3,102.0,21,1,114
1919.7,2164.0,7696,167.0,102.0,21,1,152
1406.3,2257.1,912,155.1,108.0,21,1,146
1531.7,2108.6,2256,239.3,108.0,21,1,131
1680.0,2089.2,8720,220.7,108.0,21,1,156
1595.9,2097.1,9808,253.3,108.0,21,1,144
1802.7,2087.3,8080,186.4,114.0,21,1,161
1860.2,2280.0,5968,169.6,120.0,21,1,150
1776.8,2060.7,8208,187.4,120.0,21,1,114
1400.0,2043.3,1296,334.9,126.0,21,1,145
1826.4,2296.3,5968,201.7,126.0,21,1,150
1698.6,1961.8,9040,182.8,126.0,21,1,160
1773.2,2204.4,4752,217.2,132.0,21,1,135
1861.4,2256.2,5840,179.9,132.0,21,1,134
1772.1,2233.6,7376,244.8,144.0,21,1,152
1476.9,1796.0,1424,152.9,150.0,21,1,151
1747.5,1859.7,8144,150.8,198.0,21,1,126
1778.4,1898.0,3728,204.7,216.0,21,1,150
1628.6,1819.9,4688,360.8,222.0,21,1,163
1862.6,1860.0,5136,242.5,240.0,21,1,144
1701.8,1695.0,8592,178.5,240.0,21,1,146
1675.7,1728.3,9360,205.8,240.0,21,1,157
1532.3,1660.4,9936,242.2,240.0,21,1,139
1675.4,1663.1,8912,190.6,246.0,21,1,130
1601.9,1539.9,10576,208.2,252.0,21,1,178
1929.8,1952.0,5776,174.2,258.0,21,1,118
1957.9,1823.0,5136,248.4,264.0,21,1,106
1792.3,1610.6,9168,248.9,264.0,21,1,158
1631.5,1661.6,9936,209.7,264.0,21,1,167
1596.8,1455.8,1296,316.5,270.0,21,1,150
1747.8,1610.7,8976,227.1,270.0,21,1,146
2012.3,1942.4,6160,181.2,276.0,21,1,136
1958.0,1917.3,7184,219.4,276.0,21,1,128
1643.8,1472.0,1552,249.4,282.0,21,1,156
2020.4,1868.4,7440,205.0,282.0,21,1,150
1934.2,1702.8,8144,208.1,282.0,21,1,132
1721.8,1631.9,9808,229.3,282.0,21,1,156
2118.0,1627.8,3728,427.5,294.0,21,1,113
2039.6,1858.1,4496,215.3,306.0,21,1,158
1793.5,1553.7,1424,247.9,318.0,21,1,148
2073.5,1888.7,3536,194.7,318.0,21,1,126
2227.5,1828.8,3664,356.2,324.0,21,1,130
2117.7,1823.6,2832,325.6,330.0,21,1,141
1894.4,1648.9,1488,283.7,342.0,21,1,154
2121.4,1475.8,10832,270.9,348.0,21,1,137
2147.7,2142.9,4688,263.9,18.0,22,1,154
2015.5,2102.4,2448,319.1,30.0,22,1,122
2234.8,2206.9,4112,333.5,30.0,22,1,155
2104.4,2040.2,8912,405.9,30.0,22,1,151
2162.5,2258.1,5264,260.7,42.0,22,1,132
1863.1,2076.1,9744,277.4,42.0,22,1,141
2093.4,2264.1,5456,199.5,54.0,22,1,138
2041.0,2290.7,5776,184.3,66.0,22,1,136
1586.4,2056.6,2064,223.7,90.0,22,1,157
1717.9,2155.1,9552,252.7,90.0,22,1,161
1925.0,2307.7,5904,178.3,96.0,22,1,151
1972.8,2291.8,6096,155.9,96.0,22,1,144
1963.6,2284.4,6224,150.1,96.0,22,1,119
1769.0,2059.0,8592,210.7,96.0,22,1,153
1640.7,2175.5,10192,347.6,96.0,22,1,185
1921.3,2320.0,7376,235.4,102.0,22,1,137
1522.1,1985.2,1360,273.0,108.0,22,1,142
1815.2,2068.7,8208,179.1,108.0,22,1,116
1776.4,2031.7,8464,172.4,108.0,22,1,130
1624.0,2102.4,9680,219.4,108.0,22,1,144
1526.8,1902.1,2000,191.5,114.0,22,1,169
1917.2,2298.4,6096,176.9,114.0,22,1,124
1914.0,2301.0,6160,195.2,114.0,22,1,134
1853.0,2170.0,7760,191.7,114.0,22,1,151
1793.0,2186.1,7952,244.5,114.0,22,1,148
1746.2,1748.2,10896,345.3,114.0,22,1,177
1597.1,2188.9,2448,284.1,120.0,22,1,140
1742.7,2189.1,7888,249.5,126.0,22,1,135
1730.0,2028.4,8400,194.1,126.0,22,1,108
1627.0,2114.7,9104,326.5,126.0,22,1,146
1850.2,1297.0,11024,231.1,132.0,22,1,151
1811.8,2246.0,5840,210.1,144.0,22,1,195
1538.0,1958.9,8976,242.3,150.0,22,1,157
1300.3,1805.5,1488,331.6,168.0,22,1,100
1420.8,2032.1,2768,412.2,174.0,22,1,157
1290.8,1786.0,10640,376.2,174.0,22,1,188
1301.4,1792.1,1232,279.3,186.0,22,1,143
1723.6,1992.4,3664,220.5,192.0,22,1,132
1547.0,1886.1,3152,327.2,204.0,22,1,140
1662.0,1951.5,5328,339.9,204.0,22,1,145
1403.7,1586.3,10576,303.2,210.0,22,1,167
1772.8,1894.0,3728,211.7,216.0,22,1,122
1580.6,1799.8,3216,337.7,222.0,22,1,151
1474.5,1690.7,2192,214.1,240.0,22,1,141
1518.5,1546.5,1936,203.5,246.0,22,1,134
1503.4,1700.7,2192,192.1,246.0,22,1,144
1741.8,1670.5,8464,216.0,246.0,22,1,150
1926.4,1952.3,5840,178.9,252.0,22,1,113
1544.5,1518.5,1680,182.0,258.0,22,1,144
1770.6,1682.2,3280,361.0,258.0,22,1,141
1945.5,1952.3,5840,174.0,258.0,22,1,133
1709.0,1695.0,8720,188.5,258.0,22,1,135
1949.1,1870.3,5392,227.0,264.0,22,1,144
1818.0,1767.6,2704,223.6,270.0,22,1,160
1889.4,1693.2,7888,294.0,270.0,22,1,155
1747.8,1595.6,8976,242.2,270.0,22,1,172
1938.6,1789.3,4496,244.3,276.0,22,1,156
1958.8,1909.5,7184,227.2,276.0,22,1,121
1962.9,1063.7,10960,190.0,282.0,22,1,171
2045.5,1860.5,7440,219.2,288.0,22,1,142
1938.5,1638.9,9296,294.2,288.0,22,1,156
2076.6,1966.6,6224,194.6,300.0,22,1,142
2079.0,1825.8,4368,247.5,306.0,22,1,158
2078.3,1979.2,6352,202.8,306.0,22,1,148
2059.0,1885.5,3088,267.5,324.0,22,1,112
1854.5,1582.9,2000,288.5,330.0,22,1,125
2121.0,1821.7,2832,329.4,330.0,22,1,158
2239.7,1917.7,7440,302.4,330.0,22,1,126
2197.5,2037.4,2960,340.5,6.0,23,1,127
2131.8,2092.9,3856,227.9,18.0,23,1,179
2131.2,2138.7,4240,230.5,18.0,23,1,113
2207.1,2213.5,2896,418.3,30.0,23,1,140
2048.6,2190.5,4240,183.9,42.0,23,1,162
1917.8,2030.1,10256,302.6,42.0,23,1,125
2063.9,2300.9,5584,209.6,66.0,23,1,148
1921.5,2074.1,8464,225.8,66.0,23,1,152
1733.0,2127.9,10064,312.8,66.0,23,1,156
1662.1,1913.9,1616,228.7,72.0,23,1,129
1724.9,2090.1,9936,231.2,72.0,23,1,146
1904.6,2295.4,3152,282.4,78.0,23,1,226
1986.4,2328.0,5968,199.2,78.0,23,1,125
1849.7,2292.4,2704,302.8,84.0,23,1,143
1870.3,2306.6,3088,265.4,84.0,23,1,177
1768.2,2069.5,8720,191.2,84.0,23,1,141
1949.9,2387.1,6480,217.8,96.0,23,1,147
1568.0,1899.8,2000,176.5,102.0,23,1,148
1902.5,2291.4,4944,251.7,102.0,23,1,148
1870.9,2326.4,4048,287.0,108.0,23,1,146
1832.2,2391.8,6864,252.7,120.0,23,1,163
1693.7,1968.4,9040,191.1,126.0,23,1,130
1211.1,1677.7,1424,400.4,186.0,23,1,112
1411.7,1695.1,8848,372.2,210.0,23,1,149
1775.2,2014.2,7120,202.4,216.0,23,1,127
1798.6,1887.4,3728,195.7,222.0,23,1,138
1663.8,1649.1,3216,412.3,246.0,23,1,138
1854.7,1888.1,7184,260.1,252.0,23,1,132
1577.7,1555.8,10320,250.1,252.0,23,1,166
1879.6,1711.3,7824,282.3,264.0,23,1,151
1759.5,1743.4,2512,218.9,270.0,23,1,153
1685.7,1493.3,1232,344.9,288.0,23,1,102
1655.6,1467.8,1744,257.9,294.0,23,1,146
2067.5,1878.9,6288,285.1,294.0,23,1,130
1828.4,1560.4,1424,270.8,324.0,23,1,172
2063.1,1882.5,3088,272.6,324.0,23,2,155
1857.7,1581.1,2000,292.1,330.0,23,2,141
2211.3,2216.0,2896,423.2,30.0,24,1,139
1637.2,1897.6,1744,212.5,66.0,24,1,106
1926.7,2101.8,9168,266.7,66.0,24,1,121
1716.6,2093.1,10000,265.6,66.0,24,1,170
1780.3,2166.2,9680,286.5,72.0,24,1,158
1689.4,2099.4,10000,261.8,72.0,24,1,159
1871.0,2313.0,3088,271.8,84.0,24,1,152
1909.2,2219.0,8016,283.8,84.0,24,1,147
1892.7,2109.8,8208,212.6,84.0,24,1,149
1674.5,2001.8,10512,234.7,84.0,24,1,149
1792.1,2105.1,9104,256.0,96.0,24,1,138
1774.7,2137.0,9232,270.3,96.0,24,1,137
1661.8,2179.0,9680,286.9,96.0,24,1,152
1821.0,1869.3,10832,339.1,96.0,24,1,167
1804.9,2306.3,3024,293.6,102.0,24,1,124
1840.8,2363.7,4112,340.3,108.0,24,1,121
1898.1,2320.8,5712,212.1,108.0,24,1,155
1901.3,2321.4,5776,209.4,108.0,24,1,148
1815.2,2202.9,7824,230.8,114.0,24,1,192
1549.8,2016.0,8976,266.4,138.0,24,1,155
1229.1,1943.4,1360,435.7,150.0,24,1,131
1452.9,1809.8,1424,180.6,150.0,24,1,186
1304.8,1934.3,10128,335.6,162.0,24,1,149
1329.8,1710.3,1232,272.9,204.0,24,1,182
1739.6,2025.7,6096,273.1,204.0,24,1,118
1301.6,1548.3,1552,335.3,210.0,24,1,255
1549.6,1820.9,3216,348.5,216.0,24,1,149
1538.5,1763.3,2512,297.4,222.0,24,1,153
1609.4,1802.7,4688,386.5,222.0,24,1,116
1848.9,1973.5,6800,214.2,246.0,24,1,138
1771.8,1661.7,8336,221.2,246.0,24,1,183
1558.5,1594.2,9680,327.8,246.0,24,1,154
1516.3,1493.2,1680,213.8,252.0,24,1,125
1922.1,1864.5,5264,224.0,258.0,24,1,102
1566.2,1640.7,2064,193.3,264.0,24,1,152
1878.8,1704.2,7824,289.5,264.0,24,1,148
1706.7,1627.3,8784,238.4,264.0,24,1,153
1892.4,1726.6,7952,236.2,270.0,24,1,134
1635.7,1447.6,1360,279.4,276.0,24,1,115
2011.6,1922.9,6096,215.1,276.0,24,1,118
2019.4,1985.6,6864,196.9,288.0,24,1,131
1657.9,1462.6,1744,263.6,294.0,24,1,115
1762.5,1411.9,1744,360.4,306.0,24,1,182
1800.6,1593.3,10320,247.7,306.0,24,1,164
2109.8,1980.7,5904,223.6,318.0,24,1,150
2067.2,1879.5,3088,277.6,324.0,24,1,133
1860.8,1579.2,2000,295.8,330.0,24,2,146
2149.6,1964.7,8720,410.3,12.0,25,1,125
2142.4,2142.3,4240,242.3,18.0,25,1,119
1910.8,2066.2,2192,380.2,30.0,25,1,131
1926.4,2066.2,2256,370.3,30.0,25,1,135
2160.2,2220.1,3472,316.4,30.0,25,1,138
2039.0,2151.8,2704,273.2,36.0,25,1,123
2060.4,2201.2,4240,199.8,42.0,25,1,147
1990.6,2228.8,2704,293.6,54.0,25,1,151
2073.3,2250.4,4944,237.0,60.0,25,1,139
1718.4,2097.2,10000,270.2,66.0,25,1,124
2064.8,2342.6,6160,231.3,72.0,25,1,117
1756.1,2202.0,10192,380.5,78.0,25,1,158
1886.0,2452.0,4176,403.5,96.0,25,1,124
1910.8,2345.8,6928,199.4,96.0,25,1,132
1937.0,2286.8,5456,188.1,102.0,25,1,152
1632.1,2156.1,9424,273.1,120.0,25,1,124
1868.2,2304.8,6416,182.9,126.0,25,1,176
1797.3,2303.7,5712,248.5,132.0,25,1,140
1699.2,2262.3,4112,332.0,138.0,25,1,122
1457.9,2181.5,2512,372.8,144.0,25,1,154
1224.7,1946.0,1360,440.9,150.0,25,1,145
1675.9,2172.6,4240,258.4,156.0,25,1,145
1377.2,1795.0,1424,244.1,162.0,25,1,188
1291.0,1789.2,10192,388.2,186.0,25,1,166
1717.5,1903.9,3600,248.2,210.0,25,1,150
1620.4,1953.8,7184,363.4,210.0,25,1,154
1703.6,1795.8,4624,320.3,234.0,25,1,142
1536.7,1456.1,1552,265.7,258.0,25,1,144
2001.3,1845.1,7440,225.0,276.0,25,1,146
1749.3,1624.9,9808,243.2,288.0,25,1,166
1789.2,1409.1,1360,365.4,300.0,25,1,116
1747.9,1450.6,1808,313.1,300.0,25,1,143
2254.5,1737.9,3600,433.4,318.0,25,1,141
1952.4,1659.0,9680,350.7,318.0,25,1,156
1863.9,1577.4,2000,299.4,330.0,25,1,148
1927.0,1919.3,1296,361.4,24.0,26,1,145
1913.3,2067.6,2192,383.1,30.0,26,2,109
2150.4,2066.8,8912,459.0,30.0,26,1,149
2060.0,2181.5,2576,348.2,36.0,26,1,115
1801.7,1933.2,1424,287.5,48.0,26,1,155
1690.4,2083.7,2128,248.5,66.0,26,1,137
1757.2,2206.9,10192,385.5,78.0,26,1,154
1691.4,2183.8,2384,271.2,90.0,26,1,156
1844.8,2305.3,2896,300.9,90.0,26,1,153
1896.7,2482.0,4688,420.7,90.0,26,1,152
1657.3,1965.3,10768,321.3,102.0,26,1,151
1789.8,2369.1,4624,330.3,108.0,26,1,183
1802.3,2108.2,8208,220.6,108.0,26,1,105
1664.0,2192.7,9488,307.3,108.0,26,1,141
1860.6,2317.0,5904,204.3,114.0,26,1,163
1662.8,2319.6,2896,364.0,120.0,26,1,148
1534.5,2193.0,3792,426.7,156.0,26,1,139
1373.2,1796.2,1424,248.2,162.0,26,2,177
1351.8,1791.4,9744,320.9,198.0,26,1,150
1849.6,1920.7,5776,232.8,240.0,26,1,111
1689.7,1621.9,8592,249.2,246.0,26,1,179
1574.7,1632.8,9808,244.6,246.0,26,1,148
1483.4,1496.2,1744,217.9,252.0,26,1,144
1660.5,1700.6,2448,254.7,252.0,26,1,159
1892.8,1970.5,6864,212.9,252.0,26,1,145
1457.6,1581.4,1104,334.4,258.0,26,1,125
1897.7,1924.1,7056,229.5,258.0,26,1,140
2013.6,1904.0,6096,234.1,276.0,26,1,117
1987.0,1877.6,6352,267.1,276.0,26,1,129
1995.9,1820.8,7504,239.3,276.0,26,1,137
2006.4,1960.9,7056,197.4,288.0,26,1,150
1957.1,1698.1,8016,250.9,288.0,26,1,134
2010.8,1696.9,7952,291.0,294.0,26,1,143
1750.1,1446.7,1808,317.5,300.0,26,1,143
2123.7,1813.4,3216,361.2,324.0,26,1,146
1915.8,2069.1,2192,385.9,30.0,27,2,128
2063.9,2184.3,2576,353.0,36.0,27,1,150
2204.8,1502.8,10960,378.6,42.0,27,1,144
2015.2,2190.5,9104,392.6,60.0,27,1,107
2017.5,2450.2,6864,283.5,78.0,27,1,134
1601.1,1961.9,1872,230.6,90.0,27,1,170
1970.9,2442.7,6608,258.6,90.0,27,1,131
1691.8,2153.1,9680,259.5,90.0,27,1,141
1865.3,2221.1,7952,259.7,96.0,27,1,162
1898.6,2342.3,5904,216.7,102.0,27,1,171
1857.7,2373.6,7184,250.3,108.0,27,1,119
1476.4,2218.4,2320,360.0,114.0,27,1,140
1891.9,2292.0,5456,207.1,114.0,27,1,143
1837.4,2205.0,7760,230.0,114.0,27,1,126
1659.5,2325.3,2896,370.5,120.0,27,1,150
1861.9,2313.4,6416,193.5,126.0,27,1,153
1808.6,2307.3,6416,224.9,138.0,27,1,142
1426.3,1825.2,1424,211.4,150.0,27,1,160
1369.3,1797.5,1424,252.4,162.0,27,3,177
1317.6,1820.5,10640,355.1,168.0,27,1,142
1143.4,2086.8,976,353.8,174.0,27,1,150
1161.7,1805.8,8272,734.9,186.0,27,1,167
1550.4,1972.7,7056,432.5,204.0,27,1,158
1727.7,1742.4,7824,308.6,234.0,27,1,149
1479.6,1484.6,1744,230.1,252.0,27,1,156
1894.8,1694.5,3536,326.2,264.0,27,1,126
1943.8,1791.6,7632,240.7,264.0,27,1,136
1978.6,1810.9,5584,298.5,270.0,27,1,125
1892.5,1610.2,8272,272.5,270.0,27,1,138
1669.6,1436.5,1744,292.2,294.0,27,1,255
2095.7,1745.1,3600,326.7,300.0,27,1,145
1842.0,1569.4,10256,298.2,300.0,27,1,188
1798.0,1520.1,1232,372.4,306.0,27,1,199
2138.0,1011.2,10960,320.6,312.0,27,1,155
2128.7,1809.8,3216,367.4,324.0,27,1,110
2061.5,1706.9,9424,362.0,324.0,27,1,119
1972.4,1678.8,10064,401.4,336.0,27,1,170
1918.2,2070.5,2192,388.8,30.0,28,1,128
2241.1,2210.7,3856,376.4,30.0,28,1,112
2209.6,1507.2,10960,385.0,42.0,28,1,160
1981.0,2155.5,8848,369.1,48.0,28,1,145
1896.5,2298.3,2768,316.2,78.0,28,1,137
1578.5,1968.2,1744,266.2,84.0,28,1,158
1614.7,2102.7,2064,271.3,84.0,28,1,122
1912.3,2386.3,7120,254.5,96.0,28,1,136
1583.6,2080.6,10512,319.1,102.0,28,1,177
1498.8,2135.3,2128,293.0,108.0,28,1,170
1855.5,2328.3,5904,216.7,114.0,28,1,145
1536.6,2097.0,10384,357.2,114.0,28,1,168
1600.2,1784.2,2896,329.1,222.0,28,1,111
1831.1,1931.3,6224,252.0,234.0,28,1,120
1878.1,1765.5,7696,247.2,252.0,28,1,120
1960.3,1733.2,4624,329.0,282.0,28,1,123
2041.6,1889.8,6096,252.5,282.0,28,1,123
2052.0,1775.4,7632,268.8,288.0,28,1,126
2046.6,1754.4,3536,289.5,294.0,28,1,128
2030.2,1786.8,4432,281.6,294.0,28,1,174
2099.0,1739.3,3600,333.3,300.0,28,1,141
1801.2,1515.6,1232,377.9,306.0,28,1,147
2091.2,1749.5,2576,386.7,324.0,28,1,144
2151.5,2062.1,2704,341.0,12.0,29,1,140
1881.5,2201.2,8784,368.6,66.0,29,1,138
1660.4,2191.1,2128,341.8,78.0,29,1,154
1958.5,2273.9,7952,318.0,78.0,29,1,127
1815.7,1920.0,10832,390.1,96.0,29,1,158
1433.6,2339.9,976,296.6,102.0,29,1,146
1942.1,2363.6,6160,246.4,102.0,29,1,135
1777.7,2535.4,3664,522.8,108.0,29,1,148
1482.9,1940.2,1616,266.8,114.0,29,1,155
1685.4,2150.4,9104,328.3,114.0,29,1,138
1693.2,2139.1,9168,307.4,114.0,29,1,164
1590.7,2301.8,2576,375.3,120.0,29,1,140
1831.9,2323.9,5904,223.5,120.0,29,1,159
1361.4,1800.1,1424,260.7,162.0,29,3,179
1589.4,1806.0,2960,333.1,216.0,29,1,162
1335.2,1476.0,1488,389.4,222.0,29,1,146
1745.4,1649.7,8400,242.7,246.0,29,1,173
1564.6,1327.1,1360,400.6,264.0,29,1,153
1573.4,1466.8,1936,267.1,264.0,29,1,161
1961.6,1917.2,7120,217.2,276.0,29,1,143
1707.6,1538.1,9808,319.9,276.0,29,1,164
2084.5,1943.5,6736,266.2,300.0,29,1,131
1798.4,1597.5,2064,316.9,312.0,29,1,138
2231.2,1712.0,3920,422.4,312.0,29,1,110
2392.1,1823.3,3600,503.2,336.0,29,1,150
2039.9,2349.5,5776,238.9,72.0,30,1,141
1865.3,2183.3,8912,363.8,72.0,30,1,165
1956.7,2349.3,6224,215.3,96.0,30,1,133
1941.0,2369.1,6160,252.0,102.0,30,1,122
1917.9,2307.9,7504,254.7,102.0,30,1,159
1636.8,2305.1,2704,362.3,120.0,30,1,132
1754.0,2372.6,4112,383.9,120.0,30,1,126
1605.5,2084.2,8976,284.6,120.0,30,1,146
1432.6,1963.9,2000,292.7,126.0,30,1,135
1782.9,2350.8,5328,322.6,126.0,30,1,120
1591.8,2254.5,2768,357.2,132.0,30,1,169
1592.2,2403.2,4432,483.3,132.0,30,1,133
1793.9,1359.6,11024,315.2,132.0,30,1,129
1498.4,2209.1,3792,466.2,156.0,30,1,127
1357.4,1801.4,1424,264.9,162.0,30,2,182
1445.2,2089.3,2896,408.5,168.0,30,1,191
1606.3,2084.6,4176,323.7,174.0,30,1,142
1614.4,2098.7,4240,299.2,174.0,30,1,143
1207.8,1712.8,10064,418.4,198.0,30,1,148
1329.5,1470.9,1488,397.1,222.0,30,1,118
1420.2,1479.6,1552,292.2,234.0,30,1,158
1429.0,1492.6,1744,243.4,240.0,30,1,152
1837.9,1823.0,5200,290.6,240.0,30,1,142
1803.7,1705.9,4944,371.4,246.0,30,1,156
1537.4,1424.6,1232,399.0,264.0,30,1,158
1860.3,1614.5,8144,293.5,264.0,30,1,142
1806.4,1527.2,9296,393.7,264.0,30,1,177
1782.8,1570.8,8656,291.1,270.0,30,1,126
1688.8,1533.5,9936,338.5,276.0,30,1,156
1834.9,1475.2,10192,388.2,294.0,30,1,149
2101.5,1893.8,7248,271.4,300.0,30,1,116
1861.3,1400.1,10576,390.1,300.0,30,1,172
1976.4,2225.3,9616,415.2,54.0,31,1,160
2015.6,2225.0,8080,337.1,66.0,31,1,138
1942.1,2147.2,8144,246.2,78.0,31,1,145
1909.1,2328.6,7824,336.6,90.0,31,1,147
1956.2,2354.6,6224,220.7,96.0,31,1,118
1713.2,2212.2,8720,334.7,96.0,31,1,161
1885.3,2370.2,6352,238.6,108.0,31,1,139
1620.6,2113.8,8784,272.9,114.0,31,1,153
1461.5,2134.3,9936,326.5,126.0,31,1,130
1658.0,2161.9,8080,329.5,132.0,31,1,104
1495.5,2210.3,3792,469.4,156.0,31,2,141
1353.4,1802.7,1424,269.1,162.0,31,1,182
1441.9,2109.2,7952,473.7,162.0,31,1,125
1421.7,1855.1,3472,508.5,204.0,31,1,145
1542.4,1672.0,2448,334.8,234.0,31,1,142
1789.4,1808.7,5072,307.0,234.0,31,1,118
1855.9,1630.7,2704,362.6,276.0,31,1,162
1902.2,1497.6,3280,540.7,276.0,31,1,114
1954.4,1675.0,4432,371.1,276.0,31,1,127
1738.8,1396.5,10576,349.1,282.0,31,1,169
1700.2,1607.6,2128,272.7,294.0,31,1,157
2116.6,1742.0,7568,333.5,294.0,31,1,151
2043.4,1767.0,4560,332.9,300.0,31,1,156
2150.0,1795.7,6288,396.8,300.0,31,1,101
1998.5,1287.6,10640,567.5,306.0,31,1,167
2137.5,1743.1,2640,416.6,324.0,31,1,172
2225.3,1803.5,3536,366.5,324.0,31,1,129
2094.3,2290.9,8080,431.7,60.0,32,1,151
1656.3,1940.6,1744,259.6,66.0,32,1,155
1782.8,2207.8,8720,330.3,84.0,32,1,148
1606.5,2068.6,1360,343.1,90.0,32,1,146
1866.0,2417.1,3024,397.9,90.0,32,1,161
1614.7,2273.1,2384,368.5,102.0,32,1,140
1671.5,2172.3,8208,338.5,126.0,32,1,156
1533.1,2133.3,8976,365.4,126.0,32,1,130
1492.7,2211.6,3792,472.5,156.0,32,2,156
1293.2,1626.3,9744,449.6,216.0,32,1,129
1360.8,1450.4,1680,331.1,228.0,32,1,143
1812.5,1905.6,6224,283.8,234.0,32,1,110
1789.6,1742.9,7440,376.5,240.0,32,1,122
1828.8,1550.5,8336,315.1,264.0,32,1,154
1892.4,1660.3,7952,302.5,270.0,32,1,111
2014.3,1730.2,7568,318.2,276.0,32,1,122
1691.2,1511.3,9936,360.9,276.0,32,1,193
1903.0,1089.0,10832,445.5,276.0,32,1,151
1682.5,1375.3,1424,351.9,282.0,32,1,143
1997.0,1637.4,3408,425.8,288.0,32,1,133
1799.1,1422.0,1296,404.6,300.0,32,1,154
2090.0,1614.1,3088,494.9,300.0,32,1,144
2135.7,1864.2,6224,312.8,300.0,32,1,131
2101.2,2302.9,8080,445.5,60.0,33,1,167
2068.6,2425.3,7056,302.9,66.0,33,1,110
1593.1,2084.7,10640,345.5,102.0,33,1,160
1489.8,2212.9,3792,475.7,156.0,33,1,156
1578.9,1719.8,3856,452.4,222.0,33,1,131
1393.7,1480.1,1424,322.2,228.0,33,1,189
1684.2,1693.3,4688,425.0,240.0,33,1,128
1919.9,1673.2,4304,366.1,270.0,33,1,156
1978.4,1815.4,5968,319.6,276.0,33,1,137
1953.0,1537.4,9936,447.7,312.0,33,1,141
2191.1,2264.3,8080,467.2,48.0,34,1,154
1730.2,2091.4,1424,391.0,72.0,34,1,110
1693.7,2136.1,1360,419.7,78.0,34,1,164
1993.4,2399.4,6160,276.8,90.0,34,1,162
1664.9,2172.8,10640,426.1,90.0,34,1,150
1948.1,2359.2,7568,314.2,96.0,34,1,150
1911.7,2300.3,7632,275.3,102.0,34,1,145
1359.3,2255.1,2128,460.1,120.0,34,1,148
1796.8,2366.6,6352,276.0,126.0,34,1,146
1145.0,1959.4,10320,536.3,162.0,34,1,125
2618.5,1255.8,11024,627.3,12.0,35,1,123
2227.3,2421.9,4048,455.4,54.0,35,1,136
1962.7,2388.4,6096,252.9,96.0,35,1,157
1916.6,2349.6,7568,309.7,102.0,35,1,147
1530.3,2359.5,2512,458.5,120.0,35,1,154
1781.4,2354.9,6224,295.7,132.0,35,1,140
1376.1,1475.8,10256,473.4,228.0,35,1,166
1940.6,1823.5,6416,335.2,264.0,35,1,119
1891.0,1584.1,8144,322.2,270.0,35,1,173
1745.9,1363.4,10576,382.9,282.0,35,1,146
3067.8,1557.2,8976,1349.4,348.0,35,1,147
2640.8,1260.5,11024,650.1,12.0,36,2,144
1864.8,2296.9,9616,428.4,72.0,36,1,164
1634.1,2045.7,1872,316.2,84.0,36,1,167
1554.3,2331.5,10064,492.1,96.0,36,1,112
1846.3,2306.6,7632,301.7,114.0,36,1,155
1692.6,2395.1,4880,435.8,126.0,36,1,129
1511.1,2142.7,8720,354.3,132.0,36,1,148
1571.5,1763.1,3792,436.1,216.0,36,1,140
1562.1,1704.6,3856,475.0,222.0,36,1,170
1366.7,1465.4,10256,487.5,228.0,36,1,150
1502.1,1562.3,2256,335.1,252.0,36,1,179
1943.1,1885.0,6544,291.6,264.0,36,1,116
1882.7,861.7,10960,389.9,264.0,36,1,158
2019.9,1725.4,5200,351.2,276.0,36,1,134
1795.9,1404.1,9680,500.5,282.0,36,1,143
2663.1,1265.3,11024,673.0,12.0,37,1,146
2200.4,2274.6,8080,481.1,48.0,37,1,146
1865.4,2452.3,3408,409.9,90.0,37,1,144
1929.9,2415.5,6096,284.9,102.0,37,1,133
1852.5,2397.4,6032,292.1,114.0,37,1,154
1832.2,2389.9,6224,294.2,120.0,37,1,127
1564.2,1757.8,3792,445.1,216.0,37,1,146
1334.6,1406.0,1744,367.6,234.0,37,1,146
1860.9,1663.4,7952,301.1,264.0,37,1,145
1881.9,854.6,10960,397.1,264.0,37,2,164
1581.6,1532.9,2192,343.3,270.0,37,1,140
1875.1,1419.0,9424,511.8,282.0,37,1,128
2067.6,1724.1,4816,345.1,294.0,37,1,114
1787.6,1433.7,10064,447.0,294.0,37,1,129
1835.6,1480.9,10320,361.3,300.0,37,1,155
2137.0,1314.0,10576,633.5,318.0,37,1,146
3094.9,1551.4,8976,1377.2,348.0,37,1,132
2485.3,1665.8,10832,642.9,12.0,38,1,167
2171.1,2185.6,2768,393.1,30.0,38,1,148
1339.7,2347.3,1040,406.1,114.0,38,1,144
1721.5,1548.9,3664,535.6,246.0,38,1,136
1541.4,1353.6,10576,404.1,252.0,38,1,168
1752.3,1439.5,8400,441.5,258.0,38,1,140
1937.6,1837.0,6480,335.4,264.0,38,1,121
1881.2,847.4,10960,404.3,264.0,38,3,147
1967.3,1542.2,3024,487.6,282.0,38,1,160
1695.3,1477.3,10448,331.6,282.0,38,1,125
2039.1,1852.0,6800,333.5,288.0,38,1,144
2234.9,1417.6,10640,658.2,330.0,38,1,156
2488.8,1666.5,10832,646.5,12.0,39,1,144
1818.6,2232.3,1104,435.7,48.0,39,1,142
1635.5,2057.9,1936,327.2,84.0,39,1,142
1639.7,2060.5,2000,335.3,84.0,39,1,154
1316.2,1394.0,1424,438.1,228.0,39,1,132
1880.4,840.3,10960,411.5,264.0,39,2,160
2031.0,1621.5,5136,451.0,276.0,39,1,133
2390.3,1519.3,3600,684.4,312.0,39,1,146
1850.6,2180.6,8656,325.8,78.0,40,1,172
1965.8,2502.0,7248,373.3,90.0,40,1,139
1633.2,2205.6,8912,387.3,108.0,40,1,176
1464.2,1411.6,2000,345.4,246.0,40,1,150
1879.7,833.2,10960,418.7,264.0,40,1,149
2044.9,1552.0,3984,491.5,282.0,40,1,131
1875.5,1417.2,9424,513.7,282.0,40,1,128
2091.6,1479.2,3856,571.2,288.0,40,1,146
2139.2,2217.8,8528,500.9,48.0,41,1,149
2074.2,2313.4,9360,502.9,54.0,41,1,107
1867.5,2388.2,7824,398.3,96.0,41,1,128
1031.0,1951.1,976,474.7,192.0,41,1,115
1546.4,1688.2,4560,494.1,228.0,41,1,147
1718.5,1419.9,3152,612.7,258.0,41,1,160
1884.4,1241.9,10512,576.4,294.0,41,1,137
2118.2,1660.2,3472,463.9,300.0,41,1,123
1754.4,2221.3,1104,386.7,54.0,42,1,141
1974.2,2367.6,8080,460.6,78.0,42,1,158
1298.5,2252.8,10448,557.7,126.0,42,1,174
1008.0,1870.7,1040,508.0,192.0,42,1,144
1141.1,1626.3,1232,479.5,204.0,42,1,147
1716.2,1408.9,3152,623.8,258.0,42,1,118
1831.4,1526.1,8208,374.4,264.0,42,1,137
1915.6,1616.5,4432,427.5,270.0,42,1,167
1874.6,1421.5,9424,509.3,282.0,42,1,149
2400.4,1508.2,3600,699.4,312.0,42,1,132
2449.9,1698.8,2640,710.9,336.0,42,1,153
2608.7,1472.2,10960,720.5,18.0,43,1,156
1930.7,2269.2,10192,507.4,60.0,43,1,124
1925.5,2219.3,8528,393.0,72.0,43,1,174
1737.1,2200.7,8400,346.3,108.0,43,1,130
1834.5,2450.6,5648,366.1,114.0,43,1,152
1608.0,2447.0,3280,475.4,120.0,43,1,109
1813.8,2437.3,6416,323.8,120.0,43,1,118
1709.3,1744.5,7184,451.5,240.0,43,1,131
2268.6,1571.8,3728,552.1,306.0,43,1,136
2613.0,1473.6,10960,725.0,18.0,44,1,144
2141.5,2220.4,8528,504.4,48.0,44,1,149
2162.4,2592.2,4496,612.8,66.0,44,1,138
2135.9,2405.8,7632,410.3,66.0,44,1,136
2136.6,2598.2,4048,572.8,72.0,44,1,154
1996.1,2437.6,4944,394.6,84.0,44,1,141
1753.1,2476.1,6672,368.6,126.0,44,1,111
1280.9,2289.2,10064,552.7,126.0,44,1,148
1518.0,2317.4,8080,538.7,132.0,44,1,131
1665.0,1564.9,3600,534.7,240.0,44,1,138
1603.0,1394.0,8528,494.3,246.0,44,1,141
1684.8,1164.4,1488,575.4,276.0,44,1,143
2272.2,1424.0,8528,630.0,318.0,44,1,145
2242.7,2454.6,2256,857.2,42.0,45,2,140
1977.1,2381.0,8080,474.3,78.0,45,1,180
1790.5,2240.1,8464,374.4,96.0,45,1,140
1464.9,2107.3,1744,412.9,102.0,45,1,136
1005.8,2007.6,1232,602.8,162.0,45,1,122
1713.2,1394.6,3152,638.4,258.0,45,1,131
1758.9,1404.5,9488,496.0,270.0,45,1,136
2085.3,1593.2,5136,487.5,282.0,45,1,129
2249.3,2460.5,2256,866.1,42.0,46,3,138
2136.4,2214.7,8528,496.8,48.0,46,1,175
1987.0,2544.2,7056,397.8,84.0,46,1,128
1867.1,2438.3,5456,352.8,108.0,46,1,124
1555.6,2275.7,8528,496.7,120.0,46,1,153
1508.1,1474.8,2128,390.4,258.0,46,1,156
1713.9,1398.2,3152,634.8,258.0,46,1,131
2062.7,1491.0,4112,561.4,282.0,46,1,133
2047.1,1445.3,9232,488.4,300.0,46,1,157
2282.8,1414.4,8528,644.3,318.0,46,1,128
3001.2,1897.7,3152,1161.7,354.0,46,1,117
2255.9,2466.5,2256,874.9,42.0,47,3,151
2171.6,2612.9,4496,635.5,66.0,47,1,131
1848.8,2472.3,5520,379.9,108.0,47,1,150
1551.9,2282.2,8528,504.2,120.0,47,2,156
1157.5,2339.9,10064,669.9,132.0,47,1,144
1983.9,1582.1,5136,487.9,270.0,47,1,139
2009.3,1438.1,4112,605.4,276.0,47,1,158
2065.8,1342.2,3152,711.8,288.0,47,1,163
2329.9,1782.5,7312,488.1,318.0,47,1,134
2262.4,2472.4,2256,883.8,42.0,48,2,118
2224.6,2224.2,8528,566.0,42.0,48,1,176
1548.2,2288.6,8528,511.6,120.0,48,2,168
1253.6,1645.9,4048,815.3,210.0,48,1,148
1683.3,1679.9,5968,523.3,240.0,48,1,128
2069.6,1330.7,3152,723.9,288.0,48,1,138
2269.0,2478.3,2256,892.7,42.0,49,1,162
2212.1,2504.7,5328,479.1,60.0,49,1,110
1754.4,2317.8,8528,474.8,96.0,49,1,112
1816.0,2430.1,7824,447.8,102.0,49,1,143
1544.5,2295.1,8528,519.1,120.0,49,1,165
1601.0,1389.6,8528,499.0,246.0,49,1,132
1996.7,1590.6,4688,481.3,282.0,49,1,137
1919.1,1383.8,9168,484.9,282.0,49,1,153
2314.0,1428.7,9424,733.7,318.0,49,1,154
2015.9,2477.0,7632,448.5,84.0,50,1,115
1405.1,2420.1,9424,618.6,126.0,50,1,255
1924.0,1607.6,4560,450.2,276.0,50,1,135
2015.9,1738.9,6672,441.4,276.0,50,1,139
1991.7,1333.0,3152,701.5,282.0,50,1,149
2073.1,1319.9,3152,735.2,288.0,50,1,128
2163.4,2594.5,4496,615.3,66.0,51,1,138
1679.0,2098.2,1744,415.1,72.0,51,1,147
1818.2,2516.1,6160,430.8,114.0,51,1,113
1417.9,1502.4,8080,619.7,222.0,51,1,166
1605.7,1408.0,2256,473.0,270.0,51,1,153
2072.8,1320.7,3152,734.4,288.0,51,1,128
2323.3,1420.2,9424,746.3,318.0,51,1,154
2049.2,1662.1,1040,628.6,330.0,51,1,118
2605.4,1639.4,3600,777.1,330.0,51,1,128
2238.2,2450.6,2256,851.2,42.0,52,1,140
2238.6,2596.1,4496,651.0,60.0,52,1,152
1804.0,2303.6,8528,458.1,90.0,52,1,123
1540.8,2498.4,2256,620.8,96.0,52,1,142
1760.3,2751.1,4496,734.8,102.0,52,1,140
1458.2,2382.9,10640,668.9,108.0,52,1,152
1224.3,2181.2,1488,598.3,132.0,52,1,132
1244.5,1480.0,2256,539.7,228.0,52,1,147
1291.7,1403.6,3152,828.3,228.0,52,1,129
1994.9,1318.2,3152,716.6,282.0,52,1,157
2335.1,1747.9,6736,573.4,312.0,52,1,136
2322.1,1421.3,9424,744.7,318.0,52,1,150
3003.7,1897.4,3152,1164.2,354.0,52,1,103
2245.0,2456.7,2256,860.4,42.0,53,2,142
2310.1,2578.8,4496,675.5,54.0,53,1,160
2015.6,2474.8,7632,446.2,84.0,53,1,115
1547.5,2495.2,2576,567.5,114.0,53,1,127
1152.1,2384.7,2256,677.8,132.0,53,1,159
1591.9,1175.0,1552,541.0,270.0,53,1,129
1994.5,1320.0,3152,714.7,282.0,53,2,139
1865.3,1105.7,10512,696.9,288.0,53,1,162
2190.6,1722.1,7312,446.8,300.0,53,1,126
2339.9,1742.6,6736,580.6,312.0,53,1,124
2200.6,1272.6,9872,816.4,312.0,53,1,163
2645.0,1663.4,3152,874.7,336.0,53,1,133
2592.2,2413.2,4944,736.0,30.0,54,1,141
2251.8,2462.8,2256,869.5,42.0,54,3,153
2438.5,2505.4,4496,707.0,42.0,54,1,174
2172.5,2615.0,4496,637.8,66.0,54,1,141
1839.1,2602.7,7120,480.0,102.0,54,1,130
1469.6,2437.6,9424,598.2,120.0,54,1,156
1920.4,1310.7,3152,712.4,276.0,54,1,148
1994.1,1321.9,3152,712.8,282.0,54,1,141
2995.0,2248.9,6288,1049.1,6.0,55,1,138
2258.6,2468.9,2256,878.6,42.0,55,3,163
2315.1,2585.7,4496,684.0,54.0,55,1,141
2032.6,2512.2,9424,648.7,66.0,55,1,137
1892.9,2445.2,10768,811.9,78.0,55,1,175
1757.5,2764.2,4496,748.2,102.0,55,1,136
1822.4,2640.2,6544,489.2,108.0,55,1,120
1793.4,2552.7,6224,457.0,114.0,55,1,119
1287.5,1557.9,9488,582.7,216.0,55,1,152
1393.1,1285.6,3600,917.6,234.0,55,1,160
1665.8,1613.7,7632,515.8,234.0,55,1,105
2345.7,1736.2,6736,589.3,312.0,55,1,134
2655.2,1658.8,3152,885.9,336.0,55,1,152
2776.2,1753.8,3600,887.2,342.0,55,1,154
3144.4,1885.7,6288,1219.5,348.0,55,1,162
2974.6,2244.8,7184,1045.2,6.0,56,1,156
2265.4,2475.1,2256,887.8,42.0,56,2,158
1642.6,2209.7,1808,490.7,84.0,56,1,137
1758.2,2761.2,4496,745.1,102.0,56,1,143
1743.1,2610.5,3600,612.6,108.0,56,1,134
1814.0,2666.7,6608,507.5,108.0,56,1,134
1750.2,2400.9,7760,444.5,114.0,56,1,149
1139.5,2398.7,2256,696.6,132.0,56,1,201
892.1,1917.8,7632,1082.8,186.0,56,1,132
1382.0,1604.5,7632,725.5,216.0,56,1,134
1232.4,1466.5,2256,557.8,228.0,56,1,150
1605.8,1432.4,3728,676.6,240.0,56,1,118
1290.2,1015.1,1360,777.7,246.0,56,1,158
1698.6,1349.7,8528,506.9,258.0,56,1,123
1698.4,1034.6,1488,705.9,276.0,56,1,105
2346.7,1735.1,6736,590.8,312.0,56,1,134
2655.9,1658.5,3152,886.7,336.0,56,1,116
2989.6,2246.3,7184,1060.3,6.0,57,1,114
2272.2,2481.2,2256,896.9,42.0,57,1,128
1864.1,2518.4,1360,833.6,72.0,57,1,177
2031.5,2711.6,4624,671.3,78.0,57,1,154
1791.7,2533.9,6032,441.6,114.0,57,1,146
1206.7,1506.4,4048,930.7,216.0,57,1,137
1699.0,1109.9,10448,695.6,276.0,57,1,166
3170.1,1880.3,6288,1245.8,348.0,57,1,160
3215.4,2041.2,6736,1270.9,354.0,57,1,121
2495.2,2014.3,1360,934.5,18.0,58,1,142
2602.3,2430.2,4496,795.8,30.0,58,1,131
2590.0,2411.9,4944,733.5,30.0,58,1,124
2600.4,2630.5,4048,862.3,42.0,58,1,145
1866.5,2525.8,1360,841.5,72.0,58,1,150
474.2,1991.3,2704,1343.8,180.0,58,1,161
879.2,1916.4,7632,1095.8,186.0,58,1,146
1287.4,1398.8,3152,834.7,228.0,58,1,145
1021.1,1089.7,10320,947.4,228.0,58,1,127
1380.8,1268.7,3600,938.5,234.0,58,1,119
2993.8,2248.8,6288,1047.9,6.0,59,1,106
2757.4,1986.8,10768,1086.5,18.0,59,1,154
2607.3,2636.7,4048,871.6,42.0,59,1,154
2050.8,2553.3,9424,693.7,66.0,59,1,156
1891.8,2440.0,10768,806.6,78.0,59,1,112
1185.1,1490.8,4048,957.3,216.0,59,1,141
1009.5,1076.8,10320,964.7,228.0,59,1,153
1277.3,986.3,1360,809.2,246.0,59,1,157
1500.3,1154.7,9872,740.8,258.0,59,1,165
2018.5,1439.1,4944,609.4,276.0,59,1,121
2121.2,1017.0,1360,875.7,306.0,59,1,119
2663.9,1521.0,9424,980.0,336.0,59,1,141
2494.0,2013.9,1360,933.2,18.0,60,1,116
2764.0,1988.9,10768,1093.5,18.0,60,1,172
2441.7,2508.2,4496,711.3,42.0,60,1,174
2451.6,2306.1,10768,978.9,42.0,60,1,217
1868.5,2531.8,1360,847.8,72.0,60,1,108
1022.1,2374.5,1360,873.3,132.0,60,1,158
1043.3,2376.5,3152,878.6,156.0,60,1,180
457.7,1991.3,2704,1360.4,180.0,60,1,121
948.6,1831.3,4944,1028.7,192.0,60,1,132
2122.8,990.2,1808,904.1,306.0,60,1,124
2969.9,2244.3,7184,1040.5,6.0,61,1,145
2048.1,2547.1,9424,686.9,66.0,61,1,163
1868.0,2530.3,1360,846.2,72.0,61,1,147
2066.9,2717.3,6736,555.3,78.0,61,1,114
954.2,1832.5,4944,1023.0,192.0,61,1,124
1186.1,1491.5,4048,956.1,216.0,61,1,142
1207.2,1296.0,9424,839.1,228.0,61,1,132
1498.6,1146.9,9872,748.8,258.0,61,1,145
1913.1,1359.7,4496,672.7,270.0,61,1,141
1954.8,1444.2,4944,601.0,270.0,61,1,118
2007.8,1637.2,6736,539.8,276.0,61,1,136
2614.9,1791.0,6736,766.1,330.0,61,1,152
2754.5,1816.5,6736,879.1,336.0,61,1,142
3043.8,1733.3,9872,1397.1,354.0,61,1,146
2492.9,2013.5,1360,932.0,18.0,62,1,128
2740.3,2103.5,10768,1112.4,24.0,62,1,157
2605.1,2431.9,4496,799.1,30.0,62,1,131
2415.7,2544.8,3920,698.2,48.0,62,1,142
2042.8,2535.3,9424,673.9,66.0,62,1,146
1466.5,2443.1,9424,604.5,120.0,62,1,130
1196.0,2425.4,10320,780.8,126.0,62,1,136
1039.8,2378.0,3152,882.4,156.0,62,1,180
948.9,2033.9,6288,1008.2,186.0,62,1,134
1150.1,1782.4,6288,877.3,204.0,62,1,152
1913.1,1360.4,4496,671.9,270.0,62,1,141
2133.0,976.1,1808,921.6,306.0,62,1,154
2616.3,1790.2,6736,767.8,330.0,62,1,123
2991.4,2246.5,7184,1062.1,6.0,63,1,120
2772.4,1991.6,10768,1102.2,18.0,63,1,165
2863.3,2455.9,4048,989.3,24.0,63,1,147
1055.4,2371.1,3152,865.3,156.0,63,1,169
1044.4,1646.0,4048,1001.8,204.0,63,1,125
1143.3,1779.4,6288,884.7,204.0,63,2,109
1259.6,1218.9,9424,866.1,234.0,63,1,167
2132.6,976.8,1808,920.8,306.0,63,1,135
2556.8,1302.4,1360,1040.3,336.0,63,1,154
2677.8,1561.6,8528,918.8,342.0,63,1,138
3076.6,1575.0,8528,1301.0,348.0,63,1,148
2770.3,1991.0,10768,1100.0,18.0,64,1,152
2546.4,2532.8,5840,698.0,36.0,64,1,165
934.7,2442.3,10320,969.3,138.0,64,1,123
594.5,1769.8,10768,1135.8,174.0,64,1,112
1059.5,1761.0,4048,946.5,198.0,64,1,103
1136.6,1776.4,6288,892.1,204.0,64,2,120
1183.3,1489.5,4048,959.6,216.0,64,1,119
1020.6,1089.1,10320,948.1,228.0,64,1,125
2570.1,1296.5,1360,1054.8,336.0,64,2,117
2770.4,1809.4,6736,896.5,336.0,64,1,135
2237.6,2089.9,1360,728.8,30.0,65,1,107
2603.2,2632.9,4048,866.0,42.0,65,1,145
920.3,2455.3,10320,988.7,138.0,65,2,150
1028.5,1751.0,4048,979.0,198.0,65,1,128
1129.8,1773.4,6288,899.5,204.0,65,1,161
1010.1,1077.5,10320,963.8,228.0,65,1,166
2692.4,1556.9,8528,934.1,342.0,65,1,138
2918.9,1818.3,3600,1008.5,348.0,65,1,138
2756.8,2381.8,7632,862.4,24.0,66,1,162
2586.2,2608.6,7184,804.8,36.0,66,1,150
2610.6,2639.7,4048,876.0,42.0,66,1,118
2050.8,2553.2,9424,693.6,66.0,66,1,164
905.9,2468.2,10320,1008.0,138.0,66,1,143
1221.4,2544.5,3600,878.8,144.0,66,1,162
1043.9,2376.2,3152,877.9,156.0,66,1,180
593.6,1769.8,10768,1136.7,174.0,66,1,125
1242.6,1195.5,9424,895.1,234.0,66,1,137
2321.3,1081.9,1360,961.9,318.0,66,1,130
2694.0,1556.4,8528,935.8,342.0,66,1,138
2494.9,2639.6,7184,753.3,42.0,67,1,155
1841.9,2284.4,1808,616.0,66.0,67,1,137
2158.6,2666.8,5840,572.3,72.0,67,1,118
598.9,1769.3,10768,1131.4,174.0,67,1,147
1771.7,1366.9,4496,680.2,258.0,67,1,169
2596.2,1284.9,1360,1083.4,336.0,67,1,127
2758.1,1479.1,9424,1083.0,336.0,67,1,169
2593.4,2613.8,7184,813.7,36.0,68,1,170
2205.5,2810.3,4048,795.7,72.0,68,1,146
890.6,2482.0,10320,1028.6,138.0,68,1,140
1214.9,2549.2,3600,886.8,144.0,68,1,142
1032.0,2583.4,6736,1006.4,156.0,68,1,122
1016.7,1633.7,4048,1032.2,204.0,68,1,228
1113.4,1766.1,6288,917.5,204.0,68,1,153
1089.2,1758.9,7184,926.0,204.0,68,1,130
1244.2,1197.7,9424,892.3,234.0,68,1,143
1098.0,1027.0,10320,947.7,234.0,68,1,126
2556.2,1503.1,3152,877.9,324.0,68,1,190
2595.7,1285.1,1360,1082.8,336.0,68,2,127
2745.6,1433.9,10768,1044.3,348.0,68,1,137
2287.4,2118.6,1360,786.2,30.0,69,1,117
2722.2,2599.0,3984,963.4,36.0,69,1,143
2543.1,2530.4,5840,693.9,36.0,69,1,165
2507.1,2650.6,7184,769.7,42.0,69,1,130
1844.6,2290.6,1808,622.7,66.0,69,1,148
889.6,2482.9,10320,1029.9,138.0,69,2,144
1214.3,2549.7,3600,887.6,144.0,69,1,130
595.0,1769.7,10768,1135.3,174.0,69,1,112
1115.2,1766.9,6288,915.5,204.0,69,2,137
1250.5,1206.3,9424,881.7,234.0,69,1,146
2332.7,1071.6,1360,977.3,318.0,69,1,114
2565.5,1496.3,3152,889.5,324.0,69,1,134
2595.1,1285.3,1360,1082.2,336.0,69,1,127
2751.2,2465.1,5840,842.4,24.0,70,1,140
1632.4,2788.5,4048,804.6,114.0,70,1,187
1399.6,2619.7,3600,796.2,132.0,70,1,168
888.7,2483.7,10320,1031.2,138.0,70,1,144
452.3,2005.7,9872,1208.7,174.0,70,1,163
689.3,1431.1,10768,1057.9,192.0,70,1,134
1117.1,1767.7,6288,913.5,204.0,70,2,133
1074.1,1752.2,7184,942.5,204.0,70,1,125
1451.0,1206.0,9424,781.1,246.0,70,1,156
1769.3,1355.6,4496,691.8,258.0,70,1,135
2604.4,1830.4,1360,1003.4,6.0,71,1,133
2752.0,2465.4,5840,843.2,24.0,71,1,140
1707.5,2720.0,3600,727.7,108.0,71,1,162
532.5,2203.7,1360,1175.7,156.0,71,1,101
790.5,2325.1,2704,1080.4,162.0,71,1,136
1118.9,1768.5,6288,911.5,204.0,71,1,133
992.4,992.2,10768,984.6,222.0,71,1,126
1172.9,1257.9,9424,890.4,228.0,71,1,141
1769.5,1356.7,4496,690.7,258.0,71,1,135
1542.0,2701.8,3152,747.3,114.0,72,1,180
1384.5,2636.4,3600,818.7,132.0,72,1,152
1052.0,2463.5,10320,901.2,132.0,72,1,164
789.7,2325.4,2704,1081.2,162.0,72,1,136
897.1,2364.3,3600,1088.5,162.0,72,1,124
1244.9,1198.6,9424,891.2,234.0,72,1,143
1447.7,1198.7,9424,789.1,246.0,72,1,124
2126.6,1375.1,4496,691.1,288.0,72,1,177
2752.6,1432.4,10768,1051.5,348.0,72,1,138
1701.7,2737.8,3600,746.4,108.0,73,1,150
1538.1,2710.4,3152,756.7,114.0,73,1,171
359.4,1604.1,9872,1323.9,192.0,73,1,165
1060.8,1761.4,4048,945.1,198.0,73,1,113
1086.8,1757.8,7184,928.6,204.0,73,1,131
3189.7,2028.0,3600,1257.3,0.0,74,1,162
2923.3,2087.6,8976,1201.8,12.0,74,1,161
1462.3,2683.6,3152,767.3,120.0,74,1,148
1142.6,2530.1,3152,869.3,144.0,74,1,168
883.5,2368.8,3600,1102.9,162.0,74,1,165
688.0,1430.8,10768,1059.2,192.0,74,1,134
1026.8,1750.4,4048,980.8,198.0,74,1,128
1082.4,1523.4,9424,792.5,210.0,74,1,131
1295.1,1315.5,4048,993.1,228.0,74,1,153
1017.1,1171.7,9872,952.3,228.0,74,1,119
1985.2,1345.9,4496,690.2,276.0,74,1,163
2128.8,1368.4,4496,698.1,288.0,74,1,142
2732.2,1069.0,10768,1164.1,330.0,74,1,137
2939.2,2091.0,8976,1218.0,12.0,75,1,131
1696.3,2754.5,3600,764.0,108.0,75,1,158
1071.8,1751.2,7184,944.9,204.0,75,1,125
1298.0,1318.7,4048,988.8,228.0,75,1,145
2129.0,1367.8,4496,698.7,288.0,75,2,142
2558.7,1501.2,3152,881.1,324.0,75,1,190
2664.3,1520.9,9424,980.3,336.0,75,1,139
3165.4,2028.0,3600,1233.0,0.0,76,1,133
1693.9,2761.9,3600,771.7,108.0,76,1,158
1459.1,2689.1,3152,773.6,120.0,76,1,150
452.6,2005.6,9872,1208.4,174.0,76,1,163
338.7,1599.7,9872,1345.0,192.0,76,1,135
2129.2,1367.2,4496,699.3,288.0,76,1,141
2567.8,1494.6,3152,892.4,324.0,76,1,130
3134.7,2028.0,3600,1202.3,0.0,77,1,132
1459.7,2688.0,3152,772.4,120.0,77,1,150
1401.3,2617.8,3600,793.7,132.0,77,1,168
495.9,2220.0,1360,1215.7,156.0,77,1,149
878.5,2370.4,3600,1108.1,162.0,77,1,156
2203.3,1380.6,4496,713.4,294.0,77,1,134
1144.6,2528.7,3152,866.8,144.0,78,1,192
932.5,1719.8,4048,1080.0,198.0,78,1,106
2863.1,1255.8,10320,1322.4,336.0,78,1,127
3205.6,1768.6,9424,1444.8,354.0,78,1,124
3012.3,1991.3,2704,1194.3,0.0,79,1,136
1696.3,2754.5,3600,763.9,108.0,79,1,158
1387.1,2633.6,3600,815.0,132.0,79,1,143
881.3,2369.5,3600,1105.2,162.0,79,1,159
1056.4,1526.5,4944,1037.4,210.0,79,1,118
2652.9,1217.6,10320,1152.3,330.0,79,1,156
